drug_id,cutoff_month,forecast_horizon,model,top_analog,top_similarity,MASE,MAE,RMSE,MAPE,sMAPE,R2,Bias,seed
ANL_001,6,6,Analog-only,ANL_005,0.5897186560642669,1.4904745261447154,9684.805375983133,11468.669995237906,12.686320125976982,11.668026871900304,-2.9426362541586357,9679.350390993262,93400
ANL_001,6,6,Bass-only,ANL_005,0.5897186560642669,0.5672657366750434,3685.979303767097,4441.951522114387,4.983634738460383,4.895600879917402,0.4085633579319786,1881.9634167205343,93400
ANL_001,6,6,Analog + Bass (Static),ANL_005,0.5897186560642669,0.8517803604623919,5534.698426212531,6275.174969318184,7.376564968399658,7.0999297006772,-0.18035400449784067,4222.098302602954,93400
ANL_001,6,6,Analog + Bass (Adaptive),ANL_005,0.5897186560642669,0.9248210350236163,6009.302121376454,6775.440247925817,7.996510014448123,7.654582328553307,-0.37605450885782576,4884.522743980434,93400
ANL_001,9,6,Analog-only,ANL_005,0.5897186560642669,3.219021917186983,18416.42676596638,19075.030806391183,21.544809324581248,19.338923557435187,-5.477268381359359,18416.42676596638,93400
ANL_001,9,6,Bass-only,ANL_005,0.5897186560642669,1.567642397987194,8968.678114184486,10963.569073219956,9.96537664829686,10.716630799521033,-1.139761210195942,-8692.221879642348,93400
ANL_001,9,6,Analog + Bass (Static),ANL_005,0.5897186560642669,1.365234386122082,7810.6765773026955,8684.215761711694,9.104472201092129,8.618817153416886,-0.34252569412564715,7810.6765773026955,93400
ANL_001,9,6,Analog + Bass (Adaptive),ANL_005,0.5897186560642669,1.264672110563179,7235.347228545768,8153.483152866795,8.430652795304079,8.000637084004582,-0.18344410983028103,7235.347228545768,93400
ANL_001,12,6,Analog-only,ANL_005,0.5897186560642669,4.084584950223085,25162.157271087897,25645.810855991473,25.462860517615223,22.536618343641024,-7.661056452157686,25162.157271087897,93400
ANL_001,12,6,Bass-only,ANL_005,0.5897186560642669,1.1686975810095772,7199.495834722907,8706.840351687622,6.912262020172967,7.272224030380205,0.001704388125607137,-7067.408126747498,93400
ANL_001,12,6,Analog + Bass (Static),ANL_005,0.5897186560642669,2.653118535971909,16343.933759369496,17016.982436294795,16.38537895410451,15.095251269051188,-2.8133186783079163,16343.933759369496,93400
ANL_001,12,6,Analog + Bass (Adaptive),ANL_005,0.5897186560642669,3.030112688677103,18666.32055662059,19318.263430428622,18.738721865102605,17.083682029119345,-3.914441473613551,18666.32055662059,93400
ANL_001,18,6,Analog-only,ANL_005,0.5897186560642669,9.120795137512658,49407.8837772671,50458.743739946614,40.51454317655359,33.53904081096452,-142.5247709178896,49407.8837772671,93400
ANL_001,18,6,Bass-only,ANL_005,0.5897186560642669,1.112327486784891,6025.543426942389,7820.72130683085,4.864777242151861,4.677439557035782,-2.4478440563558257,6025.543426942389,93400
ANL_001,18,6,Analog + Bass (Static),ANL_005,0.5897186560642669,5.194624059411195,28139.584095951588,29859.061486188726,22.974194640796984,20.40351919411497,-49.25812717774836,28139.584095951588,93400
ANL_001,18,6,Analog + Bass (Adaptive),ANL_005,0.5897186560642669,5.6424885627760615,30565.692455649852,32224.37900001392,24.969908367987443,21.993821823860042,-57.536008934910704,30565.692455649852,93400
ANL_002,6,6,Analog-only,ANL_016,0.5521034397865032,5.912714182640526,34069.05912037471,35130.27720143223,31.803270301499214,27.276372875316056,-6.453261625825262,34069.05912037471,93400
ANL_002,6,6,Bass-only,ANL_016,0.5521034397865032,1.3919822539726172,8020.60174739022,9433.580907994748,7.1565559965968095,7.487553904731563,0.46255210039668215,-7048.675901502014,93400
ANL_002,6,6,Analog + Bass (Static),ANL_016,0.5521034397865032,3.0595488907685406,17629.12070860833,20916.443036520872,15.426665270881243,17.169449257924505,-1.6421585624357133,-16753.07021447738,93400
ANL_002,6,6,Analog + Bass (Adaptive),ANL_016,0.5521034397865032,2.9363341340229367,16919.15728024016,20085.059820435254,14.833471477521945,16.412943711865697,-1.4362927449939935,-15704.782602935105,93400
ANL_002,9,6,Analog-only,ANL_016,0.5521034397865032,6.050942022283665,42865.62965361027,43080.71358197381,32.85325695437887,28.127249692491947,-3.2083297560447352,42865.62965361027,93400
ANL_002,9,6,Bass-only,ANL_016,0.5521034397865032,1.7950328863001297,12716.237345660906,14251.596012640906,9.892232578416177,9.334756335396994,0.5394561445595687,12603.187074502615,93400
ANL_002,9,6,Analog + Bass (Static),ANL_016,0.5521034397865032,1.6764056147787183,11875.866925794287,15956.527460230247,8.063694289613329,8.56360158789067,0.4226744815239294,-9060.51896027613,93400
ANL_002,9,6,Analog + Bass (Adaptive),ANL_016,0.5521034397865032,1.615054834544575,11441.250329768087,15292.178608684928,7.836576396905786,8.267636719069342,0.4697475180313543,-7942.820245012078,93400
ANL_002,12,6,Analog-only,ANL_016,0.5521034397865032,6.4853282063653515,49995.984718161984,50938.375254277664,30.306563738823595,26.215946666550938,-6.20804762854561,49995.984718161984,93400
ANL_002,12,6,Bass-only,ANL_016,0.5521034397865032,2.4011471788388383,18510.661887775772,21311.723290792055,10.607861609524994,11.376608932917,-0.261724708919441,-18510.661887775772,93400
ANL_002,12,6,Analog + Bass (Static),ANL_016,0.5521034397865032,1.0398999510836229,8016.683259262839,8730.261367492958,4.784427914655359,4.818611313167179,0.7882702121056588,369.67646474950016,93400
ANL_002,12,6,Analog + Bass (Adaptive),ANL_016,0.5521034397865032,1.112498370026173,8576.351070747225,9008.449942529944,5.168225592438325,5.152628329749453,0.7745617471395047,2045.3092449879332,93400
ANL_002,18,6,Analog-only,ANL_016,0.5521034397865032,7.13120390750341,71775.98681160463,72705.13548842056,31.020870723944764,26.811301565842243,-11.339267236682119,71775.98681160463,93400
ANL_002,18,6,Bass-only,ANL_016,0.5521034397865032,0.5440046220130044,5475.438520832773,7901.663205148691,2.4491713571987215,2.3917211897409123,0.8542541413481108,4488.119714023177,93400
ANL_002,18,6,Analog + Bass (Static),ANL_016,0.5521034397865032,0.5281309228811077,5315.668805323226,7913.724862899916,2.3884606461658677,2.329364804231486,0.8538088481637544,4536.849030173059,93400
ANL_002,18,6,Analog + Bass (Adaptive),ANL_016,0.5521034397865032,0.49351694652112743,4967.277097143767,7609.958950828903,2.242986249824813,2.1892809960893933,0.864816457780787,3995.026490309392,93400
ANL_003,6,6,Analog-only,ANL_033,0.521336667444025,15.799302330712361,33974.819731963864,34143.594974046384,91.81258862102828,62.72669639376075,-18.223177675815638,33974.819731963864,93400
ANL_003,6,6,Bass-only,ANL_033,0.521336667444025,0.9243535564998623,1987.729887897304,2638.4590509854456,4.8121468603700706,4.981652011925284,0.8852091148673951,-1987.729887897304,93400
ANL_003,6,6,Analog + Bass (Static),ANL_033,0.521336667444025,5.204624733293634,11192.02502647463,12289.171418818132,28.118372110150997,33.1120132877947,-1.4903012831857372,-11192.02502647463,93400
ANL_003,6,6,Analog + Bass (Adaptive),ANL_033,0.521336667444025,5.3458668623952015,11495.752100894642,12578.730983443376,28.93663048461828,34.22177417033577,-1.6090376503741064,-11495.752100894642,93400
ANL_003,9,6,Analog-only,ANL_033,0.521336667444025,14.129409498622927,38492.04382662351,38520.964741970754,74.36061891214263,53.86661549217868,-12.130354794953984,38492.04382662351,93400
ANL_003,9,6,Bass-only,ANL_033,0.521336667444025,0.3788355243812895,1032.0426772957278,1317.9290247131962,2.061911811062269,2.0336526436353872,0.9846302715060488,621.3609669902932,93400
ANL_003,9,6,Analog + Bass (Static),ANL_033,0.521336667444025,5.834211401808914,15893.850411377935,17052.95755007592,28.4441442246117,33.460583151695616,-1.5732475775902337,-15893.850411377935,93400
ANL_003,9,6,Analog + Bass (Adaptive),ANL_033,0.521336667444025,6.357307092813944,17318.893847598385,18445.198402516893,31.146165999253256,37.18303007728633,-2.010570575712918,-17318.893847598385,93400
ANL_003,12,6,Analog-only,ANL_033,0.521336667444025,12.14959950434284,42578.82371749241,42676.27101710913,60.62917873581129,46.43644858843171,-17.099880932699545,42578.82371749241,93400
ANL_003,12,6,Bass-only,ANL_033,0.521336667444025,2.0574454822719024,7210.411212871076,9479.962984068821,9.173242350706824,8.541380268188048,0.1068671317770441,7210.411212871076,93400
ANL_003,12,6,Analog + Bass (Static),ANL_033,0.521336667444025,4.622703429695502,16200.474292251054,16465.261738414953,22.65612008413994,25.565275702951283,-1.694263493908803,-16200.474292251054,93400
ANL_003,12,6,Analog + Bass (Adaptive),ANL_033,0.521336667444025,5.171576773333244,18124.025873817867,18400.401767477382,25.363702284237693,29.0618719761406,-2.364785630128471,-18124.025873817867,93400
ANL_003,18,6,Analog-only,ANL_033,0.521336667444025,9.597639966854473,41905.55436351412,42173.33407450186,37.13867360723222,31.144000772939222,-8.370965427006128,41905.55436351412,93400
ANL_003,18,6,Bass-only,ANL_033,0.521336667444025,3.0529341831913257,13329.828981268196,15815.486278247565,10.894804834882377,11.71892820891278,-0.31787300680604846,-13329.828981268196,93400
ANL_003,18,6,Analog + Bass (Static),ANL_033,0.521336667444025,5.607382192782993,24483.150037735908,25157.379377442776,20.97201773343812,23.482876928008565,-2.334565567696609,-24483.150037735908,93400
ANL_003,18,6,Analog + Bass (Adaptive),ANL_033,0.521336667444025,6.784826370893622,29624.14836505588,30261.860146124847,25.438036352033816,29.196957973418453,-3.8250265012078515,-29624.14836505588,93400
ANL_004,6,6,Analog-only,ANL_020,0.5558287330442346,5.090873571003588,29378.413203547505,31815.18140828181,20.551672975829316,23.459729210847946,-21.07882872710555,-29378.413203547505,93400
ANL_004,6,6,Bass-only,ANL_020,0.5558287330442346,0.9593908002178828,5536.452429897358,7469.198354395674,3.837388436123855,3.9759218578856155,-0.2169008891478834,-5169.295187450928,93400
ANL_004,6,6,Analog + Bass (Static),ANL_020,0.5558287330442346,4.974414791349479,28706.352877919573,33245.59430636293,19.527869989815592,17.333617953757386,-23.108790582618735,28706.352877919573,93400
ANL_004,6,6,Analog + Bass (Adaptive),ANL_020,0.5558287330442346,5.3911702703288915,31111.365396013967,35482.43238657832,21.184837953587508,18.696314727650062,-26.4621155694661,31111.365396013967,93400
ANL_004,9,6,Analog-only,ANL_020,0.5558287330442346,2.6174356945053794,16490.82641376933,19797.628316927246,10.325304955686137,11.136854134936137,-1.911324000264103,-13552.234458170196,93400
ANL_004,9,6,Bass-only,ANL_020,0.5558287330442346,1.0640728592826367,6704.058040802843,8107.869455302806,4.04250050152797,4.134484934417639,0.5117101434025719,-3968.4574692297224,93400
ANL_004,9,6,Analog + Bass (Static),ANL_020,0.5558287330442346,8.847651503143409,55743.52233911715,59854.49552930043,33.91831018018832,28.543200275839435,-25.61078935565966,55743.52233911715,93400
ANL_004,9,6,Analog + Bass (Adaptive),ANL_020,0.5558287330442346,8.770424513427072,55256.963343783085,59378.5381358897,33.61986083718345,28.32503892552396,-25.189258976656447,55256.963343783085,93400
ANL_004,12,6,Analog-only,ANL_020,0.5558287330442346,1.9379898551375583,13534.392605592942,16431.644758057584,7.409082393318898,7.367955620389022,-0.826198095948752,3512.913309092119,93400
ANL_004,12,6,Bass-only,ANL_020,0.5558287330442346,3.3113009385930874,23125.22267305996,25740.738845071344,12.261381144686668,13.226562469597866,-3.4815456868944414,-23125.22267305996,93400
ANL_004,12,6,Analog + Bass (Static),ANL_020,0.5558287330442346,11.386164125299858,79517.8649336055,85261.3385982898,43.102063644021946,34.74843292216568,-48.168856116125994,79517.8649336055,93400
ANL_004,12,6,Analog + Bass (Adaptive),ANL_020,0.5558287330442346,14.148630854113701,98810.17916762443,104289.21939578645,53.59632058178359,41.546551495545884,-72.56388297322297,98810.17916762443,93400
ANL_004,18,6,Analog-only,ANL_020,0.5558287330442346,3.217817904079932,34239.28605006558,36292.81028513851,15.016101259479584,13.859523904771025,-3.839952466805096,34239.28605006558,93400
ANL_004,18,6,Bass-only,ANL_020,0.5558287330442346,1.1149682309309563,11863.852254404104,15227.1717424031,4.96360315016351,5.162630306976931,0.14800236057889637,-11863.852254404104,93400
ANL_004,18,6,Analog + Bass (Static),ANL_020,0.5558287330442346,8.678605765756219,92344.9599036398,93842.7222097146,40.319103214313884,33.44381671157651,-31.35944722389386,92344.9599036398,93400
ANL_004,18,6,Analog + Bass (Adaptive),ANL_020,0.5558287330442346,11.187360503386156,119039.4384762952,120529.03903927526,51.99413059395018,41.153320437793546,-52.38057990107703,119039.4384762952,93400
ANL_005,6,6,Analog-only,ANL_001,0.5897186560642669,4.001227160217844,19706.043764072885,20297.89443420954,16.64005284356914,15.265612426293679,-1.8008693917007692,19706.043764072885,93400
ANL_005,6,6,Bass-only,ANL_001,0.5897186560642669,1.6572973930942576,8162.189660989218,10325.713710572236,6.289020126176316,6.599664334307681,0.27517854865917224,-7236.866215327939,93400
ANL_005,6,6,Analog + Bass (Static),ANL_001,0.5897186560642669,1.329929187845528,6549.901250139225,7937.818538347437,5.142447715213883,5.321307859998326,0.5716554834351232,-5513.691400243389,93400
ANL_005,6,6,Analog + Bass (Adaptive),ANL_001,0.5897186560642669,1.6908795390288043,8327.581729716861,10012.283919461817,6.546579154220209,6.857491958110734,0.31851360287288566,-8152.691383479927,93400
ANL_005,9,6,Analog-only,ANL_001,0.5897186560642669,3.860533308240916,17513.791919498446,18316.051431560034,12.1364053697668,11.389083823011832,-1.4765872860674514,17513.791919498446,93400
ANL_005,9,6,Bass-only,ANL_001,0.5897186560642669,6.739499982388403,30574.58410760279,33143.551342689076,20.6514736373241,23.375551133003682,-7.109386749690268,-30574.58410760279,93400
ANL_005,9,6,Analog + Bass (Static),ANL_001,0.5897186560642669,4.461478064553783,20240.05292460631,21593.39673832457,13.732568795343536,14.846768930838298,-2.442166381875338,-20240.05292460631,93400
ANL_005,9,6,Analog + Bass (Adaptive),ANL_001,0.5897186560642669,4.783712660688492,21701.91044929593,22984.148361809494,14.75068699150592,16.026249987376826,-2.899839762975116,-21701.91044929593,93400
ANL_005,12,6,Analog-only,ANL_001,0.5897186560642669,4.219080851210773,23209.163762510463,24118.627305444435,14.343495838506723,13.32407721992666,-6.564036383747693,23209.163762510463,93400
ANL_005,12,6,Bass-only,ANL_001,0.5897186560642669,1.1410396101195988,6276.858895267913,7138.902608569696,3.8548949204499494,3.7820432265802943,0.3373085759872345,3319.924443213473,93400
ANL_005,12,6,Analog + Bass (Static),ANL_001,0.5897186560642669,1.0982137857361713,6041.274035334679,7115.149353935075,3.830605981896154,3.936715877266727,0.34171118276685386,-5676.76297200199,93400
ANL_005,12,6,Analog + Bass (Adaptive),ANL_001,0.5897186560642669,1.573280343441887,8654.61516927382,9595.574550257646,5.449304000418302,5.642500251598404,-0.19726532246391004,-8654.61516927382,93400
ANL_005,18,6,Analog-only,ANL_001,0.5897186560642669,3.757410956137068,24516.443416272698,28816.396551975507,12.620067309866142,11.579569385537724,-0.9185062347561121,24516.443416272698,93400
ANL_005,18,6,Bass-only,ANL_001,0.5897186560642669,2.479386898367048,16177.561972980571,21187.693837414703,7.265948824867957,7.723790679453623,-0.037173109528807036,-14828.342008063735,93400
ANL_005,18,6,Analog + Bass (Static),ANL_001,0.5897186560642669,1.7773208687844855,11596.70502395957,13083.028718738258,5.448182974106197,5.546219250212934,0.604541913718059,-5384.717620275954,93400
ANL_005,18,6,Analog + Bass (Adaptive),ANL_001,0.5897186560642669,2.0192424178792416,13175.200439764778,15612.003878032561,6.079495845785141,6.307588771736901,0.43687971511252166,-9940.484340737283,93400
ANL_006,6,6,Analog-only,ANL_008,0.38367454205660595,3.776107445248991,20760.283512489903,21929.07560670748,12.628549279774612,13.602446050687114,-1.578949808608539,-18642.861916286547,93400
ANL_006,6,6,Bass-only,ANL_008,0.38367454205660595,0.8076309379913933,4440.193370889082,4842.204915686866,2.618851792193876,2.6027138349512158,0.874255624392412,850.5084436023462,93400
ANL_006,6,6,Analog + Bass (Static),ANL_008,0.38367454205660595,4.75468999573263,26140.334658538854,26984.46087354076,15.422727806899116,14.277049432032507,-2.905078167200539,26140.334658538854,93400
ANL_006,6,6,Analog + Bass (Adaptive),ANL_008,0.38367454205660595,5.177139680328194,28462.87853450835,29279.405684473553,16.79888520208519,15.455499101807755,-3.5975531060522767,28462.87853450835,93400
ANL_006,9,6,Analog-only,ANL_008,0.38367454205660595,2.0948914053924828,12718.60944498911,14109.816453884312,6.667682168332536,6.901024634975752,0.18190587962815896,-5273.248221851405,93400
ANL_006,9,6,Bass-only,ANL_008,0.38367454205660595,1.2868289595665752,7812.660320768569,9030.951828727766,3.9414761307152024,4.027405021789482,0.6648589744647531,-5928.3877608205175,93400
ANL_006,9,6,Analog + Bass (Static),ANL_008,0.38367454205660595,10.070002417259893,61137.50217578912,65320.41068550298,30.710121038285145,26.29650076859838,-16.533085714271397,61137.50217578912,93400
ANL_006,9,6,Analog + Bass (Adaptive),ANL_008,0.38367454205660595,11.07490085685298,67238.49182716865,71331.44655580189,33.811533779411754,28.5940576705568,-19.908486918110484,67238.49182716865,93400
ANL_006,12,6,Analog-only,ANL_008,0.38367454205660595,2.3723796687093905,15652.098370628664,16940.03971374046,6.955844505743124,6.752104253336253,-1.6305685917698067,11387.015372511523,93400
ANL_006,12,6,Bass-only,ANL_008,0.38367454205660595,1.2773742409791806,8427.650742256641,9917.002504680024,3.8526614394764733,3.960250839949655,0.09846700080720461,-8427.650742256641,93400
ANL_006,12,6,Analog + Bass (Static),ANL_008,0.38367454205660595,13.5878053717371,89647.39882258621,96191.68957898296,39.88832799068662,32.683888861947544,-83.81953520673076,89647.39882258621,93400
ANL_006,12,6,Analog + Bass (Adaptive),ANL_008,0.38367454205660595,15.319656650657967,101073.52379680467,107460.31979465245,45.02377721403698,36.1736685521101,-104.85638031277131,101073.52379680467,93400
ANL_006,18,6,Analog-only,ANL_008,0.38367454205660595,4.628779361292855,35161.02487179722,37210.16440491679,13.069338798630639,12.185172032004992,-9.722791433603343,35161.02487179722,93400
ANL_006,18,6,Bass-only,ANL_008,0.38367454205660595,0.6068782515567185,4609.954294986873,6062.330941106146,1.7520914887575056,1.7515197649929422,0.7153809515271009,897.7379692087367,93400
ANL_006,18,6,Analog + Bass (Static),ANL_008,0.38367454205660595,7.813418636350796,59352.106800303525,59805.8537987511,22.204180908693342,19.95351435842846,-26.699508986836577,59352.106800303525,93400
ANL_006,18,6,Analog + Bass (Adaptive),ANL_008,0.38367454205660595,10.228754958516964,77699.4277392993,78090.09415775545,29.05869555640149,25.339820701420194,-46.225501005805384,77699.4277392993,93400
ANL_007,6,6,Analog-only,ANL_011,0.4101138819867428,1.4086203159765227,5892.2587817297945,6289.502333900018,6.332231476999943,6.360256753383569,0.8498010420541187,-527.4085231688563,93400
ANL_007,6,6,Bass-only,ANL_011,0.4101138819867428,10.055817747235702,42063.48563668694,49285.955229328174,40.76380491265463,55.14259302651671,-8.22318055944558,-42063.48563668694,93400
ANL_007,6,6,Analog + Bass (Static),ANL_011,0.4101138819867428,7.197811353166529,30108.44489029559,31923.231744826546,30.7353437838241,26.4945049824429,-2.869439455405634,30108.44489029559,93400
ANL_007,6,6,Analog + Bass (Adaptive),ANL_011,0.4101138819867428,8.748218114811136,36593.796374254984,38491.11628617021,37.49216466223404,31.42457349768107,-4.625425364032522,36593.796374254984,93400
ANL_007,9,6,Analog-only,ANL_011,0.4101138819867428,2.0948868197219617,10216.763019784006,11395.357982640957,7.925935214744477,7.626802548833332,0.45504595001692194,7679.236537387999,93400
ANL_007,9,6,Bass-only,ANL_011,0.4101138819867428,4.92522536074426,24020.32408434976,25624.104266467828,18.840255005455443,20.953633077918724,-1.7555057663722673,-24020.32408434976,93400
ANL_007,9,6,Analog + Bass (Static),ANL_011,0.4101138819867428,10.169442636752809,49596.37173944345,54797.991109834154,38.45703438018842,31.681748306792105,-11.601818307131888,49596.37173944345,93400
ANL_007,9,6,Analog + Bass (Adaptive),ANL_011,0.4101138819867428,12.886046936523078,62845.250909423055,68099.62466569948,49.04721959415754,38.804870894901725,-18.462264705976615,62845.250909423055,93400
ANL_007,12,6,Analog-only,ANL_011,0.4101138819867428,2.4799718693161434,16593.942681570556,17354.048178711575,10.918822519514745,10.314028244159463,0.15560768503670974,16593.942681570556,93400
ANL_007,12,6,Bass-only,ANL_011,0.4101138819867428,0.8041144580442922,5380.476041403094,6115.765473328537,3.3759864284417933,3.3144727630201496,0.8951316777447301,4570.535078043768,93400
ANL_007,12,6,Analog + Bass (Static),ANL_011,0.4101138819867428,10.358759585923837,69312.3438002502,74624.98955267001,43.76145102288022,35.46996145797254,-14.613894516941695,69312.3438002502,93400
ANL_007,12,6,Analog + Bass (Adaptive),ANL_011,0.4101138819867428,10.247649359991264,68568.88507667609,73877.42640995141,43.28116392913111,35.14636218009399,-14.302633971122766,68568.88507667609,93400
ANL_007,18,6,Analog-only,ANL_011,0.4101138819867428,3.278431600034269,26355.118783757836,26446.2293948885,13.2107184845936,12.381360595422606,-3.0390369271976096,26355.118783757836,93400
ANL_007,18,6,Bass-only,ANL_011,0.4101138819867428,3.781391812965498,30398.386349617114,32679.013367251264,14.83292069290994,13.704286274574482,-5.167202012352718,30398.386349617114,93400
ANL_007,18,6,Analog + Bass (Static),ANL_011,0.4101138819867428,1.7992325901562936,14463.924955055258,16220.695923054365,7.284088130168288,7.192887744352188,-0.5194599882592956,3266.1701369223156,93400
ANL_007,18,6,Analog + Bass (Adaptive),ANL_011,0.4101138819867428,2.1595432958306673,17360.441523224155,19766.863023101454,8.941425894039517,8.521449160237232,-1.256450485145816,11590.598573965632,93400
ANL_008,6,6,Analog-only,ANL_032,0.5735487789229535,12.36416063205127,48170.769822471746,48190.891166569105,28.366596164196718,33.1097050739972,-10.512820824079668,-48170.769822471746,93400
ANL_008,6,6,Bass-only,ANL_032,0.5735487789229535,2.608041245301819,10160.928691695886,12028.064681882017,5.663322641459415,5.889076716637711,0.2827949474232013,-10105.430146050936,93400
ANL_008,6,6,Analog + Bass (Static),ANL_032,0.5735487789229535,3.9593471592152056,15425.616532302442,15634.597701670553,9.1870057910599,8.763334881853828,-0.21178410677101578,15425.616532302442,93400
ANL_008,6,6,Analog + Bass (Adaptive),ANL_032,0.5735487789229535,4.044210841110565,15756.24543696676,15958.062885292406,9.380543270170726,8.940067232471193,-0.2624441521314238,15756.24543696676,93400
ANL_008,9,6,Analog-only,ANL_032,0.5735487789229535,7.970446207896499,43239.670677838505,44118.068196072796,22.2702379793092,25.245931238631265,-8.18932674501093,-43239.670677838505,93400
ANL_008,9,6,Bass-only,ANL_032,0.5735487789229535,2.016457110856992,10939.27982639918,13512.172365560273,5.397895208308859,5.618538204201762,0.13801229386099123,-10652.801442976206,93400
ANL_008,9,6,Analog + Bass (Static),ANL_032,0.5735487789229535,7.298641181327959,39595.12840870418,43116.13224756391,20.019631784243757,17.963317448901893,-7.7766809133264285,39595.12840870418,93400
ANL_008,9,6,Analog + Bass (Adaptive),ANL_032,0.5735487789229535,7.654398633536676,41525.11258693647,44967.756722566264,21.002800516308785,18.7714487833783,-8.546697556606437,41525.11258693647,93400
ANL_008,12,6,Analog-only,ANL_032,0.5735487789229535,5.7878957253898715,35115.16336594035,39683.89179033344,15.718363827341392,17.453255281211398,-5.267208050000743,-35115.16336594035,93400
ANL_008,12,6,Bass-only,ANL_032,0.5735487789229535,2.585952103678968,15688.971413020297,16575.823247836728,7.072451438046611,7.1183046892187,-0.09344215431251168,-4277.565732081217,93400
ANL_008,12,6,Analog + Bass (Static),ANL_032,0.5735487789229535,9.184045793874018,55719.60583143367,62623.66593510691,25.40891244380245,21.933773102763677,-14.607112937678245,55719.60583143367,93400
ANL_008,12,6,Analog + Bass (Adaptive),ANL_032,0.5735487789229535,8.869620205840375,53811.98578883356,60844.309995063064,24.54423085710775,21.25176530817734,-13.732808345132048,53811.98578883356,93400
ANL_008,18,6,Analog-only,ANL_032,0.5735487789229535,1.859713732689405,19811.639789265686,22608.35836643196,7.134170489137177,7.477727618609404,-0.9910273025648928,-19811.639789265686,93400
ANL_008,18,6,Bass-only,ANL_032,0.5735487789229535,1.4703617072108714,15663.849758782546,18355.632967689653,5.543537561685257,5.75526912805291,-0.3124352565763546,-15663.849758782546,93400
ANL_008,18,6,Analog + Bass (Static),ANL_032,0.5735487789229535,7.666596179371249,81672.70007508776,85028.21805848717,29.387681901302592,25.42324120964276,-27.162117980521902,81672.70007508776,93400
ANL_008,18,6,Analog + Bass (Adaptive),ANL_032,0.5735487789229535,8.973974986430802,95600.2834113289,98783.8432864977,34.41879284890517,29.163542751722893,-37.01114885092551,95600.2834113289,93400
ANL_009,6,6,Analog-only,ANL_020,0.50353696079528,3.790322891102937,46342.76186035917,47435.715560559336,23.322179078784984,26.5866671605091,-10.336624470636972,-46342.76186035917,93400
ANL_009,6,6,Bass-only,ANL_020,0.50353696079528,1.874898089252287,22923.628978052013,28772.64012621594,11.009225204800837,11.982124578344123,-3.1709239942979437,-22923.628978052013,93400
ANL_009,6,6,Analog + Bass (Static),ANL_020,0.50353696079528,0.9474908902939041,11584.592119267449,15204.492376620348,5.94278585329731,5.654139098480318,-0.16470703490020466,11584.592119267449,93400
ANL_009,6,6,Analog + Bass (Adaptive),ANL_020,0.50353696079528,0.8241422272107433,10076.457355214874,13621.469518879885,5.185492034621041,4.954192625810791,0.06519554365935243,9467.26723798704,93400
ANL_009,9,6,Analog-only,ANL_020,0.50353696079528,3.608719852609506,38795.09168549692,39863.7339162041,17.36578920127232,19.089186935785087,-1.9826128145265671,-38795.09168549692,93400
ANL_009,9,6,Bass-only,ANL_020,0.50353696079528,1.9105304935674614,20538.919254785298,25728.100380337557,8.682335856474461,9.22324893058303,-0.24238549351615424,-15572.49460749364,93400
ANL_009,9,6,Analog + Bass (Static),ANL_020,0.50353696079528,2.5070544328405204,26951.775298447912,28235.277102591386,12.448719719540295,11.63265632891695,-0.4963219174854392,26951.775298447912,93400
ANL_009,9,6,Analog + Bass (Adaptive),ANL_020,0.50353696079528,2.697295936056315,28996.942798581407,30187.561953757973,13.371339222539271,12.446493651106254,-0.7103973207625927,28996.942798581407,93400
ANL_009,12,6,Analog-only,ANL_020,0.50353696079528,3.4792431740000067,39454.93388799408,39932.314088740735,15.48642400720076,16.808719431843176,-2.806570955618102,-39454.93388799408,93400
ANL_009,12,6,Bass-only,ANL_020,0.50353696079528,1.5288888598279846,17337.738660345694,18088.47979746845,6.7251726330886035,6.944547148371847,0.21893152202108612,-14359.93825083693,93400
ANL_009,12,6,Analog + Bass (Static),ANL_020,0.50353696079528,3.643297792042298,41315.328170649846,43250.89023053526,16.217052455940976,14.918298283982104,-3.4655512155145773,41315.328170649846,93400
ANL_009,12,6,Analog + Bass (Adaptive),ANL_020,0.50353696079528,4.355787897775597,49395.030741493254,51182.358529237536,19.39857465455117,17.60014188711694,-5.25353467295964,49395.030741493254,93400
ANL_009,18,6,Analog-only,ANL_020,0.50353696079528,2.4060868450799346,29478.95142235846,33051.7460417524,9.52523339831273,10.142042680081275,-7.04028376622297,-29478.95142235846,93400
ANL_009,18,6,Bass-only,ANL_020,0.50353696079528,1.2804379216562192,15687.699456498764,17624.5442352197,5.029601107164194,4.904948347139846,-1.2862217523332857,9674.815965627553,93400
ANL_009,18,6,Analog + Bass (Static),ANL_020,0.50353696079528,3.8471814991473785,47134.988813171476,50176.865475119295,15.085150528359248,13.908197436803524,-17.53060580904207,47134.988813171476,93400
ANL_009,18,6,Analog + Bass (Adaptive),ANL_020,0.50353696079528,4.53372706679146,55546.42395284659,58300.649226985195,17.785172753688773,16.212747098198772,-24.016661052046373,55546.42395284659,93400
ANL_010,6,6,Analog-only,ANL_027,0.5022189072797455,6.575239497233774,32918.279018951165,36179.552118712585,36.1075850524246,30.08503937841653,-7.272340904840281,32918.279018951165,93400
ANL_010,6,6,Bass-only,ANL_027,0.5022189072797455,0.6501114972949185,3254.7182000572793,4628.58555643079,3.6452144707997,3.563306125676334,0.864606242046784,843.9552649749434,93400
ANL_010,6,6,Analog + Bass (Static),ANL_027,0.5022189072797455,7.6045361477387665,38071.34977003936,42996.287937326175,41.424275050834794,33.44068784893569,-10.683258239901754,38071.34977003936,93400
ANL_010,6,6,Analog + Bass (Adaptive),ANL_027,0.5022189072797455,8.150674624484349,40805.537440018445,45730.98933991319,44.493675544312275,35.51644454091543,-12.216706471945864,40805.537440018445,93400
ANL_010,9,6,Analog-only,ANL_027,0.5022189072797455,11.237277458112956,61717.937119320886,64549.57528881497,55.30879142905838,42.95880719965221,-21.20048683136571,61717.937119320886,93400
ANL_010,9,6,Bass-only,ANL_027,0.5022189072797455,1.863746575328028,10236.162128345362,11572.317001810366,9.14133247201299,8.665362405599263,0.28646322108943956,9371.184918106708,93400
ANL_010,9,6,Analog + Bass (Static),ANL_027,0.5022189072797455,10.574153168311577,58075.89273865926,63141.88018033571,51.288726392859274,40.06757495686344,-20.242750067551558,58075.89273865926,93400
ANL_010,9,6,Analog + Bass (Adaptive),ANL_027,0.5022189072797455,11.110425036519135,61021.23190682222,66109.17724559986,53.94543194025384,41.730139520316094,-22.28623223310248,61021.23190682222,93400
ANL_010,12,6,Analog-only,ANL_027,0.5022189072797455,12.316524355170131,88129.21049737143,88969.32350244929,62.95433994282595,47.81936309112777,-15.357018353268646,88129.21049737143,93400
ANL_010,12,6,Bass-only,ANL_027,0.5022189072797455,1.2798038043170576,9157.461603090116,12957.054666821512,5.706655565582355,6.027268953290143,0.6530745610098789,-8482.564307929979,93400
ANL_010,12,6,Analog + Bass (Static),ANL_027,0.5022189072797455,6.1630232042619015,44098.67212584091,44409.76363092681,31.701630190909103,27.31937799957197,-3.0754961541618906,44098.67212584091,93400
ANL_010,12,6,Analog + Bass (Adaptive),ANL_027,0.5022189072797455,7.629110344042523,54589.05873356754,54962.26102052354,39.17719900010418,32.714484272836856,-5.24241654403447,54589.05873356754,93400
ANL_010,18,6,Analog-only,ANL_027,0.5022189072797455,13.548654446863798,113555.25781753223,113910.58507710135,54.10221037110231,42.46210114246565,-30.999763711926157,113555.25781753223,93400
ANL_010,18,6,Bass-only,ANL_027,0.5022189072797455,2.3826267495409543,19969.495560476134,25792.600160944265,9.09363734552553,8.492852466138205,-0.640623235010467,19969.495560476134,93400
ANL_010,18,6,Analog + Bass (Static),ANL_027,0.5022189072797455,1.7353849022638173,14544.771273197248,16755.882756238825,7.010867371682387,6.975069717208409,0.30760610146362277,-1763.5779986649868,93400
ANL_010,18,6,Analog + Bass (Adaptive),ANL_027,0.5022189072797455,2.2148388681175804,18563.215976889947,23111.970484281806,9.501778795194086,8.817437365298181,-0.31732385029910337,16294.118746250766,93400
ANL_011,6,6,Analog-only,ANL_027,0.5748776812009455,7.1871608529991375,98764.52700974354,105372.88772841846,48.40090049753727,64.09059221122718,-2.4305238704346737,-98764.52700974354,93400
ANL_011,6,6,Bass-only,ANL_027,0.5748776812009455,3.6115798155418446,49629.60750921292,65159.78730283183,21.120388711949765,24.919033169054376,-0.3117829976914699,-49629.60750921292,93400
ANL_011,6,6,Analog + Bass (Static),ANL_027,0.5748776812009455,5.579357702525345,76670.41767656279,84678.26450855024,36.44726166463435,45.07066321386648,-1.215371572942487,-76670.41767656279,93400
ANL_011,6,6,Analog + Bass (Adaptive),ANL_027,0.5748776812009455,5.948281127025025,81740.08959135249,89643.11683937155,39.07824404999884,49.05153475072655,-1.4827705097339439,-81740.08959135249,93400
ANL_011,9,6,Analog-only,ANL_027,0.5748776812009455,8.128677105751313,161527.991022299,167053.90448406045,53.11818053130649,72.48749658224722,-5.603478671051367,-161527.991022299,93400
ANL_011,9,6,Bass-only,ANL_027,0.5748776812009455,5.130952685231605,101959.0849154942,124281.60514317744,30.899406705588945,25.922947106575183,-2.654880867062972,101959.0849154942,93400
ANL_011,9,6,Analog + Bass (Static),ANL_027,0.5748776812009455,3.6385133515521595,72302.2632511998,75473.36817232157,23.732339192102668,27.02481450643334,-0.34786681728539337,-72302.2632511998,93400
ANL_011,9,6,Analog + Bass (Adaptive),ANL_027,0.5748776812009455,4.502513044453945,89471.12514873601,92733.89113466283,29.468802756120027,34.65295206937892,-1.0348691356645614,-89471.12514873601,93400
ANL_011,12,6,Analog-only,ANL_027,0.5748776812009455,8.788744573530545,212134.7267480862,213489.87770353333,53.47706952495258,73.147928944948,-19.239492120747855,-212134.7267480862,93400
ANL_011,12,6,Bass-only,ANL_027,0.5748776812009455,0.6106778268385988,14739.986222569336,16392.128805821485,3.792316976599853,3.7104285090419062,0.8806793118251507,10885.34500370521,93400
ANL_011,12,6,Analog + Bass (Static),ANL_027,0.5748776812009455,2.7466948723605173,66297.22383369965,69255.56573084796,16.84997962168313,18.559296414466733,-1.1298763734875061,-66297.22383369965,93400
ANL_011,12,6,Analog + Bass (Adaptive),ANL_027,0.5748776812009455,3.6255743064270716,87510.81663189444,89593.7065911437,22.16904969489578,25.085063025878178,-2.5645116780059,-87510.81663189444,93400
ANL_011,18,6,Analog-only,ANL_027,0.5748776812009455,8.472867508996265,205634.00242348373,206129.55674503237,42.43664023920644,53.999595388943334,-359.37505089365976,-205634.00242348373,93400
ANL_011,18,6,Bass-only,ANL_027,0.5748776812009455,4.818362912353565,116940.25071725855,133498.80747807765,23.85486679353527,28.30651078381757,-150.15723895478905,-116940.25071725855,93400
ANL_011,18,6,Analog + Bass (Static),ANL_027,0.5748776812009455,3.4499743628748334,83729.86308863018,93559.9680896828,17.12402038868237,15.496236895389224,-73.24279409839286,83729.86308863018,93400
ANL_011,18,6,Analog + Bass (Adaptive),ANL_027,0.5748776812009455,2.547762614230569,61833.44930543055,73376.88219614593,12.61767841237976,11.600923360136047,-44.66597000178917,61633.02293273751,93400
ANL_012,6,6,Analog-only,ANL_019,0.5553278601634728,1.9050754410654354,13148.06866405721,13708.716309599633,13.223255844284518,12.244739246803338,0.7406485800880904,13148.06866405721,93400
ANL_012,6,6,Bass-only,ANL_019,0.5553278601634728,1.341987885961996,9261.863593755312,12865.188827636275,7.4369096699995545,7.015824170267796,0.7715835478978247,9261.863593755312,93400
ANL_012,6,6,Analog + Bass (Static),ANL_019,0.5553278601634728,2.9209867583769498,20159.48221161436,22278.22701229856,17.279615051345996,19.07585207795289,0.3150540504699233,-20159.48221161436,93400
ANL_012,6,6,Analog + Bass (Adaptive),ANL_019,0.5553278601634728,3.1068763073155643,21442.4175225691,23542.25957190299,18.462339822307438,20.500585372612623,0.23512346218018643,-21442.4175225691,93400
ANL_012,9,6,Analog-only,ANL_019,0.5553278601634728,0.8828256920721596,7723.069507458761,8823.423008696433,5.188465323989636,5.011914424462372,0.9152138091348477,7723.069507458761,93400
ANL_012,9,6,Bass-only,ANL_019,0.5553278601634728,1.6518430849792376,14450.529787783993,16925.64845755386,8.366386638016888,8.8196939820533,0.688009366235245,-14450.529787783993,93400
ANL_012,9,6,Analog + Bass (Static),ANL_019,0.5553278601634728,2.6825112617286457,23466.94383150991,23921.277938142914,14.588558803234752,15.758218407836713,0.3768111453152869,-23466.94383150991,93400
ANL_012,9,6,Analog + Bass (Adaptive),ANL_019,0.5553278601634728,3.0797821916176527,26942.319585045178,27438.18931063976,16.739895780400683,18.290456033880385,0.18009823772488642,-26942.319585045178,93400
ANL_012,12,6,Analog-only,ANL_019,0.5553278601634728,1.2193935407766596,13592.80150695393,19408.644370295613,5.230215995651274,5.440042589147658,0.8196854253256779,-8779.021021788363,93400
ANL_012,12,6,Bass-only,ANL_019,0.5553278601634728,2.640378322752805,29432.777232511475,40831.81552787892,11.044265316457686,12.220662983451735,0.20193583894440525,-29432.777232511475,93400
ANL_012,12,6,Analog + Bass (Static),ANL_019,0.5553278601634728,1.991085964351134,22194.997260251974,24359.92482681223,9.365614299049325,9.864116921683332,0.7159516214666028,-22194.997260251974,93400
ANL_012,12,6,Analog + Bass (Adaptive),ANL_019,0.5553278601634728,2.823458376088579,31473.60387432777,33487.55498095534,13.443170826357473,14.4492201296829,0.463206428391307,-31473.60387432777,93400
ANL_012,18,6,Analog-only,ANL_019,0.5553278601634728,3.0761674499665648,48626.42648983324,50006.255943815864,13.49582658868232,14.50995843706609,-2.2224106598756146,-48626.42648983324,93400
ANL_012,18,6,Bass-only,ANL_019,0.5553278601634728,1.7247931577689988,27264.617112222924,30724.005712550217,7.4578774889069335,7.133425799167753,-0.21643212548745194,27264.617112222924,93400
ANL_012,18,6,Analog + Bass (Static),ANL_019,0.5553278601634728,5.139342244514744,81240.00137304197,83720.25088339271,22.411700738484306,25.352506801478043,-8.03219383175533,-81240.00137304197,93400
ANL_012,18,6,Analog + Bass (Adaptive),ANL_019,0.5553278601634728,6.329114710373613,100047.29463379823,102172.5115819706,27.691599654404804,32.24882027576596,-12.452417746566049,-100047.29463379823,93400
ANL_013,6,6,Analog-only,ANL_011,0.5570078505254139,0.7885583240901595,6264.938173231499,7527.660648187299,6.32531070762871,6.023481848088466,0.9422902267599879,6264.938173231499,93400
ANL_013,6,6,Bass-only,ANL_011,0.5570078505254139,1.3759898174792262,10931.963901908957,14420.183947457646,8.589298866928337,8.099221038829251,0.7882268466347526,10931.963901908957,93400
ANL_013,6,6,Analog + Bass (Static),ANL_011,0.5570078505254139,1.697542316316262,13486.634194669437,16737.68021845223,10.337808893878186,11.073021882710021,0.7146881334128513,-12690.9960956735,93400
ANL_013,6,6,Analog + Bass (Adaptive),ANL_011,0.5570078505254139,1.684426051956473,13382.428097583788,16617.30270874797,10.262263910741202,10.984202217468324,0.7187773054284514,-12555.040704109137,93400
ANL_013,9,6,Analog-only,ANL_011,0.5570078505254139,1.1015717050515292,10600.69991063713,13829.340230144217,5.7217014414156795,5.512603909771263,0.8564865514625399,6512.223058282691,93400
ANL_013,9,6,Bass-only,ANL_011,0.5570078505254139,1.3990764298547673,13463.662253599889,18984.565816209055,7.144096548872379,7.5597309100365235,0.7295474902054566,-13463.662253599889,93400
ANL_013,9,6,Analog + Bass (Static),ANL_011,0.5570078505254139,2.37830805819757,22887.053021049764,28859.665886318973,12.084664311628469,11.115270994007357,0.3750111412223084,21628.059478305917,93400
ANL_013,9,6,Analog + Bass (Adaptive),ANL_011,0.5570078505254139,2.1364117321931806,20559.224201828023,26185.347651720756,10.88170712573569,10.095171110476937,0.4854751363514527,18678.973970868483,93400
ANL_013,12,6,Analog-only,ANL_011,0.5570078505254139,1.1221079590001124,14073.274002150501,16037.070943809198,6.554597786977374,6.318469659362812,0.855595629197257,7621.364143313011,93400
ANL_013,12,6,Bass-only,ANL_011,0.5570078505254139,1.4139888331955366,17733.990857059656,21655.350217883642,7.17896165852857,7.4023566707890005,0.736694057262911,-10270.975980019959,93400
ANL_013,12,6,Analog + Bass (Static),ANL_011,0.5570078505254139,1.7052342833852223,21386.73833962048,26867.58708957953,8.258621549539031,8.745919771512407,0.5946897673089896,-17962.794920563883,93400
ANL_013,12,6,Analog + Bass (Adaptive),ANL_011,0.5570078505254139,1.6765005766808205,21026.365414444183,26247.54435711419,8.16025897497686,8.616412229448239,0.6131811812150814,-17114.852269008337,93400
ANL_013,18,6,Analog-only,ANL_011,0.5570078505254139,1.0039578275969876,16135.433036110384,21121.981305685335,4.346789200143681,4.508398326604155,0.4889167580306826,-14423.431640083823,93400
ANL_013,18,6,Bass-only,ANL_011,0.5570078505254139,2.1192968603696385,34060.96514629723,42082.74496742991,9.185889612155613,9.84738713310016,-1.0287589722856691,-32397.516366655927,93400
ANL_013,18,6,Analog + Bass (Static),ANL_011,0.5570078505254139,4.499661100853469,72317.75915507563,81840.73679758157,19.78806021257308,22.564618482519503,-6.6729327954501345,-72317.75915507563,93400
ANL_013,18,6,Analog + Bass (Adaptive),ANL_011,0.5570078505254139,4.732972670688991,76067.50153284216,85114.01873514173,20.863982339469363,23.892275420333053,-7.2989763392877,-76067.50153284216,93400
ANL_014,6,6,Analog-only,ANL_001,0.4865164227083104,15.297349045653972,15532.928220957043,16027.212434344787,37.41427562801156,31.305408279983144,-21.579878769120736,15532.928220957043,93400
ANL_014,6,6,Bass-only,ANL_001,0.4865164227083104,3.440931645836177,3493.921993182054,4048.44931243494,8.135848480435355,8.573477978617088,-0.44073143314329966,-3493.921993182054,93400
ANL_014,6,6,Analog + Bass (Static),ANL_001,0.4865164227083104,8.242812799774972,8369.752116891506,9051.787231599443,19.935731538861802,17.925221450293314,-6.2023511770993425,8369.752116891506,93400
ANL_014,6,6,Analog + Bass (Adaptive),ANL_001,0.4865164227083104,8.350692420449873,8479.2930837248,9157.580496378661,20.199508545407184,18.142926667729036,-6.371690767567544,8479.2930837248,93400
ANL_014,9,6,Analog-only,ANL_001,0.4865164227083104,18.295333505686656,23020.103383530233,23805.6569793147,49.49163035533669,39.31161415320485,-57.41641333905385,23020.103383530233,93400
ANL_014,9,6,Bass-only,ANL_001,0.4865164227083104,1.1925481123323682,1500.5236623422024,2066.2651541434298,3.1720802660271366,3.2636442025962733,0.5599047825112384,-1009.0174774269786,93400
ANL_014,9,6,Analog + Bass (Static),ANL_001,0.4865164227083104,5.27512048073432,6637.420344883958,7031.372643839004,14.349055196698544,13.28789105102347,-4.096297538574502,6637.420344883958,93400
ANL_014,9,6,Analog + Bass (Adaptive),ANL_001,0.4865164227083104,4.838984483644068,6088.652226545149,6506.2572298723935,13.165181580046065,12.251924213223297,-3.3635203381946033,6088.652226545149,93400
ANL_014,12,6,Analog-only,ANL_001,0.4865164227083104,18.403698280338382,33700.51767825964,34367.36477338783,65.42313413357101,49.06769779603078,-102.68857057754009,33700.51767825964,93400
ANL_014,12,6,Bass-only,ANL_001,0.4865164227083104,0.8142066535216299,1490.960420171472,1827.411019220644,2.972071046016933,2.911446597365236,0.7068358228142904,1211.1257818903239,93400
ANL_014,12,6,Analog + Bass (Static),ANL_001,0.4865164227083104,5.884418125032234,10775.439481138572,11067.632460203158,20.957113858011155,18.89428656609796,-9.753451465126131,10775.439481138572,93400
ANL_014,12,6,Analog + Bass (Adaptive),ANL_001,0.4865164227083104,5.8134799133342545,10645.5387176629,10939.071669235329,20.70357955479357,18.68638415634806,-9.50507984925646,10645.5387176629,93400
ANL_014,18,6,Analog-only,ANL_001,0.4865164227083104,24.8137077179014,52124.84213611629,52475.15952528197,80.73470273481664,57.40041898523468,-155.46176210324367,52124.84213611629,93400
ANL_014,18,6,Bass-only,ANL_001,0.4865164227083104,1.048986154403456,2203.5496799942243,2610.109973256326,3.356078371104634,3.418922801036142,0.6129043470886156,-1374.915024595134,93400
ANL_014,18,6,Analog + Bass (Static),ANL_001,0.4865164227083104,10.807355630739625,22702.439819373103,23604.376617029426,34.896788197917815,29.474858386005803,-30.658166053772756,22702.439819373103,93400
ANL_014,18,6,Analog + Bass (Adaptive),ANL_001,0.4865164227083104,13.707418973817926,28794.449351412466,29656.064719686892,44.311035915455136,36.03263824826954,-48.97211418022892,28794.449351412466,93400
ANL_015,6,6,Analog-only,ANL_025,0.5031683971998204,4.916948365633309,17968.496107370363,18560.041792385626,17.873372025048365,19.80010068945904,-18.1314849421385,-17968.496107370363,93400
ANL_015,6,6,Bass-only,ANL_025,0.5031683971998204,6.978668626821886,25502.8466298579,27726.96803194245,24.754919440831983,28.955719150314867,-41.69682132609563,-25502.8466298579,93400
ANL_015,6,6,Analog + Bass (Static),ANL_025,0.5031683971998204,1.5802703741103672,5774.940055148926,7364.350764029428,5.585891274096793,5.352256331818152,-2.0120329064355236,5280.507607170475,93400
ANL_015,6,6,Analog + Bass (Adaptive),ANL_025,0.5031683971998204,1.8889520083281632,6902.98621923444,8657.120484873756,6.669326257372761,6.342539392224798,-3.1623414542019503,6881.0081810353395,93400
ANL_015,9,6,Analog-only,ANL_025,0.5031683971998204,2.588441277515168,12398.633719297655,12484.03858097577,11.216215268362657,11.9071357996679,-1.2545345659348008,-12398.633719297655,93400
ANL_015,9,6,Bass-only,ANL_025,0.5031683971998204,1.50900494583136,7228.133690532214,7727.6853970064,6.501281992216716,6.271315809965062,0.13613563354508262,7228.133690532214,93400
ANL_015,9,6,Analog + Bass (Static),ANL_025,0.5031683971998204,2.2101050523583274,10586.403200796389,11059.44604163919,9.455352856113214,8.999454138730433,-0.769348743649199,10586.403200796389,93400
ANL_015,9,6,Analog + Bass (Adaptive),ANL_025,0.5031683971998204,2.4296251387267103,11637.904414500941,12082.764572756781,10.395454148034428,9.85265843310147,-1.1119290350015052,11637.904414500941,93400
ANL_015,12,6,Analog-only,ANL_025,0.5031683971998204,2.0580958023790257,9163.578010283412,9919.246169382965,7.344481902757661,7.675316538362748,-0.8694363833059671,-9163.578010283412,93400
ANL_015,12,6,Bass-only,ANL_025,0.5031683971998204,2.7520497821563548,12253.376561879253,13566.744389938876,9.564730942742838,10.134330290219408,-2.497072524051119,-12253.376561879253,93400
ANL_015,12,6,Analog + Bass (Static),ANL_025,0.5031683971998204,3.633109998547609,16176.257127169658,17309.411800569636,12.785816312099202,11.929608003985956,-4.6926957622409216,16176.257127169658,93400
ANL_015,12,6,Analog + Bass (Adaptive),ANL_025,0.5031683971998204,4.513414970784685,20095.775002192862,21107.257900714005,15.912191048232938,14.650589731957522,-7.4648055701239855,20095.775002192862,93400
ANL_015,18,6,Analog-only,ANL_025,0.5031683971998204,1.022982724605234,5132.906083888345,5761.504731511361,3.320076065998603,3.320130138437732,0.7064861024496408,-766.5950795196695,93400
ANL_015,18,6,Bass-only,ANL_025,0.5031683971998204,0.8490773071695981,4260.3203073093855,5465.914997459256,2.797089794264156,2.789348151081075,0.73583056293497,114.21522237066044,93400
ANL_015,18,6,Analog + Bass (Static),ANL_025,0.5031683971998204,5.58377075692384,28017.062458520395,28871.164090578943,18.56544801867301,16.911335538839612,-6.3703042104687775,28017.062458520395,93400
ANL_015,18,6,Analog + Bass (Adaptive),ANL_025,0.5031683971998204,5.880860173956954,29507.73482225613,30337.081412950753,19.551879892209797,17.73336002353011,-7.137751386694887,29507.73482225613,93400
ANL_016,6,6,Analog-only,ANL_002,0.5521034397865032,1.0046213066613356,8312.437615577224,10015.104148516852,4.936414114341228,5.030192560317691,0.7272433154459947,-3053.2155528414246,93400
ANL_016,6,6,Bass-only,ANL_002,0.5521034397865032,2.062236950776011,17063.36097811087,21535.674296048834,9.360774618492899,10.027053123955938,-0.2611925934969703,-14222.03370401939,93400
ANL_016,6,6,Analog + Bass (Static),ANL_002,0.5521034397865032,2.383464498954346,19721.26195724805,25287.113095752593,10.742924786900987,11.708441778698571,-0.7388533836714049,-17879.106359122245,93400
ANL_016,6,6,Analog + Bass (Adaptive),ANL_002,0.5521034397865032,2.4018416055057257,19873.317812275476,25602.013582480195,10.808312635058652,11.803486910383223,-0.7824309319521077,-18318.524988112986,93400
ANL_016,9,6,Analog-only,ANL_002,0.5521034397865032,0.8356342788379513,7270.749405884159,9274.410638464442,3.691620584856802,3.7843319748388935,0.8416260856442626,-3619.9821147274,93400
ANL_016,9,6,Bass-only,ANL_002,0.5521034397865032,2.157777429812896,18774.551694623282,21325.56962776317,8.730883858610305,9.190890452221556,0.16263984861860525,-16611.471132781357,93400
ANL_016,9,6,Analog + Bass (Static),ANL_002,0.5521034397865032,0.9276097088811458,8071.016125761239,9778.691835614018,4.130734980328244,4.028757469237625,0.8239352035839079,3714.52900221955,93400
ANL_016,9,6,Analog + Bass (Adaptive),ANL_002,0.5521034397865032,1.0611182952493232,9232.657647177455,11400.65922495077,4.722999478500026,4.550587914341904,0.7606844395236382,7023.261273491725,93400
ANL_016,12,6,Analog-only,ANL_002,0.5521034397865032,0.5646475359992588,6364.1937098418275,8081.584059963233,2.6538254951877183,2.6353941635952753,0.84669651165399,234.80802967240743,93400
ANL_016,12,6,Bass-only,ANL_002,0.5521034397865032,1.0149071500752609,11439.110752784638,13363.977300717976,4.628135231737175,4.777431082000213,0.5807910881904575,-11439.110752784638,93400
ANL_016,12,6,Analog + Bass (Static),ANL_002,0.5521034397865032,1.4656242180028536,16519.183799675437,19218.75782008813,6.6515099519153535,6.378898593589486,0.13301880763388496,15488.028043372833,93400
ANL_016,12,6,Analog + Bass (Adaptive),ANL_002,0.5521034397865032,1.894012691016101,21347.589223414387,24442.365716752618,8.626367645799213,8.180539202784217,-0.40231482001776686,21347.589223414387,93400
ANL_016,18,6,Analog-only,ANL_002,0.5521034397865032,1.5674996434174628,19248.2501801368,22998.5016606349,6.3463971064667115,6.065818713292251,0.308714660590947,18403.716100287682,93400
ANL_016,18,6,Bass-only,ANL_002,0.5521034397865032,1.3259082923451004,16281.607867759807,20244.775643965342,5.379268815844818,5.176716604369652,0.46434619137690847,12586.542535869832,93400
ANL_016,18,6,Analog + Bass (Static),ANL_002,0.5521034397865032,2.44212768071093,29988.322337144044,34276.68418912355,9.803100593522712,9.204375666522902,-0.5355213772141902,29988.322337144044,93400
ANL_016,18,6,Analog + Bass (Adaptive),ANL_002,0.5521034397865032,2.6237915741287465,32219.080145535187,36273.46632949576,10.518858050759516,9.852212426973034,-0.7196354092623412,32219.080145535187,93400
ANL_017,6,6,Analog-only,ANL_001,0.46899283634813504,6.00955446737621,26565.836478483277,27495.830000828053,44.89883347416971,35.378677716628246,-1.9269845103916352,26565.836478483277,93400
ANL_017,6,6,Bass-only,ANL_001,0.46899283634813504,4.8581717740054735,21476.0341441686,26975.626231886283,28.05206674895746,34.974569697073946,-1.8172787994205133,-21476.0341441686,93400
ANL_017,6,6,Analog + Bass (Static),ANL_001,0.46899283634813504,5.9917649653397484,26487.196205780896,29050.190782533413,37.53059465324655,46.944605860999445,-2.267267809394178,-26487.196205780896,93400
ANL_017,6,6,Analog + Bass (Adaptive),ANL_001,0.46899283634813504,6.180863192295362,27323.12382786088,29848.750896381636,38.82627300303681,48.91065705676094,-2.4493644198145605,-27323.12382786088,93400
ANL_017,9,6,Analog-only,ANL_001,0.46899283634813504,2.7915318795619553,16336.393500681506,18682.19225904586,19.36904694906432,17.01389737000039,0.13091523647259584,16336.393500681506,93400
ANL_017,9,6,Bass-only,ANL_001,0.46899283634813504,1.7873969892851864,10460.070605920571,13045.425162622567,9.994718784778149,9.336948711198854,0.5762370947884383,10460.070605920571,93400
ANL_017,9,6,Analog + Bass (Static),ANL_001,0.46899283634813504,8.00021699352148,46818.26987321189,50277.84361671467,46.40562265211481,61.34559298303577,-5.294478399213388,-46818.26987321189,93400
ANL_017,9,6,Analog + Bass (Adaptive),ANL_001,0.46899283634813504,8.125926504615633,47553.93764582376,50972.563824102304,47.19164641775096,62.67218664651203,-5.46962962168835,-47553.93764582376,93400
ANL_017,12,6,Analog-only,ANL_001,0.46899283634813504,1.5198530065490392,10341.079856559663,13031.52330313185,8.407927495050128,8.035395822770921,0.7334762987171024,835.5818650909156,93400
ANL_017,12,6,Bass-only,ANL_001,0.46899283634813504,1.0922952364218685,7431.976788614394,8672.630082616388,5.4518855584525925,5.5174617629867315,0.8819551319321749,-4418.698089592865,93400
ANL_017,12,6,Analog + Bass (Static),ANL_001,0.46899283634813504,8.817885099306304,59996.89021568009,63324.22976985215,42.98271368809012,55.33094543728087,-5.293399451580344,-59996.89021568009,93400
ANL_017,12,6,Analog + Bass (Adaptive),ANL_001,0.46899283634813504,10.096085465549459,68693.76550759852,71782.93714270674,49.57504008975505,66.43209941543489,-7.087008780133228,-68693.76550759852,93400
ANL_017,18,6,Analog-only,ANL_001,0.46899283634813504,3.039838462033284,27839.913519463884,29329.699929061266,12.670590130231632,13.608728815567975,-0.9710376845578301,-27839.913519463884,93400
ANL_017,18,6,Bass-only,ANL_001,0.46899283634813504,0.9034250791035935,8273.88573034098,9600.589568337813,3.720563497762682,3.795625134280791,0.7888089567183989,-6534.886564051606,93400
ANL_017,18,6,Analog + Bass (Static),ANL_001,0.46899283634813504,7.447947029905362,68210.92758706033,68792.8995610062,31.563655011579257,37.5009824758856,-9.843435940295333,-68210.92758706033,93400
ANL_017,18,6,Analog + Bass (Adaptive),ANL_001,0.46899283634813504,8.987332172500519,82309.16003535004,82916.82565807496,38.11931956266895,47.11635813022326,-14.753063480232944,-82309.16003535004,93400
ANL_018,6,6,Analog-only,ANL_024,0.5301720814768669,3.6205785595242586,14300.561194408918,17419.37078705522,20.887383900121304,18.154875207420687,-37.58578628858808,14300.561194408918,93400
ANL_018,6,6,Bass-only,ANL_024,0.5301720814768669,0.43280530238761533,1709.4943833706031,2165.0550238030587,2.4540763552776332,2.4989081938220132,0.4039258285356754,-1222.3067005178284,93400
ANL_018,6,6,Analog + Bass (Static),ANL_024,0.5301720814768669,5.27019590931157,20816.21980259884,23263.29254156905,30.483422850144493,25.734601733842617,-67.81843490863497,20816.21980259884,93400
ANL_018,6,6,Analog + Bass (Adaptive),ANL_024,0.5301720814768669,5.5230141644212605,21814.801346631095,24216.230979006294,31.952455055138195,26.831480533395464,-73.5719548702191,21814.801346631095,93400
ANL_018,9,6,Analog-only,ANL_024,0.5301720814768669,8.200803927005904,29115.929242343587,30415.39035807708,38.076887066699264,31.669717183323105,-21.040523137063758,29115.929242343587,93400
ANL_018,9,6,Bass-only,ANL_024,0.5301720814768669,1.3783956186719588,4893.821344642456,5486.915244836699,6.354156847458594,6.4401492918228875,0.28271522501698465,-1932.7657420366813,93400
ANL_018,9,6,Analog + Bass (Static),ANL_024,0.5301720814768669,9.216315275569107,32721.375346498666,34299.558409383964,42.81068326671672,34.85905368745294,-27.02929449137678,32721.375346498666,93400
ANL_018,9,6,Analog + Bass (Adaptive),ANL_024,0.5301720814768669,10.742924317346507,38141.409923199106,39695.298485796506,49.9434190345333,39.555703239962966,-36.54164104959572,38141.409923199106,93400
ANL_018,12,6,Analog-only,ANL_024,0.5301720814768669,13.988755538198395,43646.18898422792,44850.35134903464,48.811440176187276,39.026856594178014,-35.478081981760674,43646.18898422792,93400
ANL_018,12,6,Bass-only,ANL_024,0.5301720814768669,7.923377665840525,24721.65862448297,26971.579246331163,27.038982391610627,32.00808980935709,-12.192073068495358,-24721.65862448297,93400
ANL_018,12,6,Analog + Bass (Static),ANL_024,0.5301720814768669,11.49148381456167,35854.47418177919,37278.68079120122,39.88270452978689,33.016079345662355,-24.201208438117177,35854.47418177919,93400
ANL_018,12,6,Analog + Bass (Adaptive),ANL_024,0.5301720814768669,13.154770302342486,41044.07923151786,42461.6451195956,45.70652389046183,36.96612385931934,-31.69594758818217,41044.07923151786,93400
ANL_018,18,6,Analog-only,ANL_024,0.5301720814768669,21.26650885496135,87875.71653091854,88962.67160148887,82.52240126122003,58.2173291046365,-263.0575171611752,87875.71653091854,93400
ANL_018,18,6,Bass-only,ANL_024,0.5301720814768669,1.2754245301663993,5270.204208592288,6668.988959383171,4.936086651994751,4.74859271216914,-0.48389406976421223,5270.204208592288,93400
ANL_018,18,6,Analog + Bass (Static),ANL_024,0.5301720814768669,12.808396932498608,52925.8029953116,54331.6739221084,49.56814171127335,39.459414642090856,-97.48930514630402,52925.8029953116,93400
ANL_018,18,6,Analog + Bass (Adaptive),ANL_024,0.5301720814768669,16.058570651428273,66355.90317530767,67742.58856068608,62.192626923570025,47.172991552380886,-152.1110299321414,66355.90317530767,93400
ANL_019,6,6,Analog-only,ANL_012,0.5553278601634728,1.4327569007056644,6449.125361456337,7310.167473714634,6.553676135766275,6.355777336689792,0.5332184624544054,4881.124779912284,93400
ANL_019,6,6,Bass-only,ANL_012,0.5553278601634728,0.9450769702476942,4253.980458478921,5201.060548623476,4.418221009933643,4.279480280324797,0.7637113634419708,3556.235437094309,93400
ANL_019,6,6,Analog + Bass (Static),ANL_012,0.5553278601634728,1.5989237008891213,7197.075362442112,8690.715863333004,7.290703021740113,6.923365245653666,0.3402640966410956,7197.075362442112,93400
ANL_019,6,6,Analog + Bass (Adaptive),ANL_012,0.5553278601634728,1.550421585648851,6978.757641322608,8496.928763842061,7.062337197495809,6.7106529245146085,0.36935788297452044,6978.757641322608,93400
ANL_019,9,6,Analog-only,ANL_012,0.5553278601634728,3.332102102206063,15857.057391635879,17816.335219635428,13.363539761784917,12.385323499271088,-1.5582132376311328,15857.057391635879,93400
ANL_019,9,6,Bass-only,ANL_012,0.5553278601634728,4.157635434299399,19785.667327401552,22285.58429061213,16.532441764109606,18.37062267251218,-3.0026539156490264,-19785.667327401552,93400
ANL_019,9,6,Analog + Bass (Static),ANL_012,0.5553278601634728,4.316010732605721,20539.35557512905,22854.81957218792,17.33868043524575,15.75779883752864,-3.2097430159592264,20539.35557512905,93400
ANL_019,9,6,Analog + Bass (Adaptive),ANL_012,0.5553278601634728,4.742675608380014,22569.80038582944,24815.745496955846,19.099523342640076,17.235829701588926,-3.9631184923044227,22569.80038582944,93400
ANL_019,12,6,Analog-only,ANL_012,0.5553278601634728,5.267055889534135,31224.06495968372,33161.01750134142,22.35870324213284,19.971474378321112,-5.098787500538323,31224.06495968372,93400
ANL_019,12,6,Bass-only,ANL_012,0.5553278601634728,0.4727470150592935,2802.53025927423,3137.8435663884375,2.085181066654242,2.0774248080015743,0.9453927403466806,85.88377763168198,93400
ANL_019,12,6,Analog + Bass (Static),ANL_012,0.5553278601634728,5.9390869692177715,35207.98738751735,37741.68138042845,25.11743271355921,22.10666794029442,-6.900058254890979,35207.98738751735,93400
ANL_019,12,6,Analog + Bass (Adaptive),ANL_012,0.5553278601634728,7.1844205864426725,42590.5514947206,45052.60805710679,30.48636685017611,26.242865828498395,-10.257129958414499,42590.5514947206,93400
ANL_019,18,6,Analog-only,ANL_012,0.5553278601634728,7.854190936673713,50322.263342500046,50851.672905447085,26.130834656489743,23.041377092348412,-7.653981123778307,50322.263342500046,93400
ANL_019,18,6,Bass-only,ANL_012,0.5553278601634728,1.9240561094828836,12327.54067322798,13972.256012889506,6.163042908772607,6.397491431648107,0.3466610907274337,-12327.54067322798,93400
ANL_019,18,6,Analog + Bass (Static),ANL_012,0.5553278601634728,7.6235212717733045,48844.34923067931,50907.33179615093,24.759377323127527,21.91076547154993,-7.672935646398724,48844.34923067931,93400
ANL_019,18,6,Analog + Bass (Adaptive),ANL_012,0.5553278601634728,8.801327591249052,56390.62360228511,58415.06105419575,28.62959465199249,24.92217209514159,-10.41971127740561,56390.62360228511,93400
ANL_020,6,6,Analog-only,ANL_004,0.5558287330442346,5.918423320351111,53707.324262858194,53954.49828870041,26.188090040404504,30.18837327732263,-9.473171333768873,-53707.324262858194,93400
ANL_020,6,6,Bass-only,ANL_004,0.5558287330442346,4.232689051760503,38409.960069105866,42851.09972454513,18.038789871122944,20.219037134275293,-5.606125736981679,-38409.960069105866,93400
ANL_020,6,6,Analog + Bass (Static),ANL_004,0.5558287330442346,0.7869182793446151,7140.968617740645,9139.871021439056,3.6302206720358323,3.523293145146785,0.6994594853798006,7109.936213564307,93400
ANL_020,6,6,Analog + Bass (Adaptive),ANL_004,0.5558287330442346,1.1785510365064957,10694.879235881846,12102.964350982189,5.360939392749564,5.177976352792013,0.47300511551921887,10694.879235881846,93400
ANL_020,9,6,Analog-only,ANL_004,0.5558287330442346,5.1742845364964,52668.39551142979,53635.67110657817,22.333326401623598,25.258070288634766,-4.909749429285139,-52668.39551142979,93400
ANL_020,9,6,Bass-only,ANL_004,0.5558287330442346,0.8500470500412023,8652.522666488143,12235.767821375526,3.4447382841656293,3.5536667614875985,0.692444084730979,-8652.522666488143,93400
ANL_020,9,6,Analog + Bass (Static),ANL_004,0.5558287330442346,1.4368526644914834,14625.543665275749,15890.34012354212,6.321609039903561,6.098354071282343,0.4812859451666185,13502.924423985625,93400
ANL_020,9,6,Analog + Bass (Adaptive),ANL_004,0.5558287330442346,1.4086047253680314,14338.01142393052,15510.685562496521,6.1889235590023395,5.977240656341701,0.5057762440408924,13048.094311784813,93400
ANL_020,12,6,Analog-only,ANL_004,0.5558287330442346,3.727485585967657,40888.144841783214,43934.45869484457,15.580344176510206,17.113824034211287,-5.715312290173827,-40888.144841783214,93400
ANL_020,12,6,Bass-only,ANL_004,0.5558287330442346,1.1051215627034607,12122.480283680698,15313.096730220683,4.527217584198113,4.439453365212082,0.18420374765406078,5858.724121736105,93400
ANL_020,12,6,Analog + Bass (Static),ANL_004,0.5558287330442346,3.822269040539343,41927.85902169079,46703.88517705108,15.89609429216343,14.510453604266353,-6.588600217702575,41927.85902169079,93400
ANL_020,12,6,Analog + Bass (Adaptive),ANL_004,0.5558287330442346,3.316586760218955,36380.84620439089,41581.02874297917,13.786498658846908,12.683747704811433,-5.015145180359178,36380.84620439089,93400
ANL_020,18,6,Analog-only,ANL_004,0.5558287330442346,1.6672311855266218,17427.371437464422,21550.486872578,5.4833302587577935,5.7215564305250455,-0.5858616358333932,-17427.371437464422,93400
ANL_020,18,6,Bass-only,ANL_004,0.5558287330442346,1.1285518766155895,11796.619995453744,13638.101753789611,3.610188705206193,3.6936709381514854,0.36487534311144276,-10435.147462082716,93400
ANL_020,18,6,Analog + Bass (Static),ANL_004,0.5558287330442346,8.376190969879236,87555.3387739159,90876.68937082517,27.197883018051854,23.788365594115803,-27.20045498200882,87555.3387739159,93400
ANL_020,18,6,Analog + Bass (Adaptive),ANL_004,0.5558287330442346,9.99385677281894,104464.60909842075,107616.32517520574,32.48150950450403,27.78771749208521,-38.546443847945596,104464.60909842075,93400
ANL_021,6,6,Analog-only,ANL_013,0.44948984551266696,2.8003831730547817,23961.19858192593,29123.86045393827,16.167281874479585,18.032448379609164,0.30248082967672796,-23087.2602427125,93400
ANL_021,6,6,Bass-only,ANL_013,0.44948984551266696,0.7462162622185572,6384.924826046862,7576.936895420219,4.532413865203944,4.653446890550095,0.9527887384424774,-5807.818361866553,93400
ANL_021,6,6,Analog + Bass (Static),ANL_013,0.44948984551266696,5.741770961154079,49128.889052018756,53701.87998493206,35.651968408641835,43.91166919002078,-1.3715770798610878,-49128.889052018756,93400
ANL_021,6,6,Analog + Bass (Adaptive),ANL_013,0.44948984551266696,6.107607947782119,52259.136644402926,56775.12061758134,38.125124928095815,47.613430917679516,-1.6507843397407966,-52259.136644402926,93400
ANL_021,9,6,Analog-only,ANL_013,0.44948984551266696,5.270710623955557,59136.71436195335,64277.92939780306,28.130063833029556,33.085861449302264,-1.0813084605019423,-59136.71436195335,93400
ANL_021,9,6,Bass-only,ANL_013,0.44948984551266696,0.8024231683405838,9003.087645885307,11774.545412477652,4.140745005259503,4.022497863208528,0.93016052095626,6907.139851309577,93400
ANL_021,9,6,Analog + Bass (Static),ANL_013,0.44948984551266696,6.261180270157524,70249.65998363365,74319.23098780164,34.05513858280105,41.2388339783676,-1.7823714441133967,-70249.65998363365,93400
ANL_021,9,6,Analog + Bass (Adaptive),ANL_013,0.44948984551266696,6.6881402289503225,75040.097351294,79089.30122543048,36.479383978157685,44.80646308846032,-2.1509983081896884,-75040.097351294,93400
ANL_021,12,6,Analog-only,ANL_013,0.44948984551266696,7.122914060221631,99580.92871246576,102447.5657157441,35.06167836964399,42.62582392350493,-3.7388470314339504,-99580.92871246576,93400
ANL_021,12,6,Bass-only,ANL_013,0.44948984551266696,2.3326796443420936,32611.709675045862,41184.74672767904,10.507820607372064,11.384988625717963,0.2341526706827649,-32611.709675045862,93400
ANL_021,12,6,Analog + Bass (Static),ANL_013,0.44948984551266696,5.867863475279826,82034.86515294843,84362.60708577915,28.92774763679465,33.90290415901296,-2.213434025672891,-82034.86515294843,93400
ANL_021,12,6,Analog + Bass (Adaptive),ANL_013,0.44948984551266696,7.3931560303602515,103359.009724811,105752.80988185901,36.56410705238011,44.82065836424091,-4.049556479208531,-103359.009724811,93400
ANL_021,18,6,Analog-only,ANL_013,0.44948984551266696,7.4008012450826035,142474.56613408405,144355.48629715302,34.84402503555415,42.301100021924334,-14.089731331614015,-142474.56613408405,93400
ANL_021,18,6,Bass-only,ANL_013,0.44948984551266696,2.405731360934793,46313.300483793566,56070.72416956391,10.917162260835092,11.734175790050312,-1.2766027153894122,-38448.37919789836,93400
ANL_021,18,6,Analog + Bass (Static),ANL_013,0.44948984551266696,2.7793815799601282,53506.52876794889,56739.0463878306,13.014783773194186,14.03192489145248,-1.3311970446288806,-53506.52876794889,93400
ANL_021,18,6,Analog + Bass (Adaptive),ANL_013,0.44948984551266696,4.548639550377637,87566.9302524494,89651.22777054914,21.399744006842916,24.068073934883284,-4.82005920199283,-87566.9302524494,93400
ANL_022,6,6,Analog-only,ANL_030,0.44106402412463147,20.23763875707966,37642.00808816817,37963.749202586216,67.77433161052141,50.41388714298368,-54.22969591176046,37642.00808816817,93400
ANL_022,6,6,Bass-only,ANL_030,0.44106402412463147,1.7657735513175101,3284.338805450569,3688.864989568121,5.699654423935052,5.652912043588089,0.4785412228715564,1307.079482364484,93400
ANL_022,6,6,Analog + Bass (Static),ANL_030,0.44106402412463147,1.4548486752329426,2706.018535933273,4297.571236520941,4.46373506761123,4.708081017586884,0.2922487757763502,-2513.205045373839,93400
ANL_022,6,6,Analog + Bass (Adaptive),ANL_030,0.44106402412463147,1.3046514335326922,2426.6516663708076,4064.128674843369,3.9802761726704494,4.19288449961216,0.36705006417068853,-2097.85578063152,93400
ANL_022,9,6,Analog-only,ANL_030,0.44106402412463147,26.607116636517038,41942.79348788955,42302.07858338347,64.52903580662185,48.57229953734607,-58.231043064671546,41942.79348788955,93400
ANL_022,9,6,Bass-only,ANL_030,0.44106402412463147,7.705897882278655,12147.384774177015,13452.678121067582,17.958571695989264,20.085359568149556,-4.99022958087323,-12147.384774177015,93400
ANL_022,9,6,Analog + Bass (Static),ANL_030,0.44106402412463147,2.633448835699725,4151.302908376154,5352.689207966133,6.10412228203899,6.4237579801772124,0.05164700334206673,-3838.3042076693177,93400
ANL_022,9,6,Analog + Bass (Adaptive),ANL_030,0.44106402412463147,2.346295357753433,3698.641344578568,4731.766892163446,5.486845803973664,5.722870526722098,0.2589071082344908,-2910.191643780563,93400
ANL_022,12,6,Analog-only,ANL_030,0.44106402412463147,17.053285450135878,49539.79423264472,49827.53513584368,68.6202886892632,50.9558924769161,-137.7179206188227,49539.79423264472,93400
ANL_022,12,6,Bass-only,ANL_030,0.44106402412463147,1.7408104014040438,5057.054216078747,5888.423946275216,6.828715664608975,7.152585164482543,-0.9372778025208279,-5057.054216078747,93400
ANL_022,12,6,Analog + Bass (Static),ANL_030,0.44106402412463147,1.0629395645643045,3087.8394350593044,3681.0601188814676,4.230657586158248,4.285077978412253,0.24292381892375725,-814.451512428402,93400
ANL_022,12,6,Analog + Bass (Adaptive),ANL_030,0.44106402412463147,1.069096799053278,3105.7262012497727,3695.0229790035482,4.25539692117767,4.314066674791314,0.2371694997109609,-886.6550083198781,93400
ANL_022,18,6,Analog-only,ANL_030,0.44106402412463147,17.054209896155708,64017.491194898845,64224.472198692216,72.68382955252609,53.2140039306519,-142.75961308820374,64017.491194898845,93400
ANL_022,18,6,Bass-only,ANL_030,0.44106402412463147,0.8565694952353293,3215.3603393498415,3661.5237317449887,3.5545566044215264,3.6260321177003925,0.5327390215151538,-2300.0387892086314,93400
ANL_022,18,6,Analog + Bass (Static),ANL_030,0.44106402412463147,0.8635873044831899,3241.7035440170753,3966.7513911709216,3.7197369728510075,3.6205039610420933,0.4515894853403326,2834.7853231018694,93400
ANL_022,18,6,Analog + Bass (Adaptive),ANL_030,0.44106402412463147,0.8636883358515282,3242.0827920017305,3967.1491664411074,3.7201567953886205,3.620901352010749,0.4514794935326363,2835.3281535856877,93400
ANL_023,6,6,Analog-only,ANL_025,0.45237717645586956,4.970812450284086,32514.08423730821,32707.777568614732,30.397380671957315,35.92072116132803,-11.537389507955472,-32514.08423730821,93400
ANL_023,6,6,Bass-only,ANL_025,0.45237717645586956,0.5385494439769059,3522.6519130529414,5058.3788034109,3.073635717041381,3.154557513408308,0.7001336418559784,-2711.7384885803986,93400
ANL_023,6,6,Analog + Bass (Static),ANL_025,0.45237717645586956,2.3317758752701785,15252.146000142238,20369.597791447995,13.313934738992897,14.995774555121406,-3.8626157758883375,-15252.146000142238,93400
ANL_023,6,6,Analog + Bass (Adaptive),ANL_025,0.45237717645586956,2.4512880298247737,16033.875003083844,20937.91002916693,14.050712394831624,15.840742576718212,-4.137735070353096,-16033.875003083844,93400
ANL_023,9,6,Analog-only,ANL_025,0.45237717645586956,5.845957398010433,31299.255908947856,31808.716105192154,25.72937762702195,29.647672870077628,-7.815626310301459,-31299.255908947856,93400
ANL_023,9,6,Bass-only,ANL_025,0.45237717645586956,1.2262811067536215,6565.50904555889,7479.744798442427,5.221771466268591,5.332417231271008,0.5125450856648025,-3204.8820658455566,93400
ANL_023,9,6,Analog + Bass (Static),ANL_025,0.45237717645586956,2.1757620659244306,11649.030100959402,13902.122498669942,9.758287475348554,9.137052887726947,-0.6839264331987702,11649.030100959402,93400
ANL_023,9,6,Analog + Bass (Adaptive),ANL_025,0.45237717645586956,2.2117597112801235,11841.76149419378,14068.12477016429,9.916996512965687,9.281134962128128,-0.7243813422174532,11841.76149419378,93400
ANL_023,12,6,Analog-only,ANL_025,0.45237717645586956,5.455375895690138,32001.235004118353,32618.556228334448,22.954970503017105,26.040341419665065,-8.299066585485509,-32001.235004118353,93400
ANL_023,12,6,Bass-only,ANL_025,0.45237717645586956,1.1920781774460845,6992.730588898732,7401.674356734644,5.083829778053825,5.1166048648113245,0.5211826960646273,-2499.4297115268223,93400
ANL_023,12,6,Analog + Bass (Static),ANL_025,0.45237717645586956,3.1977736230976728,18758.140073090948,21161.392744601675,13.533586549369186,12.463143749438617,-2.913797793249442,18758.140073090948,93400
ANL_023,12,6,Analog + Bass (Adaptive),ANL_025,0.45237717645586956,3.386667097869867,19866.18919610464,22183.209017615085,14.33074189459803,13.159262870295759,-3.300892935117191,19866.18919610464,93400
ANL_023,18,6,Analog-only,ANL_025,0.45237717645586956,4.333165265719203,32252.258856896937,32878.70755824694,18.67272032077022,20.661669885620825,-5.915314289120447,-32252.258856896937,93400
ANL_023,18,6,Bass-only,ANL_025,0.45237717645586956,0.9192285948605335,6841.926576087523,7823.260952068633,4.1093943328702,4.029761448385342,0.6084762770494934,4553.284359437278,93400
ANL_023,18,6,Analog + Bass (Static),ANL_025,0.45237717645586956,4.763510961552101,35455.37249988659,36817.41649283937,20.540327816145833,18.508308700233865,-7.671396983378772,35455.37249988659,93400
ANL_023,18,6,Analog + Bass (Adaptive),ANL_025,0.45237717645586956,5.319709351501132,39595.22255138192,40891.34467669241,22.94286956353473,20.462002534534683,-9.696587115152855,39595.22255138192,93400
ANL_024,6,6,Analog-only,ANL_018,0.5301720814768669,10.07440103915051,35024.662652710664,35262.14539730322,69.40519332064416,50.63936194480624,-9.882024499577202,35024.662652710664,93400
ANL_024,6,6,Bass-only,ANL_018,0.5301720814768669,0.4306434242233709,1497.1749286549712,1917.7211349444735,2.730700079276784,2.6692972759759255,0.9678142862258569,1497.1749286549712,93400
ANL_024,6,6,Analog + Bass (Static),ANL_018,0.5301720814768669,4.719094852833936,16406.405165362463,17921.85224600755,29.11360825995917,34.528422229155645,-1.810981715720429,-16406.405165362463,93400
ANL_024,6,6,Analog + Bass (Adaptive),ANL_018,0.5301720814768669,4.807243335286736,16712.862179457865,18214.123708202867,29.69734261024797,35.32789161569747,-1.9034128827639538,-16712.862179457865,93400
ANL_024,9,6,Analog-only,ANL_018,0.5301720814768669,7.884780560528572,31556.862998375476,31837.674256801067,44.82020509399738,36.23156478693959,-5.9151573407637565,31556.862998375476,93400
ANL_024,9,6,Bass-only,ANL_018,0.5301720814768669,0.9140070627280752,3658.084766803439,6182.133045264538,4.549697011343046,4.304381965789822,0.7392669466266009,2968.43816989373,93400
ANL_024,9,6,Analog + Bass (Static),ANL_018,0.5301720814768669,6.176799709906557,24721.096638973515,26070.200004001446,32.7435531883116,39.456409001358125,-3.6366906538810664,-24721.096638973515,93400
ANL_024,9,6,Analog + Bass (Adaptive),ANL_018,0.5301720814768669,6.5755580271061715,26317.027113985674,27624.830260725153,34.9500937509768,42.64557400974618,-4.206173443031495,-26317.027113985674,93400
ANL_024,12,6,Analog-only,ANL_018,0.5301720814768669,5.8108749007765015,27686.70585678157,28348.794858863414,29.946324696253697,25.683460638805496,-2.2877869852041357,27686.70585678157,93400
ANL_024,12,6,Bass-only,ANL_018,0.5301720814768669,2.0182396863308982,9616.178200026246,10970.95028081788,9.504972952958065,8.978582916377505,0.5075944228572142,8930.332833856868,93400
ANL_024,12,6,Analog + Bass (Static),ANL_018,0.5301720814768669,7.960539589641229,37929.0764029715,39973.24188945007,37.81468025862959,47.06688839150866,-5.536920642480724,-37929.0764029715,93400
ANL_024,12,6,Analog + Bass (Adaptive),ANL_018,0.5301720814768669,8.706926924680134,41485.34064085551,43414.13686170572,41.52499457138787,52.81840931949265,-6.71075335505324,-41485.34064085551,93400
ANL_024,18,6,Analog-only,ANL_018,0.5301720814768669,1.9050153437409398,12781.196180062374,15051.36544869366,9.018598678053975,8.440627864394923,0.32438954462821723,12781.196180062374,93400
ANL_024,18,6,Bass-only,ANL_018,0.5301720814768669,0.7742324441525411,5194.507640159199,6231.057682045633,3.5169943451746772,3.5170686876169097,0.8842107865222306,-23.959461586748755,93400
ANL_024,18,6,Analog + Bass (Static),ANL_018,0.5301720814768669,6.462914508411918,43361.214122702244,44376.81559227306,27.854143824894734,32.45203021371485,-4.872957122959174,-43361.214122702244,93400
ANL_024,18,6,Analog + Bass (Adaptive),ANL_018,0.5301720814768669,7.458694925229202,50042.13924040394,51015.84586410241,32.212109972099405,38.48294350287982,-6.761662319994029,-50042.13924040394,93400
ANL_025,6,6,Analog-only,ANL_003,0.5172468675437096,56.68733672309323,61800.53449551624,61899.18041290506,336.89524810407767,124.17641366130458,-169.52861801496795,61800.53449551624,93400
ANL_025,6,6,Bass-only,ANL_003,0.5172468675437096,6.501379484411725,7087.803913905663,8583.70642830399,32.422236306626154,41.239064877285145,-2.279270082398346,-7087.803913905663,93400
ANL_025,6,6,Analog + Bass (Static),ANL_003,0.5172468675437096,8.61377395805768,9390.736369074482,10295.99655882952,45.8566383300786,60.84196656037461,-3.718068615254154,-9390.736369074482,93400
ANL_025,6,6,Analog + Bass (Adaptive),ANL_003,0.5172468675437096,8.743513560423294,9532.178483573474,10428.150694609138,46.62653720897112,62.12659888538472,-3.839963337901459,-9532.178483573474,93400
ANL_025,9,6,Analog-only,ANL_003,0.5172468675437096,43.499342003534416,68500.58882006582,68657.48794610277,252.6220011132315,111.27827293486668,-210.56415015733506,68500.58882006582,93400
ANL_025,9,6,Bass-only,ANL_003,0.5172468675437096,1.8340023951128366,2888.0952717039395,3722.2846022063477,9.481536437029664,8.922926378495081,0.37815032639014357,2463.4995873225157,93400
ANL_025,9,6,Analog + Bass (Static),ANL_003,0.5172468675437096,8.031476065055475,12647.56693344611,13110.71138891649,44.992086983501004,58.286136313507264,-6.714695224003576,-12647.56693344611,93400
ANL_025,9,6,Analog + Bass (Adaptive),ANL_003,0.5172468675437096,8.333946953191255,13123.882964537928,13581.05044102725,46.741540110032595,61.2247006742752,-7.278144129636841,-13123.882964537928,93400
ANL_025,12,6,Analog-only,ANL_003,0.5172468675437096,39.92798527138926,75935.76835249667,76025.29517451816,210.0819591917962,101.95033236704509,-138.71749467951668,75935.76835249667,93400
ANL_025,12,6,Bass-only,ANL_003,0.5172468675437096,0.9744008741781808,1853.1332988915947,2178.247548381906,5.346751092022359,5.155840127244931,0.8853038005711084,1853.1332988915947,93400
ANL_025,12,6,Analog + Bass (Static),ANL_003,0.5172468675437096,7.9566554045796005,15132.111914891386,15778.499152993209,39.98751518438065,50.24316930703794,-5.018190644968226,-15132.111914891386,93400
ANL_025,12,6,Analog + Bass (Adaptive),ANL_003,0.5172468675437096,9.288477292701858,17664.994996665715,18278.323297153293,46.93072529414822,61.554300119792735,-7.076203783862301,-17664.994996665715,93400
ANL_025,18,6,Analog-only,ANL_003,0.5172468675437096,35.9386607337336,86500.12830836339,86627.58127409105,145.50189169326197,83.96385196911562,-134.7207769727848,86500.12830836339,93400
ANL_025,18,6,Bass-only,ANL_003,0.5172468675437096,2.3859854015235142,5742.786157302214,7501.281262933032,8.730547751570477,9.391894158620373,-0.017665049603022176,-5742.786157302214,93400
ANL_025,18,6,Analog + Bass (Static),ANL_003,0.5172468675437096,8.697389230787039,20933.59265624196,21385.051140386684,34.43768097544024,41.69513793051428,-7.2709338284872675,-20933.59265624196,93400
ANL_025,18,6,Analog + Bass (Adaptive),ANL_003,0.5172468675437096,9.288041332573496,22355.222776759398,22798.14365893776,36.81089457368824,45.20581609923812,-8.40010991628475,-22355.222776759398,93400
ANL_026,6,6,Analog-only,ANL_004,0.5454666357264462,4.7686814806755145,32631.13363596641,36113.492764438604,35.36328415436476,28.56089391476922,-1.3127889426817858,32631.13363596641,93400
ANL_026,6,6,Bass-only,ANL_004,0.5454666357264462,1.3612035958134527,9314.443965432294,11426.571146154425,8.195898541360828,7.76376318215304,0.7684584848953657,9314.443965432294,93400
ANL_026,6,6,Analog + Bass (Static),ANL_004,0.5454666357264462,7.260963085343635,49685.318200389425,54445.31418556758,44.202107231401335,57.96661672756708,-4.256758568951657,-49685.318200389425,93400
ANL_026,6,6,Analog + Bass (Adaptive),ANL_004,0.5454666357264462,7.93904166320708,54325.27429299341,58755.96305091919,48.74404939292543,65.58009205040901,-5.122106957765859,-54325.27429299341,93400
ANL_026,9,6,Analog-only,ANL_004,0.5454666357264462,1.725270951198473,14388.759732995264,17869.209443445656,11.11282563679829,10.156035620551156,0.6310859343332258,7411.387522149438,93400
ANL_026,9,6,Bass-only,ANL_004,0.5454666357264462,0.6972128667405196,5814.755308615934,6972.759348886013,3.9686320565853124,3.8859970806585853,0.9438274824132946,4200.315058011472,93400
ANL_026,9,6,Analog + Bass (Static),ANL_004,0.5454666357264462,8.325117286955285,69431.47817320707,73599.7963245428,44.063128247965814,57.20946498366476,-5.258464031412387,-69431.47817320707,93400
ANL_026,9,6,Analog + Bass (Adaptive),ANL_004,0.5454666357264462,8.111181441199644,67647.25321960503,71882.60004345769,42.85719088397209,55.25438742658907,-4.969831737498846,-67647.25321960503,93400
ANL_026,12,6,Analog-only,ANL_004,0.5454666357264462,2.605727467119393,25540.62997975871,32670.826770411393,11.106482841716891,12.098207961813161,0.05042447829127217,-24545.97691217811,93400
ANL_026,12,6,Bass-only,ANL_004,0.5454666357264462,0.7503699856449204,7354.921952931788,10239.733675398213,3.4392022586862594,3.341459532369879,0.9067204196760421,5176.203286396402,93400
ANL_026,12,6,Analog + Bass (Static),ANL_004,0.5454666357264462,9.915921010608168,97193.15340388745,100943.17115396986,45.959391860783455,60.02295037930011,-8.064902747324387,-97193.15340388745,93400
ANL_026,12,6,Analog + Bass (Adaptive),ANL_004,0.5454666357264462,10.66076446456997,104493.90580049723,108095.398520362,49.53956130316173,66.17913969310122,-9.394980404378144,-104493.90580049723,93400
ANL_026,18,6,Analog-only,ANL_004,0.5454666357264462,7.253041508057931,101441.03853169823,104041.08089827557,30.237297805188383,35.72546894324728,-7.608614413084965,-101441.03853169823,93400
ANL_026,18,6,Bass-only,ANL_004,0.5454666357264462,1.6869470587043895,23593.641563039593,30786.717011333953,6.678790758103561,7.0415883357055495,0.24621011696584894,-23593.641563039593,93400
ANL_026,18,6,Analog + Bass (Static),ANL_004,0.5454666357264462,9.714277324325753,135863.88265801998,137920.9884242219,40.72137441816109,51.204444331026636,-14.128095821230824,-135863.88265801998,93400
ANL_026,18,6,Analog + Bass (Adaptive),ANL_004,0.5454666357264462,11.34409271595053,158658.4807252841,160624.98391660326,47.62922908952984,62.58182659611561,-19.518695154715658,-158658.4807252841,93400
ANL_027,6,6,Analog-only,ANL_011,0.5748776812009455,4.295291280529259,26300.068510680652,29480.754018279968,27.03099023616972,23.484315798027758,-2.722234826574482,26300.068510680652,93400
ANL_027,6,6,Bass-only,ANL_011,0.5748776812009455,0.5035581527765055,3083.286569450543,3512.0081704762556,3.145971397646464,3.10874838035969,0.9471752282514944,1974.174249291408,93400
ANL_027,6,6,Analog + Bass (Static),ANL_011,0.5748776812009455,1.6188249521533746,9912.065182035112,10970.500315101486,10.369688191767732,9.79783281132448,0.4845584047225111,9912.065182035112,93400
ANL_027,6,6,Analog + Bass (Adaptive),ANL_011,0.5748776812009455,1.6635779633041095,10186.087869311063,11238.07217052359,10.666326134325866,10.06550008888532,0.45910841166546634,10186.087869311063,93400
ANL_027,9,6,Analog-only,ANL_011,0.5748776812009455,6.328115877116258,47721.112843818344,49299.247185037435,38.5647259750311,32.26244977330452,-5.0602917404523335,47721.112843818344,93400
ANL_027,9,6,Bass-only,ANL_011,0.5748776812009455,3.064404311202904,23109.05596132,25719.87372856875,17.938680328841997,16.313979702124225,-0.6494935460252107,23109.05596132,93400
ANL_027,9,6,Analog + Bass (Static),ANL_011,0.5748776812009455,6.804751490436522,51315.48158331812,56893.76222197515,39.90474927392669,32.7574418251397,-7.0712772036640885,51315.48158331812,93400
ANL_027,9,6,Analog + Bass (Adaptive),ANL_011,0.5748776812009455,7.704254007387322,58098.74250145871,63779.1051547261,45.381526719689674,36.4741259467549,-9.143078805418456,58098.74250145871,93400
ANL_027,12,6,Analog-only,ANL_011,0.5748776812009455,8.23465006649415,62783.21792060591,63398.266324536504,39.123841831690484,32.65625519738225,-5.3053116428376175,62783.21792060591,93400
ANL_027,12,6,Bass-only,ANL_011,0.5748776812009455,3.5715838546983605,27230.729376544306,32986.77497133094,15.414119301934317,17.216546140623485,-0.7069920891051285,-27230.729376544306,93400
ANL_027,12,6,Analog + Bass (Static),ANL_011,0.5748776812009455,5.5999510919582765,42695.554384478615,44447.49421831608,25.97845005436918,22.924634030607415,-2.099176833603028,42695.554384478615,93400
ANL_027,12,6,Analog + Bass (Adaptive),ANL_011,0.5748776812009455,7.65233562644244,58343.493816622555,60226.55045131395,35.60917940173229,30.158511084075982,-4.690203141474381,58343.493816622555,93400
ANL_027,18,6,Analog-only,ANL_011,0.5748776812009455,5.257175311782415,50544.95741232874,52146.15862310311,20.187369364872897,18.190420164690593,-3.6474873000893107,50544.95741232874,93400
ANL_027,18,6,Bass-only,ANL_011,0.5748776812009455,1.3971018742461971,13432.394878708466,15639.782142428667,5.108150983453616,5.284896646792264,0.5819435125601935,-13432.394878708466,93400
ANL_027,18,6,Analog + Bass (Static),ANL_011,0.5748776812009455,4.558198015585058,43824.660756195015,51810.46314399686,16.227768803524302,18.20459235504095,-3.5878426878612473,-43824.660756195015,93400
ANL_027,18,6,Analog + Bass (Adaptive),ANL_011,0.5748776812009455,3.6081810429650463,34690.75051461558,44453.54418213529,12.631688294047846,14.041628689422575,-2.3774299709159465,-34690.75051461558,93400
ANL_028,6,6,Analog-only,ANL_031,0.5618704155756082,9.10025666255205,44849.70493572152,45237.20421968693,33.42670529212215,40.23961525177066,-13.54112030295188,-44849.70493572152,93400
ANL_028,6,6,Bass-only,ANL_031,0.5618704155756082,0.9724282544607719,4792.515409284468,6465.3989579716745,3.553333801770845,3.539635000681787,0.7029722590265433,308.5897436594508,93400
ANL_028,6,6,Analog + Bass (Static),ANL_031,0.5618704155756082,3.5914371268522687,17700.03873597872,19315.881757576946,13.253506325880815,12.296829923406445,-1.6511569004306281,17700.03873597872,93400
ANL_028,6,6,Analog + Bass (Adaptive),ANL_031,0.5618704155756082,2.8218916132776806,13907.41062687772,15816.350795808545,10.428535042885951,9.78012069663966,-0.7775381563280308,13907.41062687772,93400
ANL_028,9,6,Analog-only,ANL_031,0.5618704155756082,7.275591545035228,42676.80110529039,43103.11145315594,28.259100949370115,33.09230316585677,-29.18155852768427,-42676.80110529039,93400
ANL_028,9,6,Bass-only,ANL_031,0.5618704155756082,0.8024611572133148,4707.036532924001,6545.701135583545,3.1404496322632376,3.238795436772626,0.30395588769143567,-4102.017608586229,93400
ANL_028,9,6,Analog + Bass (Static),ANL_031,0.5618704155756082,1.3445378915036537,7886.723137087557,10122.246548387207,5.010129162144839,5.207715142466343,-0.6644787002043944,-6694.697728693514,93400
ANL_028,9,6,Analog + Bass (Adaptive),ANL_031,0.5618704155756082,1.3023558574086376,7639.293870594716,9646.883700270346,4.865116128512903,5.037984252582737,-0.5118144957922923,-5951.277582616695,93400
ANL_028,12,6,Analog-only,ANL_031,0.5618704155756082,6.427296995630465,40064.263672399065,40213.71786123032,23.734201790360014,26.961338367646608,-8.423035114560763,-40064.263672399065,93400
ANL_028,12,6,Bass-only,ANL_031,0.5618704155756082,0.4836717531686288,3014.945888296958,3380.3504362715025,1.7441883700274492,1.7404312071211867,0.9334166247066914,1126.0280329599289,93400
ANL_028,12,6,Analog + Bass (Static),ANL_031,0.5618704155756082,5.815984414235709,36253.67448321037,37222.5216842504,21.19045699357742,19.10874560759709,-7.073352952806529,36253.67448321037,93400
ANL_028,12,6,Analog + Bass (Adaptive),ANL_031,0.5618704155756082,6.331753130600687,39468.6953326389,40427.14587786116,23.085519320399072,20.644653934999692,-8.52332311114738,39468.6953326389,93400
ANL_028,18,6,Analog-only,ANL_031,0.5618704155756082,5.059392646601735,35194.62330642243,36292.4023296612,16.667015601155466,18.29533146213489,-10.536617058463763,-35194.62330642243,93400
ANL_028,18,6,Bass-only,ANL_031,0.5618704155756082,0.7833413173594748,5449.152598057612,8410.591765397374,2.5210325488231113,2.449450181179515,0.3804160616401133,4425.21370601199,93400
ANL_028,18,6,Analog + Bass (Static),ANL_031,0.5618704155756082,6.405167639201063,44556.22997111765,46110.81176924817,20.924386239837382,18.850344896800344,-17.623125908976846,44556.22997111765,93400
ANL_028,18,6,Analog + Bass (Adaptive),ANL_031,0.5618704155756082,7.635659861125839,53115.89577630343,54565.72598240855,24.96414376251,22.100620899216185,-25.078758891098918,53115.89577630343,93400
ANL_029,6,6,Analog-only,ANL_019,0.5076023352360143,7.852963591016401,14862.51889235764,15963.350430529199,20.822993578353476,18.64295006419255,-3.828424598080349,14862.51889235764,93400
ANL_029,6,6,Bass-only,ANL_019,0.5076023352360143,3.952445611605728,7480.398564525,8912.41143105579,9.98368918928304,10.718265561701767,-0.5050392039877485,-7381.312068340966,93400
ANL_029,6,6,Analog + Bass (Static),ANL_019,0.5076023352360143,6.319427038440778,11960.147612953015,13230.66738515515,16.892143481250613,15.33401391047106,-2.31681204510592,11960.147612953015,93400
ANL_029,6,6,Analog + Bass (Adaptive),ANL_019,0.5076023352360143,6.001585692522899,11358.601081668838,12666.272192235056,16.043093205994243,14.609911446297355,-2.0398698638865183,11358.601081668838,93400
ANL_029,9,6,Analog-only,ANL_019,0.5076023352360143,8.31676178003599,27096.00987935725,28839.819690048855,33.309987342571915,28.157282826287933,-76.53727835141763,27096.00987935725,93400
ANL_029,9,6,Bass-only,ANL_019,0.5076023352360143,1.899954844900436,6190.0528846856205,6705.1691762826395,7.715823105032188,8.085861470904605,-3.1912633609560546,-6190.0528846856205,93400
ANL_029,9,6,Analog + Bass (Static),ANL_019,0.5076023352360143,4.922551363051711,16037.672340822473,18422.79712592997,19.628301530920712,17.444089590858827,-30.640009873909005,16037.672340822473,93400
ANL_029,9,6,Analog + Bass (Adaptive),ANL_019,0.5076023352360143,4.882550834597879,15907.350619119889,18301.6581863498,19.46691472101499,17.31042559469764,-30.225280685435028,15907.350619119889,93400
ANL_029,12,6,Analog-only,ANL_019,0.5076023352360143,8.86691210984024,40944.981874485,41659.81511702997,45.325244075955865,36.81966350795316,-34.899914031795184,40944.981874485,93400
ANL_029,12,6,Bass-only,ANL_019,0.5076023352360143,0.8134001797199717,3756.060193534179,4725.893979135781,4.19941227593571,4.073707500620351,0.5380162700337876,2824.3986938731737,93400
ANL_029,12,6,Analog + Bass (Static),ANL_019,0.5076023352360143,6.147628889590112,28388.07358606634,29963.981453073433,31.205883634222413,26.71133087917467,-17.57196135275734,28388.07358606634,93400
ANL_029,12,6,Analog + Bass (Adaptive),ANL_019,0.5076023352360143,6.478275543305934,29914.909656565902,31468.928236330357,32.89706038536795,27.966559576460682,-19.484371153495175,29914.909656565902,93400
ANL_029,18,6,Analog-only,ANL_019,0.5076023352360143,15.60243639501529,72560.50714058288,73074.46297652721,65.85322215932405,49.4586371789233,-161.6267276636074,72560.50714058288,93400
ANL_029,18,6,Bass-only,ANL_019,0.5076023352360143,0.763827073198416,3552.2452004156926,4724.249360167819,3.1881180492659014,3.1121001985576853,0.3202858916978534,2485.5784225708753,93400
ANL_029,18,6,Analog + Bass (Static),ANL_019,0.5076023352360143,7.265680906652547,33789.69014587944,34708.324368516274,30.60264253968288,26.398409590023647,-35.68833082647178,33789.69014587944,93400
ANL_029,18,6,Analog + Bass (Adaptive),ANL_019,0.5076023352360143,8.599952814081393,39994.83938125147,40865.4825291514,36.235729513505504,30.532863530504944,-49.859714873555276,39994.83938125147,93400
ANL_030,6,6,Analog-only,ANL_022,0.44106402412463147,6.104006213628369,14404.233862920226,14470.401401013221,30.13993217633923,26.174397803333754,-7.383527818595216,14404.233862920226,93400
ANL_030,6,6,Bass-only,ANL_022,0.44106402412463147,1.0033615543234198,2367.732595892406,2519.778416721825,4.876275632653282,4.748750855066151,0.7457913312556981,2367.732595892406,93400
ANL_030,6,6,Analog + Bass (Static),ANL_022,0.44106402412463147,0.32034290402728244,755.9451849235811,917.9007098049751,1.6119766244036482,1.5928644228823379,0.9662668370347165,676.0609409219238,93400
ANL_030,6,6,Analog + Bass (Adaptive),ANL_022,0.44106402412463147,0.2863137133457179,675.6431007532252,833.0048141315004,1.4407680289416842,1.4255090943977378,0.9722181811223163,554.0705677651227,93400
ANL_030,9,6,Analog-only,ANL_022,0.44106402412463147,8.715239575039433,18725.7816319191,19128.31437768349,32.96264178125905,28.211233340882508,-12.03907590651476,18725.7816319191,93400
ANL_030,9,6,Bass-only,ANL_022,0.44106402412463147,2.725983288563834,5857.1158433904675,6836.437350918772,9.917257746268191,10.581619237346974,-0.665532410803118,-5857.1158433904675,93400
ANL_030,9,6,Analog + Bass (Static),ANL_022,0.44106402412463147,1.0773416538838965,2314.803211076287,2981.5172644580502,4.018671854652766,3.885881348312179,0.6832124765532894,2311.493824619783,93400
ANL_030,9,6,Analog + Bass (Adaptive),ANL_022,0.44106402412463147,0.9139137138738053,1963.6578534721048,2598.126648562479,3.429301384078424,3.3281561176400833,0.7594451892248691,1821.0879079769923,93400
ANL_030,12,6,Analog-only,ANL_022,0.44106402412463147,9.100231134182302,22600.837668611483,22653.773411936752,34.21236598599655,29.15403918855648,-7.483694750800298,22600.837668611483,93400
ANL_030,12,6,Bass-only,ANL_022,0.44106402412463147,0.5148773087630956,1278.7211998271825,1811.8597044307708,2.1148073448013447,2.0686375646767483,0.9457308446529769,691.9121440098037,93400
ANL_030,12,6,Analog + Bass (Static),ANL_022,0.44106402412463147,0.7197855470151031,1787.6201235368728,2288.633163244762,2.772008211584792,2.7450596489813557,0.9134122802474293,-150.27773663389357,93400
ANL_030,12,6,Analog + Bass (Adaptive),ANL_022,0.44106402412463147,0.7780557323545442,1932.3367774721628,2381.6678308194805,2.932563921599357,2.923082261915811,0.9062294829491232,-558.3478643792696,93400
ANL_030,18,6,Analog-only,ANL_022,0.44106402412463147,11.117930742663162,33625.20053729568,33853.24664658965,38.872866913765684,32.48746942424212,-26.912714447682788,33625.20053729568,93400
ANL_030,18,6,Bass-only,ANL_022,0.44106402412463147,2.7913127658491352,8442.07916800784,9185.319378483004,9.67093591165055,9.154407965682632,-1.0548964648065957,8021.967094745574,93400
ANL_030,18,6,Analog + Bass (Static),ANL_022,0.44106402412463147,2.211673953803493,6689.0127255768575,7265.5439750952855,7.750360510639211,7.41019412479539,-0.2856942253772061,6298.668590329318,93400
ANL_030,18,6,Analog + Bass (Adaptive),ANL_022,0.44106402412463147,2.3319618703115177,7052.812915415688,7727.4644901729735,8.162602025911161,7.777530915860385,-0.4543718431628707,6813.729231215028,93400
ANL_031,6,6,Analog-only,ANL_028,0.5618704155756082,1.718135800915734,10462.072518936087,11366.29818510971,9.150897357161087,9.68493626889611,0.2461323437183376,-10462.072518936087,93400
ANL_031,6,6,Bass-only,ANL_028,0.5618704155756082,1.1850272862712377,7215.86815156282,7999.757155632982,6.097020324223612,6.21746419848975,0.6265687765023067,-3500.9640368439555,93400
ANL_031,6,6,Analog + Bass (Static),ANL_028,0.5618704155756082,0.815924233741384,4968.325844098035,5511.98437239464,4.551587982290398,4.472789598039116,0.822714598344316,3017.6357184488807,93400
ANL_031,6,6,Analog + Bass (Adaptive),ANL_028,0.5618704155756082,0.764332474094914,4654.17330125875,5274.152592521433,4.288713275390135,4.226382571834426,0.83768360002876,2581.5485407400847,93400
ANL_031,9,6,Analog-only,ANL_028,0.5618704155756082,2.0311952054684967,12945.822642053463,14926.99851876481,8.786901054906721,9.300126063287468,0.30698522412459706,-12945.822642053463,93400
ANL_031,9,6,Bass-only,ANL_028,0.5618704155756082,6.889873536090194,43912.60898227085,50038.79543436461,29.291842842190434,35.651336917779844,-6.7877357712679025,-43912.60898227085,93400
ANL_031,9,6,Analog + Bass (Static),ANL_028,0.5618704155756082,0.7753072126194654,4941.420519630163,6611.1762582618485,3.176025525656012,3.222275715988518,0.8640575831650549,-2352.354476875805,93400
ANL_031,9,6,Analog + Bass (Adaptive),ANL_028,0.5618704155756082,0.8181807722031438,5214.675151636737,6900.947687111202,3.3514547255014993,3.4132476721301033,0.8518795627566781,-3025.179173476596,93400
ANL_031,12,6,Analog-only,ANL_028,0.5618704155756082,1.6635022654168101,12383.564546198757,14746.648748760108,7.359322187166536,7.77487257774912,0.2040326287487625,-12383.564546198757,93400
ANL_031,12,6,Bass-only,ANL_028,0.5618704155756082,0.986208665928202,7341.606275169334,8617.498871029027,4.394516943031176,4.5012530699097795,0.7281864742970503,-4475.313600871644,93400
ANL_031,12,6,Analog + Bass (Static),ANL_028,0.5618704155756082,1.4683791529131316,10931.014881327055,12731.316140043627,6.467396563552132,6.219885007683437,0.40672616039221765,8444.002256062216,93400
ANL_031,12,6,Analog + Bass (Adaptive),ANL_028,0.5618704155756082,1.4158187078882765,10539.740593895209,12049.821277784697,6.249208900629935,6.037249020462215,0.4685409528611266,7470.091782499793,93400
ANL_031,18,6,Analog-only,ANL_028,0.5618704155756082,2.169972633108733,21180.975226325336,22994.713944160663,8.767353915131666,9.230388061605872,-0.3146826956522153,-21180.975226325336,93400
ANL_031,18,6,Bass-only,ANL_028,0.5618704155756082,0.8770349408453033,8560.686467300367,10044.271056307325,3.5778267286013055,3.6601566827540726,0.749157123506362,-7207.162201539618,93400
ANL_031,18,6,Analog + Bass (Static),ANL_028,0.5618704155756082,1.8134947195317284,17701.415281189227,20770.757638610285,7.306093382944286,6.961688769234671,-0.07267856053040478,17686.409319354996,93400
ANL_031,18,6,Analog + Bass (Adaptive),ANL_028,0.5618704155756082,2.0258159232497377,19773.870061198144,22661.315197858996,8.17798043850863,7.7690024145965,-0.2768360823170064,19773.870061198144,93400
ANL_032,6,6,Analog-only,ANL_008,0.5735487789229535,3.0383942662638903,24299.86198387209,25246.101309701513,19.637973077480552,17.638372951460415,-0.011061512636139526,24299.86198387209,93400
ANL_032,6,6,Bass-only,ANL_008,0.5735487789229535,6.130319678216829,49027.84465850692,60640.717244108724,33.09867091756847,43.04645843513641,-4.833344108527797,-49027.84465850692,93400
ANL_032,6,6,Analog + Bass (Static),ANL_008,0.5735487789229535,4.198007715212719,33573.98650318524,38017.41869988338,23.60456030890042,27.267520401754147,-1.2927367335421578,-33573.98650318524,93400
ANL_032,6,6,Analog + Bass (Adaptive),ANL_008,0.5735487789229535,4.308408646393115,34456.92899039358,38828.38902951911,24.27940474575513,28.135189181778266,-1.3915952485682372,-34456.92899039358,93400
ANL_032,9,6,Analog-only,ANL_008,0.5735487789229535,1.9926009115988323,19405.94027806103,20059.69714620688,11.525841354554437,10.814915329245817,0.3956005876634864,19405.94027806103,93400
ANL_032,9,6,Bass-only,ANL_008,0.5735487789229535,2.1748108013353407,21180.482394204882,24974.634471246318,11.094769168593599,11.987420448573548,0.06314242901928613,-21180.482394204882,93400
ANL_032,9,6,Analog + Bass (Static),ANL_008,0.5735487789229535,3.6923932411686304,35960.217775741294,37687.12617765753,19.900368332132405,22.22250054010213,-1.1333461722833107,-35960.217775741294,93400
ANL_032,9,6,Analog + Bass (Adaptive),ANL_008,0.5735487789229535,3.6583666846358898,35628.83314166893,37362.1419293259,19.711201264695347,21.989655955221764,-1.0967121957815458,-35628.83314166893,93400
ANL_032,12,6,Analog-only,ANL_008,0.5735487789229535,1.4930661802496952,17362.595143545477,18081.089649873404,7.947748016811502,7.675270022770399,0.7238206613394258,9429.586439769337,93400
ANL_032,12,6,Bass-only,ANL_008,0.5735487789229535,2.0708544361594345,24081.58971910967,28190.28919485774,10.20511091283112,9.556566196203194,0.328662280994102,24081.58971910967,93400
ANL_032,12,6,Analog + Bass (Static),ANL_008,0.5735487789229535,3.571479305787458,41532.08348712857,44112.11801861393,17.77622275100653,19.61090081440979,-0.6438334276304962,-41532.08348712857,93400
ANL_032,12,6,Analog + Bass (Adaptive),ANL_008,0.5735487789229535,3.7352201605835362,43436.196116487656,45964.795860468774,18.616064306855197,20.626599931461513,-0.7848127413321353,-43436.196116487656,93400
ANL_032,18,6,Analog-only,ANL_008,0.5735487789229535,1.697194368812511,22793.71971300351,24825.160310035742,6.408250974408071,6.652801341341726,0.41234245482758014,-22793.71971300351,93400
ANL_032,18,6,Bass-only,ANL_008,0.5735487789229535,0.2990588198299376,4016.430317097198,6533.919644427731,1.0796695745465494,1.0665051192396584,0.959291249590894,2683.727646246931,93400
ANL_032,18,6,Analog + Bass (Static),ANL_008,0.5735487789229535,4.917346288223698,66041.11767350031,66818.82884188902,18.81095447490401,20.776739890455364,-3.2573358506928285,-66041.11767350031,93400
ANL_032,18,6,Analog + Bass (Adaptive),ANL_008,0.5735487789229535,5.363364816527709,72031.25145415925,72806.26843202572,20.527707207434485,22.88828823963728,-4.05449461748306,-72031.25145415925,93400
ANL_033,6,6,Analog-only,ANL_003,0.521336667444025,8.00272837997338,46740.73537607253,46939.35146489375,42.354625130118826,53.77273171920475,-24.558041309606896,-46740.73537607253,93400
ANL_033,6,6,Bass-only,ANL_003,0.521336667444025,1.129764316832044,6598.501468889236,8357.260695177534,5.693070958055524,5.907551170713419,0.18982041168853003,-4686.690044203089,93400
ANL_033,6,6,Analog + Bass (Static),ANL_003,0.521336667444025,1.0308464758389988,6020.761926785257,6724.975842771544,5.557234624031478,5.367783276133805,0.47539206507166765,6020.761926785257,93400
ANL_033,6,6,Analog + Bass (Adaptive),ANL_003,0.521336667444025,0.8294575486986268,4844.5297589291995,5694.7952520884855,4.490654415195616,4.353010317281949,0.6238079386665429,4844.5297589291995,93400
ANL_033,9,6,Analog-only,ANL_003,0.521336667444025,10.48794618784477,53872.646587138144,54110.36808370576,41.80167514861823,52.907535706018415,-23.411717190173178,-53872.646587138144,93400
ANL_033,9,6,Bass-only,ANL_003,0.521336667444025,3.76771597304443,19353.344060039344,21705.147981309,14.451581317601104,15.840883218466937,-2.92792200687721,-19353.344060039344,93400
ANL_033,9,6,Analog + Bass (Static),ANL_003,0.521336667444025,1.733620935627217,8904.960638466153,10650.726239135382,6.95642309415511,6.634693729885768,0.05420764880821649,8645.56503795253,93400
ANL_033,9,6,Analog + Bass (Adaptive),ANL_003,0.521336667444025,1.9704378527050268,10121.400335150958,11911.805801253555,7.917972498975963,7.515587282774873,-0.18302129585163307,10121.400335150958,93400
ANL_033,12,6,Analog-only,ANL_003,0.521336667444025,9.992996001163267,57559.656966700415,57690.3687765935,39.48236976546668,49.28168848531582,-70.80871185104628,-57559.656966700415,93400
ANL_033,12,6,Bass-only,ANL_003,0.521336667444025,1.0696470270325622,6161.166875707558,8149.897220063721,4.245397264816505,4.41141624893416,-0.43309430286196093,-6161.166875707558,93400
ANL_033,12,6,Analog + Bass (Static),ANL_003,0.521336667444025,2.376648737194999,13689.496726243195,15896.250137605113,9.263054423803691,8.739573180875055,-4.4520506525176105,12683.783550114109,93400
ANL_033,12,6,Analog + Bass (Adaptive),ANL_003,0.521336667444025,2.6157252020358084,15066.577163726257,17572.94830395236,10.192059120111692,9.54698836411318,-5.662845897670401,14625.80100259377,93400
ANL_033,18,6,Analog-only,ANL_003,0.521336667444025,9.674182185545408,59505.89462328981,59756.89733506658,33.48323340349227,40.27310681432739,-27.281349178173624,-59505.89462328981,93400
ANL_033,18,6,Bass-only,ANL_003,0.521336667444025,0.8412947018578193,5174.803711127446,5811.117803940272,2.869157544089643,2.8487529510771563,0.7325495070250437,1375.526758300417,93400
ANL_033,18,6,Analog + Bass (Static),ANL_003,0.521336667444025,5.275001597934275,32446.534828893728,34093.81783606216,18.138946912508484,16.519074400368673,-8.206092119004992,32446.534828893728,93400
ANL_033,18,6,Analog + Bass (Adaptive),ANL_003,0.521336667444025,5.646573161637497,34732.071517232245,36325.147935695124,19.422717807309084,17.591466198943433,-9.450542284532998,34732.071517232245,93400
ANL_034,6,6,Analog-only,ANL_008,0.5341874664173974,4.616817826860708,25562.39694376237,27882.182207696827,18.248305695797004,20.53067337611636,-9.806156862763595,-25562.39694376237,93400
ANL_034,6,6,Bass-only,ANL_008,0.5341874664173974,4.388376701876691,24297.564122950866,27316.376357971578,16.713794882732078,18.631950352723933,-9.372033742670562,-24297.564122950866,93400
ANL_034,6,6,Analog + Bass (Static),ANL_008,0.5341874664173974,5.62200911141418,31127.940048078035,34488.218502654236,21.773177461299966,19.267862541832773,-15.533289421877175,31127.940048078035,93400
ANL_034,6,6,Analog + Bass (Adaptive),ANL_008,0.5341874664173974,6.023341453504063,33350.036959761295,36605.886901142796,23.339884020327776,20.531440111845992,-17.62600060499206,33350.036959761295,93400
ANL_034,9,6,Analog-only,ANL_008,0.5341874664173974,2.6109715087079883,17707.935143496165,19013.985922925713,10.83425660125089,11.545437458117409,-0.08788672882440318,-17707.935143496165,93400
ANL_034,9,6,Bass-only,ANL_008,0.5341874664173974,1.0735959639841426,7281.262027235954,8804.047603394823,4.595628984743164,4.559381259519057,0.7667604972027818,-371.1098452756123,93400
ANL_034,9,6,Analog + Bass (Static),ANL_008,0.5341874664173974,6.101587603427153,41381.72982489338,42400.93738657884,25.452306935851677,22.499095879907472,-4.409887807433329,41381.72982489338,93400
ANL_034,9,6,Analog + Bass (Adaptive),ANL_008,0.5341874664173974,5.546225381322813,37615.19381430398,38655.30562009239,23.13684159449968,20.658527620426103,-3.496302950275175,37615.19381430398,93400
ANL_034,12,6,Analog-only,ANL_008,0.5341874664173974,1.6718127027718723,11976.258270765777,15113.866709333655,6.539343500890757,6.868728120756261,-1.363191485617464,-8837.749720445607,93400
ANL_034,12,6,Bass-only,ANL_008,0.5341874664173974,2.8125716097462585,20148.24025890956,20799.70105167894,10.74663031387953,11.388371200460984,-3.475709841660499,-20148.24025890956,93400
ANL_034,12,6,Analog + Bass (Static),ANL_008,0.5341874664173974,7.903284927463439,56616.25929855627,60683.132224570385,30.029222410726447,25.739787545467625,-37.096380535907606,56616.25929855627,93400
ANL_034,12,6,Analog + Bass (Adaptive),ANL_008,0.5341874664173974,9.367324192498318,67104.10421535159,70978.15759826062,35.649627809738064,29.882508572488163,-51.119132889239985,67104.10421535159,93400
ANL_034,18,6,Analog-only,ANL_008,0.5341874664173974,2.360680367770131,20327.67978331755,23437.847135263095,8.816407787439406,8.33568615803597,-2.544458758432949,20223.75693606497,93400
ANL_034,18,6,Bass-only,ANL_008,0.5341874664173974,1.0849268081828924,9342.240926038876,10425.64772203256,4.026693677025325,4.009212929813578,0.29867295763586843,2393.6831119980634,93400
ANL_034,18,6,Analog + Bass (Static),ANL_008,0.5341874664173974,7.60576896033232,65492.829119247464,67593.61384590418,28.323688446263358,24.661573605656564,-28.479887734657336,65492.829119247464,93400
ANL_034,18,6,Analog + Bass (Adaptive),ANL_008,0.5341874664173974,8.380978477355098,72168.11266977078,74191.9699387931,31.216113565141768,26.852099350913967,-34.51634760354994,72168.11266977078,93400
ANL_035,6,6,Analog-only,ANL_032,0.5017869431775996,4.395741930933215,63172.08643782742,65742.24688284539,29.833069805406225,35.20222963553791,-2.850895444896504,-63172.08643782742,93400
ANL_035,6,6,Bass-only,ANL_032,0.5017869431775996,2.882959740881464,41431.59102815569,52113.492334966984,18.093658812655043,20.78759219554287,-1.4197639226509766,-41431.59102815569,93400
ANL_035,6,6,Analog + Bass (Static),ANL_032,0.5017869431775996,4.029588261259558,57910.018820213365,64113.84379530676,26.488170616608713,31.08668628891967,-2.6624885106236267,-57910.018820213365,93400
ANL_035,6,6,Analog + Bass (Adaptive),ANL_032,0.5017869431775996,3.901882324853189,56074.731266930154,62429.659720141215,25.5893190945357,29.90361399500995,-2.4725985290925165,-56074.731266930154,93400
ANL_035,9,6,Analog-only,ANL_032,0.5017869431775996,6.685347814226267,92244.42914069403,94428.08081169284,33.910139538167996,40.91672595928917,-4.885243426433602,-92244.42914069403,93400
ANL_035,9,6,Bass-only,ANL_032,0.5017869431775996,4.053018880581447,55923.5545142628,66155.61979375842,19.273356151517653,22.05912003859369,-1.8886544283556828,-55923.5545142628,93400
ANL_035,9,6,Analog + Bass (Static),ANL_032,0.5017869431775996,3.720511569797469,51335.61864006548,53744.50971337696,18.595703937555776,20.58843705057782,-0.9064714922848838,-51335.61864006548,93400
ANL_035,9,6,Analog + Bass (Adaptive),ANL_032,0.5017869431775996,4.5141973064241006,62286.89443403974,64571.93295286774,22.686954180988405,25.673298111816507,-1.7520079183602757,-62286.89443403974,93400
ANL_035,12,6,Analog-only,ANL_032,0.5017869431775996,7.550080053881245,126502.27767369423,128842.55178684757,36.954738516173926,45.40591127628596,-8.00423740075104,-126502.27767369423,93400
ANL_035,12,6,Bass-only,ANL_032,0.5017869431775996,0.40930918938388716,6858.0126780533365,7612.3260203516675,2.0620918652260554,2.035913130098981,0.9685686480606402,6226.181686420158,93400
ANL_035,12,6,Analog + Bass (Static),ANL_032,0.5017869431775996,3.5611699453963115,59667.7261778375,61193.73481497028,17.35085833090604,19.02983097072687,-1.0311510509592394,-59667.7261778375,93400
ANL_035,12,6,Analog + Bass (Adaptive),ANL_032,0.5017869431775996,3.7476540370131426,62792.284085976746,64311.12625582635,18.273935004783027,20.142016249321113,-1.2433680591122012,-62792.284085976746,93400
ANL_035,18,6,Analog-only,ANL_032,0.5017869431775996,11.069297260079676,211702.9146395556,216425.04119624678,41.85586624850492,53.08540128193325,-10.021564373005022,-211702.9146395556,93400
ANL_035,18,6,Bass-only,ANL_032,0.5017869431775996,1.8969509434932292,36279.63313570648,44142.675069909026,6.894127240059858,7.16141567527842,0.5414934754687422,-25773.448848375585,93400
ANL_035,18,6,Analog + Bass (Static),ANL_032,0.5017869431775996,4.074405173467145,77923.95762612937,84711.35149535428,14.981875940837842,16.35777317300834,-0.6885403571791853,-77923.95762612937,93400
ANL_035,18,6,Analog + Bass (Adaptive),ANL_032,0.5017869431775996,4.504718732331993,86153.80568966873,92542.48213884106,16.639548516989276,18.310299204699742,-1.0151645352557446,-86153.80568966873,93400
ANL_036,6,6,Analog-only,ANL_032,0.5078153674127159,2.594700752106479,16954.812594564573,18610.944439238905,20.43056584648085,17.93448064510539,0.40807111832573595,16954.812594564573,93400
ANL_036,6,6,Bass-only,ANL_032,0.5078153674127159,1.394812661875567,9114.263857759704,11588.375221016488,8.089026066692435,7.651501800419676,0.7705025822902423,9099.124612577254,93400
ANL_036,6,6,Analog + Bass (Static),ANL_032,0.5078153674127159,6.340453632172925,41431.060214070756,45458.210629299836,40.271998089531216,51.19466148540832,-2.5314851047877474,-41431.060214070756,93400
ANL_036,6,6,Analog + Bass (Adaptive),ANL_032,0.5078153674127159,6.759942940270656,44172.17114890457,48074.340664395604,43.18594865155895,55.81424356628525,-2.949656973188435,-44172.17114890457,93400
ANL_036,9,6,Analog-only,ANL_032,0.5078153674127159,1.0597536609791558,8535.388454733744,10195.848417151805,6.632652530027198,6.395936002721249,0.8751848803909152,3892.1697280549147,93400
ANL_036,9,6,Bass-only,ANL_032,0.5078153674127159,0.33394742016894724,2689.654265468222,3428.7913862988657,1.728789971690339,1.7467138399798885,0.9858842947160978,-1978.8522826696474,93400
ANL_036,9,6,Analog + Bass (Static),ANL_032,0.5078153674127159,6.661363188829556,53651.45179323185,56433.431257134675,36.39737290913922,44.733984515435495,-2.823784169907924,-53651.45179323185,93400
ANL_036,9,6,Analog + Bass (Adaptive),ANL_032,0.5078153674127159,7.790186316945608,62743.13436996954,65455.86225562502,42.83848101223575,54.73328075778624,-4.1441965456116945,-62743.13436996954,93400
ANL_036,12,6,Analog-only,ANL_032,0.5078153674127159,1.2562421840612656,12917.024748022677,15662.047341418518,6.093876295822908,6.332340115759945,0.7646251249445407,-11147.275737407637,93400
ANL_036,12,6,Bass-only,ANL_032,0.5078153674127159,0.6591115453843936,6777.164667336532,7426.090426172608,3.5168965967091284,3.4466426545661686,0.9470844268816785,6777.164667336532,93400
ANL_036,12,6,Analog + Bass (Static),ANL_032,0.5078153674127159,5.57912704139987,57366.105819775665,58765.12381235925,28.972990233860614,33.90783286104184,-2.313617298520766,-57366.105819775665,93400
ANL_036,12,6,Analog + Bass (Adaptive),ANL_032,0.5078153674127159,6.093640564870277,62656.47418996843,64092.10097058926,31.68216791827401,37.67151175095583,-2.9415955064664976,-62656.47418996843,93400
ANL_036,18,6,Analog-only,ANL_032,0.5078153674127159,3.645984509822741,47669.746178192996,49243.7951327227,15.38364695130228,16.739505719040093,-2.901810053982432,-47669.746178192996,93400
ANL_036,18,6,Bass-only,ANL_032,0.5078153674127159,2.6782300099803154,35016.75457990028,40534.83265089746,10.948347747035077,11.761603269788113,-1.643746808595282,-35016.75457990028,93400
ANL_036,18,6,Analog + Bass (Static),ANL_032,0.5078153674127159,4.827892628254604,63122.70815864084,64104.236447449846,20.541048085455174,22.977041637367023,-5.61205648517252,-63122.70815864084,93400
ANL_036,18,6,Analog + Bass (Adaptive),ANL_032,0.5078153674127159,5.754568373171417,75238.61195106262,76046.26266211737,24.470939079725348,27.964431331295742,-8.305052809585268,-75238.61195106262,93400
ANL_001,6,6,Analog-only,ANL_029,0.46751645647933293,7.500395055722329,48058.03128003525,48618.23165310867,44.04822505111245,36.04544166088549,-9.139060428138968,48058.03128003525,94721
ANL_001,6,6,Bass-only,ANL_029,0.46751645647933293,0.8561856525829512,5485.923950360001,5838.81544020129,4.956605151921686,4.849505006566493,0.8537658214562214,4364.777289892042,94721
ANL_001,6,6,Analog + Bass (Static),ANL_029,0.46751645647933293,1.1702459988906293,7498.2342132918175,8189.070616225038,6.701683970915802,6.9683380390790255,0.7123471862537958,-7498.2342132918175,94721
ANL_001,6,6,Analog + Bass (Adaptive),ANL_029,0.46751645647933293,1.1079695022431764,7099.203788672928,7812.36361011819,6.335838795467065,6.57749892300063,0.7382032257412419,-7099.203788672928,94721
ANL_001,9,6,Analog-only,ANL_029,0.46751645647933293,8.983604736533271,58230.602951616595,59321.051621329105,42.21029567216228,34.69150949053891,-9.357448405204579,58230.602951616595,94721
ANL_001,9,6,Bass-only,ANL_029,0.46751645647933293,1.214031493623525,7869.200387730986,10448.794858377652,5.3042866619781,5.539311850591147,0.6786579934718877,-7227.915318214208,94721
ANL_001,9,6,Analog + Bass (Static),ANL_029,0.46751645647933293,1.6865944619675874,10932.294478166155,13289.852229899294,7.587314691211683,8.007047940623448,0.4801531702661972,-10932.294478166155,94721
ANL_001,9,6,Analog + Bass (Adaptive),ANL_029,0.46751645647933293,1.5894328413387369,10302.504998452525,12770.55912447509,7.133835952900414,7.518591579092214,0.5199848772900607,-10302.504998452525,94721
ANL_001,12,6,Analog-only,ANL_029,0.46751645647933293,8.936287158650039,66313.74983511686,67539.12523259726,37.90106018713552,31.68642724490494,-9.497448412044626,66313.74983511686,94721
ANL_001,12,6,Bass-only,ANL_029,0.46751645647933293,0.9674284116190576,7179.022398512767,8453.216675684966,4.291194318286782,4.359702295053813,0.8355564330330826,-1764.4495760154532,94721
ANL_001,12,6,Analog + Bass (Static),ANL_029,0.46751645647933293,1.3305723211582778,9873.814311955264,12739.768018567598,5.569272551022204,5.857171023278249,0.6264954246901148,-9873.814311955264,94721
ANL_001,12,6,Analog + Bass (Adaptive),ANL_029,0.46751645647933293,1.3479935586471945,10003.092564113927,12838.04410396296,5.642654160982176,5.934790980822203,0.6207106809022507,-10003.092564113927,94721
ANL_001,18,6,Analog-only,ANL_029,0.46751645647933293,8.259954145273326,83568.38548600826,84854.08813821565,33.6155627135374,28.56812276354776,-7.26064579163207,83568.38548600826,94721
ANL_001,18,6,Bass-only,ANL_029,0.46751645647933293,1.3100417282505283,13254.077471101258,15134.51094413426,5.0619867827194565,5.100457042097869,0.7372121738320536,-4365.518470153979,94721
ANL_001,18,6,Analog + Bass (Static),ANL_029,0.46751645647933293,1.3833186418538883,13995.441558059863,15982.763980550977,5.318418815083584,5.450540854278588,0.7069294149437619,-9591.00848192693,94721
ANL_001,18,6,Analog + Bass (Adaptive),ANL_029,0.46751645647933293,1.6691104012795248,16886.88084456886,19072.76986165033,6.418761971649071,6.656706175895423,0.5826542494925138,-14039.544428512294,94721
ANL_002,6,6,Analog-only,ANL_031,0.5150953743392579,1.3072574008861972,9008.049298026608,11970.308841321063,8.367363134443877,9.043368124495474,-1.4531332485354023,-8855.069761371851,94721
ANL_002,6,6,Bass-only,ANL_031,0.5150953743392579,0.800350079519324,5515.052327951758,7384.299355823485,4.933108224089314,4.727790067050453,0.06646841499763378,4570.3414373125825,94721
ANL_002,6,6,Analog + Bass (Static),ANL_031,0.5150953743392579,2.2682184835901436,15629.839926722962,17878.883532735534,13.947856177221277,12.805930287838496,-4.47256864804228,15629.839926722962,94721
ANL_002,6,6,Analog + Bass (Adaptive),ANL_031,0.5150953743392579,2.725265058079157,18779.256462211855,20819.424004449815,16.791411480875553,15.255961436401735,-6.420750799916438,18779.256462211855,94721
ANL_002,9,6,Analog-only,ANL_031,0.5150953743392579,1.2283733992134611,7916.866557930756,12525.024793346724,6.431149580561786,5.969409403253003,-1.448002955992953,6669.6880131706375,94721
ANL_002,9,6,Bass-only,ANL_031,0.5150953743392579,2.6901043225092307,17337.72235857199,19366.62451145955,14.41856547177063,13.262329554939175,-4.85278558451356,17337.72235857199,94721
ANL_002,9,6,Analog + Bass (Static),ANL_031,0.5150953743392579,6.276351894920857,40451.08796276493,43405.344740853994,33.43476101655654,28.20498647409973,-28.399582914934186,40451.08796276493,94721
ANL_002,9,6,Analog + Bass (Adaptive),ANL_031,0.5150953743392579,6.47808572057649,41751.26246911548,44675.434737932264,34.51629983066156,28.994284017797845,-30.14528606017058,41751.26246911548,94721
ANL_002,12,6,Analog-only,ANL_031,0.5150953743392579,2.222540373921261,15385.434713907476,17547.61742365864,11.293442681366427,10.49978273679043,-0.2790087864818869,15385.434713907476,94721
ANL_002,12,6,Bass-only,ANL_031,0.5150953743392579,1.8135682147911236,12554.343531972698,16118.013794292208,8.364109352311083,8.88967066105933,-0.07909643977266079,-9887.435881032825,94721
ANL_002,12,6,Analog + Bass (Static),ANL_031,0.5150953743392579,7.1686376065412025,49624.56798411754,51081.35139719235,35.49303191435029,29.950086491976286,-9.838320019558282,49624.56798411754,94721
ANL_002,12,6,Analog + Bass (Adaptive),ANL_031,0.5150953743392579,8.086430238404125,55977.94576034171,57428.273845388256,40.04610480260655,33.17005888503388,-12.698995995740184,55977.94576034171,94721
ANL_002,18,6,Analog-only,ANL_031,0.5150953743392579,5.725710808199983,43165.796976501544,44842.790990385285,24.83581382192731,21.908080439017898,-13.058706580273194,43165.796976501544,94721
ANL_002,18,6,Bass-only,ANL_031,0.5150953743392579,1.0832222950056356,8166.3491630889575,11284.454547438347,4.773016172415228,4.569113344900514,0.10973102274620239,7402.349591892028,94721
ANL_002,18,6,Analog + Bass (Static),ANL_031,0.5150953743392579,5.932063874209024,44721.48060272805,45889.952806558395,25.71782113741775,22.65324193099042,-13.722966331990568,44721.48060272805,94721
ANL_002,18,6,Analog + Bass (Adaptive),ANL_031,0.5150953743392579,7.103568371369707,53553.3840947932,54611.4033681016,30.778705918772474,26.537801028772495,-19.850994350771384,53553.3840947932,94721
ANL_003,6,6,Analog-only,ANL_033,0.6758948613959341,14.217782656599464,59828.42941897055,60195.244916050455,86.15825524699432,58.97035241166172,-9.8452092081263,59828.42941897055,94721
ANL_003,6,6,Bass-only,ANL_033,0.6758948613959341,9.111756525309396,38342.271458501935,44782.42559694978,46.693327790801085,64.78014130628208,-5.00245328208682,-38342.271458501935,94721
ANL_003,6,6,Analog + Bass (Static),ANL_033,0.6758948613959341,8.238246958062211,34666.54319952578,37634.74874186446,44.24031051973492,57.52099719026339,-3.2392751405916878,-34666.54319952578,94721
ANL_003,6,6,Analog + Bass (Adaptive),ANL_033,0.6758948613959341,7.9187605659511675,33322.14446152251,36351.959994754594,42.38259819537289,54.51624832470709,-2.955207075940169,-33322.14446152251,94721
ANL_003,9,6,Analog-only,ANL_033,0.6758948613959341,8.56286858350138,49202.242880798934,50534.169827469144,48.79784472876698,38.329195836298986,-3.4527686894307728,49202.242880798934,94721
ANL_003,9,6,Bass-only,ANL_033,0.6758948613959341,3.4801441520683407,19996.908297784685,25583.956076345978,16.359098311873506,18.386122537825024,-0.14128803877432916,-19996.908297784685,94721
ANL_003,9,6,Analog + Bass (Static),ANL_033,0.6758948613959341,8.812775342026812,50638.207115286066,54021.480994588564,44.85510286247419,58.29149355362572,-4.088535824910634,-50638.207115286066,94721
ANL_003,9,6,Analog + Bass (Adaptive),ANL_033,0.6758948613959341,9.894801386799692,56855.528768551034,60057.718490467785,50.681309291024235,68.30246586561861,-5.289230674904137,-56855.528768551034,94721
ANL_003,12,6,Analog-only,ANL_033,0.6758948613959341,4.273024466831048,34170.59974770847,37607.51796273416,25.541676455406805,21.79810815907428,-0.5175079268173979,34170.59974770847,94721
ANL_003,12,6,Bass-only,ANL_033,0.6758948613959341,2.2377086365915524,17894.5491107069,20326.803599774084,11.751068702127853,10.934558171214782,0.5566774659099032,17894.5491107069,94721
ANL_003,12,6,Analog + Bass (Static),ANL_033,0.6758948613959341,8.484343026105332,67847.74857194141,71701.06778946934,43.33177832251572,55.811267168656286,-4.516109411320324,-67847.74857194141,94721
ANL_003,12,6,Analog + Bass (Adaptive),ANL_033,0.6758948613959341,9.380559970887887,75014.6325308321,78702.00768374914,48.16605835225972,63.90071837641204,-5.645891515162604,-75014.6325308321,94721
ANL_003,18,6,Analog-only,ANL_033,0.6758948613959341,0.8032665250470373,8582.902820127594,10185.768217014918,3.691163424226974,3.636043130658951,0.7962340604998693,2558.4281156850484,94721
ANL_003,18,6,Bass-only,ANL_033,0.6758948613959341,1.3396737307484128,14314.41381304679,16610.348409682825,6.182125741566371,5.937811176829479,0.4581220280717828,14314.41381304679,94721
ANL_003,18,6,Analog + Bass (Static),ANL_033,0.6758948613959341,7.622216292611605,81443.381086555,82219.24475819028,34.581374580550595,41.84011194062755,-12.27672558257435,-81443.381086555,94721
ANL_003,18,6,Analog + Bass (Adaptive),ANL_033,0.6758948613959341,9.3572123201566,99981.81364087328,100764.53305710008,42.491481623573044,53.98081403041931,-18.941572693566943,-99981.81364087328,94721
ANL_004,6,6,Analog-only,ANL_016,0.4250604782922995,2.3468412243011882,26633.362318104468,32525.429659422996,15.735614919864052,15.749546507203457,0.45880715888141144,-8964.26591605093,94721
ANL_004,6,6,Bass-only,ANL_016,0.4250604782922995,1.2494393505152765,14179.387413257668,18991.01059442937,7.309048613548104,7.653059491259408,0.8154975614008672,-11164.937988500837,94721
ANL_004,6,6,Analog + Bass (Static),ANL_016,0.4250604782922995,6.861735302605622,77871.08925515016,85815.83345533953,42.77423532639799,55.47954416316071,-2.7673919729580727,-77871.08925515016,94721
ANL_004,6,6,Analog + Bass (Adaptive),ANL_016,0.4250604782922995,7.204969631218896,81766.31835685077,89502.1934985493,45.14973380582368,59.34174571583682,-3.0980128571947425,-81766.31835685077,94721
ANL_004,9,6,Analog-only,ANL_016,0.4250604782922995,4.1574801861741655,64170.706673598244,75962.74830402563,22.33153928543268,26.056359422481083,-0.6914767507143011,-64170.706673598244,94721
ANL_004,9,6,Bass-only,ANL_016,0.4250604782922995,2.1778021053045054,33614.37549537504,40286.8598259616,11.957379841483133,11.163853298857925,0.5242360515330735,33614.37549537504,94721
ANL_004,9,6,Analog + Bass (Static),ANL_016,0.4250604782922995,9.014502661916367,139138.84858667912,149135.43305242318,51.65304745420728,70.71474144477213,-5.51968141127738,-139138.84858667912,94721
ANL_004,9,6,Analog + Bass (Adaptive),ANL_016,0.4250604782922995,9.494251474116503,146543.7715029882,156167.4980796561,54.64432848316917,76.19472033481507,-6.149011573440715,-146543.7715029882,94721
ANL_004,12,6,Analog-only,ANL_016,0.4250604782922995,7.069329070556879,129547.38321679224,136561.59369320102,34.91660837571084,42.66063609889868,-4.138485568213892,-129547.38321679224,94721
ANL_004,12,6,Bass-only,ANL_016,0.4250604782922995,1.518633574169706,27829.374419452815,39941.126977702384,7.11056417679793,6.639261972941999,0.5604395414313313,27829.374419452815,94721
ANL_004,12,6,Analog + Bass (Static),ANL_016,0.4250604782922995,9.68035479114305,177395.14164445762,183468.757575003,48.37385820502424,64.08751359666893,-8.274750345746051,-177395.14164445762,94721
ANL_004,12,6,Analog + Bass (Adaptive),ANL_016,0.4250604782922995,10.850334287059631,198835.33499244603,204632.7797618497,54.41118413456978,74.99372946384794,-10.53794318057112,-198835.33499244603,94721
ANL_004,18,6,Analog-only,ANL_016,0.4250604782922995,9.901619754953822,264691.26418586733,265996.2040067396,46.80874675786769,61.14407542982762,-32.747989813195595,-264691.26418586733,94721
ANL_004,18,6,Bass-only,ANL_016,0.4250604782922995,2.270875462733235,60705.310031603985,68332.88773877168,10.35497876720145,11.059296810273931,-1.2271864727971837,-60705.310031603985,94721
ANL_004,18,6,Analog + Bass (Static),ANL_016,0.4250604782922995,7.304446795517419,195263.33108445347,196206.04528702685,34.58031388207042,41.848137546941096,-17.362076821440112,-195263.33108445347,94721
ANL_004,18,6,Analog + Bass (Adaptive),ANL_016,0.4250604782922995,8.771287057956068,234475.07754940607,235421.81943902682,41.519943286876,52.43310338796595,-25.435678108239664,-234475.07754940607,94721
ANL_005,6,6,Analog-only,ANL_010,0.6023941790230696,8.73144228925412,47926.88672571586,48058.22540407771,30.579132717928392,36.21240838431524,-11.662954903912393,-47926.88672571586,94721
ANL_005,6,6,Bass-only,ANL_010,0.6023941790230696,1.2588273479964616,6909.703313152578,7326.371961819309,4.289193946260512,4.369222008228575,0.7057086288371207,-5164.62050816602,94721
ANL_005,6,6,Analog + Bass (Static),ANL_010,0.6023941790230696,5.629870673263093,30902.360125541116,33101.79041150524,19.232031867596426,17.38286195131847,-5.007621588955997,30902.360125541116,94721
ANL_005,6,6,Analog + Bass (Adaptive),ANL_010,0.6023941790230696,5.380279792974606,29532.35578363761,31767.43456799719,18.36706443799082,16.660587168081218,-4.53304099961756,29532.35578363761,94721
ANL_005,9,6,Analog-only,ANL_010,0.6023941790230696,7.505908370471801,45741.94384820146,46248.1854069721,25.541866805399266,29.420167141087294,-17.948517303620264,-45741.94384820146,94721
ANL_005,9,6,Bass-only,ANL_010,0.6023941790230696,2.549491441718597,15536.919532263346,16169.51788773442,8.51752455016468,8.921060158656035,-1.3162209211382656,-15536.919532263346,94721
ANL_005,9,6,Analog + Bass (Static),ANL_010,0.6023941790230696,4.758686016295359,29000.027419055954,31228.442127637987,15.843472681522156,14.556416463610747,-7.639457580785349,29000.027419055954,94721
ANL_005,9,6,Analog + Bass (Adaptive),ANL_010,0.6023941790230696,4.922375103568367,29997.569178033573,32191.401757631967,16.395825655494736,15.02922091903901,-8.180484765050668,29997.569178033573,94721
ANL_005,12,6,Analog-only,ANL_010,0.6023941790230696,4.804106149518064,35316.73125279802,37531.62470727153,17.96489262604547,20.053331882069028,-11.252884929856979,-35316.73125279802,94721
ANL_005,12,6,Bass-only,ANL_010,0.6023941790230696,1.3384404367817184,9839.362356395786,11602.199525576774,4.939688847394185,4.7969343275712255,-0.17091207494972527,7842.025238483334,94721
ANL_005,12,6,Analog + Bass (Static),ANL_010,0.6023941790230696,8.498186624450792,62473.260126019384,66694.86799102416,31.115856089927423,26.55717114080825,-37.69264863069935,62473.260126019384,94721
ANL_005,12,6,Analog + Bass (Adaptive),ANL_010,0.6023941790230696,9.454265260154784,69501.74184203787,73589.46109005107,34.64691009422911,29.15875109243143,-46.10585272945947,69501.74184203787,94721
ANL_005,18,6,Analog-only,ANL_010,0.6023941790230696,1.4768638992017367,11668.875416286945,14253.172359528704,4.925781697853205,5.081008402806935,0.02793263806246382,-6332.641167797036,94721
ANL_005,18,6,Bass-only,ANL_010,0.6023941790230696,0.8891967889110365,7025.64844057303,11218.648525336032,2.785594813354576,2.8739467541616577,0.3977811133857886,-4947.479125895949,94721
ANL_005,18,6,Analog + Bass (Static),ANL_010,0.6023941790230696,11.002280113351668,86930.30956148721,89596.76868853247,36.44466672822001,30.60052729432991,-37.41120943387415,86930.30956148721,94721
ANL_005,18,6,Analog + Bass (Adaptive),ANL_010,0.6023941790230696,11.988541605544043,94722.87764206296,97327.79865382794,39.71836435061433,32.9093795231323,-44.32596811597429,94722.87764206296,94721
ANL_006,6,6,Analog-only,ANL_027,0.5511918120063638,2.396118887373699,11547.855365808804,14307.327707048487,10.902932570127057,11.889693515393073,-1.8148044462614843,-11146.804533975215,94721
ANL_006,6,6,Bass-only,ANL_027,0.5511918120063638,1.1260278813704059,5426.778771476534,6313.367882499097,4.928846349692103,5.013272264404375,0.45190811486576643,-1238.2535205250072,94721
ANL_006,6,6,Analog + Bass (Static),ANL_027,0.5511918120063638,2.954780411771747,14240.268716492756,16882.53175894502,13.320274249835798,12.219419453911918,-2.9192803462913806,14240.268716492756,94721
ANL_006,6,6,Analog + Bass (Adaptive),ANL_027,0.5511918120063638,2.8193216796064706,13587.438902695423,16304.895929585377,12.708475188297333,11.680687124740412,-2.6556721589783585,13587.438902695423,94721
ANL_006,9,6,Analog-only,ANL_027,0.5511918120063638,0.9952241948898587,6079.700203557785,9093.197586419661,5.071828362673373,5.203849280377313,-0.17925143766794793,-1245.6465874822752,94721
ANL_006,9,6,Bass-only,ANL_027,0.5511918120063638,1.8702015029784187,11424.827206507287,12889.910646755814,9.485117013584405,8.95609220765896,-1.3695887104141917,11083.252810032354,94721
ANL_006,9,6,Analog + Bass (Static),ANL_027,0.5511918120063638,4.946280065942188,30216.206637832587,32615.885121496125,24.93646752978783,21.867636112919186,-14.171603912468374,30216.206637832587,94721
ANL_006,9,6,Analog + Bass (Adaptive),ANL_027,0.5511918120063638,4.8352233154374185,29537.77483109276,31957.839849494336,24.370646421477137,21.419665437953128,-13.565586962735534,29537.77483109276,94721
ANL_006,12,6,Analog-only,ANL_027,0.5511918120063638,1.8035662941960076,9554.47442378945,13176.230390399764,6.93327944308625,6.521860989702359,-1.2388694933982567,8538.687156829845,94721
ANL_006,12,6,Bass-only,ANL_027,0.5511918120063638,2.439857298051517,12925.254939032371,14728.309988853161,9.26727749809961,9.842504453053026,-1.797385060759427,-12925.254939032371,94721
ANL_006,12,6,Analog + Bass (Static),ANL_027,0.5511918120063638,7.742764011051931,41017.64429236629,43759.568600795916,30.01851898919225,25.773505583333435,-23.694059061704188,41017.64429236629,94721
ANL_006,12,6,Analog + Bass (Adaptive),ANL_027,0.5511918120063638,9.303337203666299,49284.85171538602,51886.54052291991,36.12182704689431,30.26417721045984,-33.71809201495602,49284.85171538602,94721
ANL_006,18,6,Analog-only,ANL_027,0.5511918120063638,5.079645889117243,33841.19851869779,35876.37178601586,21.05794714945365,18.842701762807778,-14.326576748021402,33841.19851869779,94721
ANL_006,18,6,Bass-only,ANL_027,0.5511918120063638,0.9727452423583421,6480.543245208023,7283.269098314294,3.9555247233055315,4.017339762030547,0.36834368110918403,-3498.858831268755,94721
ANL_006,18,6,Analog + Bass (Static),ANL_027,0.5511918120063638,8.476034371398967,56468.3381627742,58247.193866661466,34.956317817617006,29.53854790035682,-39.39970067526516,56468.3381627742,94721
ANL_006,18,6,Analog + Bass (Adaptive),ANL_027,0.5511918120063638,10.59376337720463,70576.89794404044,72243.80772187756,43.70210381966821,35.64472592984936,-61.148319325491464,70576.89794404044,94721
ANL_007,6,6,Analog-only,ANL_020,0.5628677226981447,1.2542907402772836,3226.78835843734,3733.5869883412847,4.907360879004977,4.785423449098991,-0.019706424278781,2401.695355318197,94721
ANL_007,6,6,Bass-only,ANL_020,0.5628677226981447,2.074410031151969,5336.627246141555,6064.803613429707,8.08482974461158,7.6978134741230315,-1.690643080429345,5336.627246141555,94721
ANL_007,6,6,Analog + Bass (Static),ANL_020,0.5628677226981447,2.164837609294653,5569.261233671424,6308.275134198117,8.439012801267591,8.02093979883477,-1.91101109158768,5569.261233671424,94721
ANL_007,6,6,Analog + Bass (Adaptive),ANL_020,0.5628677226981447,2.356595469926219,6062.57750593219,6766.391229057451,9.201899855119642,8.720509871869416,-2.349167100621317,6062.57750593219,94721
ANL_007,9,6,Analog-only,ANL_020,0.5628677226981447,1.3663937010587357,3059.8678943084064,3710.532885661018,4.377492837658259,4.240421372537461,0.5937623151054884,2653.324907176102,94721
ANL_007,9,6,Bass-only,ANL_020,0.5628677226981447,3.5163221499490662,7874.36391454219,9603.44891188002,10.189475761871458,11.000491714937361,-1.721210257087043,-7874.36391454219,94721
ANL_007,9,6,Analog + Bass (Static),ANL_020,0.5628677226981447,0.921891900947985,2064.461675685394,2363.9692549344263,2.89211964107501,2.8549439060011133,0.8351111510068753,828.8745454460199,94721
ANL_007,9,6,Analog + Bass (Adaptive),ANL_020,0.5628677226981447,1.0410022574211868,2331.1944302125703,2765.118120347629,3.3121931488884355,3.2389502640128596,0.7744021195599301,1690.206156345727,94721
ANL_007,12,6,Analog-only,ANL_020,0.5628677226981447,1.0700427420272285,2481.429118761143,3323.123221760019,2.9024598479708437,2.8360261932433812,0.517101539086218,1834.2331021594873,94721
ANL_007,12,6,Bass-only,ANL_020,0.5628677226981447,4.739913837002891,10991.860188009703,11662.85033416337,12.917379594803688,13.902373307906716,-4.94801884315056,-10991.860188009703,94721
ANL_007,12,6,Analog + Bass (Static),ANL_020,0.5628677226981447,2.50035280497942,5798.318154747275,6731.176072553869,6.791874285720217,6.502863734496615,-0.9812753324736672,5798.318154747275,94721
ANL_007,12,6,Analog + Bass (Adaptive),ANL_020,0.5628677226981447,2.7703110432505573,6424.351309298043,7299.61442242658,7.5391668764775,7.199150535955424,-1.3300367551945804,6424.351309298043,94721
ANL_007,18,6,Analog-only,ANL_020,0.5628677226981447,4.546490892908048,12706.907164396478,14207.831283839641,14.188887528000244,12.993276990722388,-1.1868425396360278,12706.907164396478,94721
ANL_007,18,6,Bass-only,ANL_020,0.5628677226981447,3.214197312581172,8983.303347804072,10403.732872262543,10.100266862971989,9.434354537158631,-0.17257415133021659,8588.69496671702,94721
ANL_007,18,6,Analog + Bass (Static),ANL_020,0.5628677226981447,3.5305105008381195,9867.361495665975,11472.99383848418,11.133271997179335,10.32560766528431,-0.4259866233527472,9709.118149066855,94721
ANL_007,18,6,Analog + Bass (Adaptive),ANL_020,0.5628677226981447,3.8839036328441483,10855.053723960236,12445.811587122676,12.21286110600433,11.273199460467378,-0.6780634380387229,10855.053723960236,94721
ANL_008,6,6,Analog-only,ANL_035,0.44163570834020005,7.717471855823515,26683.930688695385,27269.698183876648,19.391749422664397,21.616407073015235,-8.631648399448931,-26683.930688695385,94721
ANL_008,6,6,Bass-only,ANL_035,0.44163570834020005,3.9294791386620864,13586.567069838029,13989.910864314099,9.700234677775049,10.218902588251405,-1.5349526563354159,-13586.567069838029,94721
ANL_008,6,6,Analog + Bass (Static),ANL_035,0.44163570834020005,5.925345484147574,20487.47454598865,23553.158334824126,14.36397427902318,13.16996392790982,-6.185190070896289,20487.47454598865,94721
ANL_008,6,6,Analog + Bass (Adaptive),ANL_035,0.44163570834020005,5.890040084779176,20365.402597132477,23439.955890609344,14.27646525682642,13.093829157421021,-6.1162883627766576,20365.402597132477,94721
ANL_008,9,6,Analog-only,ANL_035,0.44163570834020005,2.964603309364034,17688.676220734178,19277.166764819965,11.73971033274076,12.63872701783695,-3.979829516763375,-17688.676220734178,94721
ANL_008,9,6,Bass-only,ANL_035,0.44163570834020005,1.8040046328231791,10763.819142318602,12806.745274662831,6.912394090650897,6.600979602081661,-1.1978882600295928,10763.819142318602,94721
ANL_008,9,6,Analog + Bass (Static),ANL_035,0.44163570834020005,2.422954325206348,14456.859850634326,14950.049756448447,9.454443134870154,9.003538082217343,-1.9951138979467529,14456.859850634326,94721
ANL_008,9,6,Analog + Bass (Adaptive),ANL_035,0.44163570834020005,1.6710570393445117,9970.570707378947,10624.108752823282,6.520374886220119,6.290652316789876,-0.5125616381303637,9970.570707378947,94721
ANL_008,12,6,Analog-only,ANL_035,0.44163570834020005,1.5228443856652933,8412.330826813777,11136.551329470396,5.109336704596212,5.355220691223378,0.06701571218597124,-8308.580418239138,94721
ANL_008,12,6,Bass-only,ANL_035,0.44163570834020005,0.847273654549843,4680.416692611019,5943.143717001373,2.8044412413353172,2.740558469036131,0.7342915605638858,4495.759738357073,94721
ANL_008,12,6,Analog + Bass (Static),ANL_035,0.44163570834020005,7.55991941089654,41761.68209119348,43405.552778451165,24.2072339386624,21.475477423470167,-13.17305480784721,41761.68209119348,94721
ANL_008,12,6,Analog + Bass (Adaptive),ANL_035,0.44163570834020005,8.038419987564549,44404.96277675998,46021.78642299738,25.752145551587557,22.6958911451928,-14.933083383894777,44404.96277675998,94721
ANL_008,18,6,Analog-only,ANL_035,0.44163570834020005,2.454864453867644,15724.850864936301,18520.614221366384,7.5143177184150245,7.151165657112346,-2.0444125548698993,15724.850864936301,94721
ANL_008,18,6,Bass-only,ANL_035,0.44163570834020005,0.889867988031743,5700.12791510098,6432.830903775554,2.7801482546470977,2.8053752627989708,0.6327202331869186,-3171.1322554875223,94721
ANL_008,18,6,Analog + Bass (Static),ANL_035,0.44163570834020005,9.453449457299067,60554.90462662247,62356.44417479025,29.18820321202355,25.33142738761512,-33.51083099510808,60554.90462662247,94721
ANL_008,18,6,Analog + Bass (Adaptive),ANL_035,0.44163570834020005,11.063558507132456,70868.60021377582,72590.21383864748,34.17917248373334,29.04947340782898,-45.76800932026416,70868.60021377582,94721
ANL_009,6,6,Analog-only,ANL_030,0.47342084191541944,7.82887563801007,38226.83396527557,38652.583333521055,48.87267905423119,38.78126368774615,-3.742970477897609,38226.83396527557,94721
ANL_009,6,6,Bass-only,ANL_030,0.47342084191541944,0.6864456473404822,3351.7768068341065,4591.402311812469,4.0750875500668515,4.083007214611424,0.9330756644202279,150.35853859341418,94721
ANL_009,6,6,Analog + Bass (Static),ANL_030,0.47342084191541944,2.6251049566272586,12817.86248221958,15658.031590787145,13.915086709971888,15.316045946839708,0.22166295539463365,-12817.86248221958,94721
ANL_009,6,6,Analog + Bass (Adaptive),ANL_030,0.47342084191541944,2.6939677612688606,13154.105784723593,15957.084592583167,14.328866573771107,15.794007833681393,0.19164809557748175,-13154.105784723593,94721
ANL_009,9,6,Analog-only,ANL_030,0.47342084191541944,7.154118274156928,39029.29224466312,39588.32684529163,35.10179920053238,29.52817423310414,-2.5229918750179103,39029.29224466312,94721
ANL_009,9,6,Bass-only,ANL_030,0.47342084191541944,1.5241602046250644,8315.05599633204,9470.896064401064,6.83765904353807,7.158078146955653,0.7983679858539825,-8315.05599633204,94721
ANL_009,9,6,Analog + Bass (Static),ANL_030,0.47342084191541944,5.075242801119156,27687.987101505558,29865.127348249604,22.82507820666765,26.022053269147904,-1.0049617381447522,-27687.987101505558,94721
ANL_009,9,6,Analog + Bass (Adaptive),ANL_030,0.47342084191541944,5.286220605483,28838.976513212507,30980.777261793035,23.829412216705705,27.306832661114967,-1.1575554493553173,-28838.976513212507,94721
ANL_009,12,6,Analog-only,ANL_030,0.47342084191541944,7.103955904018577,47106.97741372028,47731.52726777279,32.16301819049126,27.636208192174095,-7.810525862186585,47106.97741372028,94721
ANL_009,12,6,Bass-only,ANL_030,0.47342084191541944,2.131570143159609,14134.635398395292,20586.91870915981,8.830816178634588,8.108929760407829,-0.6389808081373967,13967.330341849069,94721
ANL_009,12,6,Analog + Bass (Static),ANL_030,0.47342084191541944,3.36481460782999,22312.39155675774,22806.479103511192,15.328663777937345,16.66900998310561,-1.0114426558607996,-22312.39155675774,94721
ANL_009,12,6,Analog + Bass (Adaptive),ANL_030,0.47342084191541944,4.318869523337047,28638.81643375008,29006.864609996228,19.624091954083767,21.82486643089811,-2.253814158920266,-28638.81643375008,94721
ANL_009,18,6,Analog-only,ANL_030,0.47342084191541944,6.53776387677204,50827.65297279137,52788.23062427501,23.595257490484563,20.812202404765742,-2.512720156350303,50827.65297279137,94721
ANL_009,18,6,Bass-only,ANL_030,0.47342084191541944,4.9714170274347085,38650.13546164327,46045.57996873494,16.050193129000586,17.99207692164125,-1.6726693731179227,-38650.13546164327,94721
ANL_009,18,6,Analog + Bass (Static),ANL_030,0.47342084191541944,3.9452165517126296,30671.970045508904,33386.92174926854,13.169501890883692,14.229625058128448,-0.40514809992879885,-30671.970045508904,94721
ANL_009,18,6,Analog + Bass (Adaptive),ANL_030,0.47342084191541944,5.356211733804319,41641.71058882245,43901.1717173874,18.075951599448683,19.999134325997904,-1.4295260793756364,-41641.71058882245,94721
ANL_010,6,6,Analog-only,ANL_005,0.6023941790230696,5.732779282514362,35978.922777060136,36988.59389080093,30.816454380475406,26.2988884136722,-2.3147094549352105,35978.922777060136,94721
ANL_010,6,6,Bass-only,ANL_005,0.6023941790230696,1.3650923363338012,8567.319502830936,9252.696334249527,6.848352665294068,7.116832352046422,0.7925820004445691,-8567.319502830936,94721
ANL_010,6,6,Analog + Bass (Static),ANL_005,0.6023941790230696,5.318110795421408,33376.463352064755,35514.973652354995,26.148708505514477,30.31163286662958,-2.0558555165931263,-33376.463352064755,94721
ANL_010,6,6,Analog + Bass (Adaptive),ANL_005,0.6023941790230696,5.562970579657071,34913.20335792778,37008.36642395068,27.40871658866297,31.988466375965952,-2.31825420823289,-34913.20335792778,94721
ANL_010,9,6,Analog-only,ANL_005,0.6023941790230696,2.693719069102832,22718.489913929647,27167.537005983242,15.826327886329588,14.10184919194006,0.02328599596682368,22046.05362447114,94721
ANL_010,9,6,Bass-only,ANL_005,0.6023941790230696,1.2889189003396133,10870.580890601756,12425.983978518248,6.415530222648989,6.169757643891378,0.7956717296609165,10870.580890601756,94721
ANL_010,9,6,Analog + Bass (Static),ANL_005,0.6023941790230696,7.449688355271374,62829.74037731436,67557.97114918238,36.92785740024031,46.02444869053438,-5.039765505225155,-62829.74037731436,94721
ANL_010,9,6,Analog + Bass (Adaptive),ANL_005,0.6023941790230696,7.844019435148606,66155.47941361395,70692.25249994079,39.010709809320886,49.177233703162585,-5.613182686000992,-66155.47941361395,94721
ANL_010,12,6,Analog-only,ANL_005,0.6023941790230696,1.465803238527869,13571.738930689671,17704.624528901062,6.553916218599311,6.446022112953273,0.6943770084586413,-763.241541180619,94721
ANL_010,12,6,Bass-only,ANL_005,0.6023941790230696,0.4964345386005726,4596.442262490101,4995.923402927113,2.1686894620473565,2.178692279852159,0.9756642843053132,-2821.7375660606826,94721
ANL_010,12,6,Analog + Bass (Static),ANL_005,0.6023941790230696,7.349077776765777,68044.44303709462,70935.76830207248,31.11037268200445,37.04448497339192,-3.9061761224425684,-68044.44303709462,94721
ANL_010,12,6,Analog + Bass (Adaptive),ANL_005,0.6023941790230696,8.165889342338856,75607.22706713888,78380.65808403838,34.68704623549368,42.160367763990145,-4.990049229149277,-75607.22706713888,94721
ANL_010,18,6,Analog-only,ANL_005,0.6023941790230696,5.302993621978761,65839.16134327666,69133.3762458686,19.09865465977333,21.25867304789478,-3.2917604998230967,-65839.16134327666,94721
ANL_010,18,6,Bass-only,ANL_005,0.6023941790230696,1.1858773126576772,14723.224896556902,18166.738940021285,4.1906483461979,4.24001134742494,0.7036438834458207,-4381.83735575136,94721
ANL_010,18,6,Analog + Bass (Static),ANL_005,0.6023941790230696,9.279395899244804,115208.06686366505,117340.08057006198,33.81315172391324,40.80535642975238,-11.363820995088512,-115208.06686366505,94721
ANL_010,18,6,Analog + Bass (Adaptive),ANL_005,0.6023941790230696,10.528590016915253,130717.39969059905,132713.32793894166,38.42537536394793,47.669472107230185,-14.815722051035745,-130717.39969059905,94721
ANL_011,6,6,Analog-only,ANL_006,0.4760193764575442,2.12956408462359,8289.541155805788,10495.880296830492,8.129636874385902,7.777351237697718,-0.9988841145350682,4900.454829085201,94721
ANL_011,6,6,Bass-only,ANL_006,0.4760193764575442,1.0200162255925127,3970.515159741415,4905.398927043715,4.040309290371282,3.9940857110896606,0.5633851104594927,1620.726941949574,94721
ANL_011,6,6,Analog + Bass (Static),ANL_006,0.4760193764575442,5.048300583427072,19651.01485104822,22165.269844475086,19.555874618813505,17.482622995221373,-7.914478138043519,19651.01485104822,94721
ANL_011,6,6,Analog + Bass (Adaptive),ANL_006,0.4760193764575442,4.664885649489833,18158.533879204126,20765.111419972083,18.04990893902427,16.225907087376726,-6.823812070245734,18158.533879204126,94721
ANL_011,9,6,Analog-only,ANL_006,0.4760193764575442,4.885318136017157,22245.90679712113,25030.90694555877,19.950686734059886,17.81265386047249,-11.980372037907694,22245.90679712113,94721
ANL_011,9,6,Bass-only,ANL_006,0.4760193764575442,2.4385271757352505,11104.13831060743,12219.721611378392,10.034836102562679,9.475621745871798,-2.0935461033870237,11104.13831060743,94721
ANL_011,9,6,Analog + Bass (Static),ANL_006,0.4760193764575442,8.044739502663951,36632.72691781814,39037.41853050366,33.05865997162047,28.015615480024547,-30.57156792319466,36632.72691781814,94721
ANL_011,9,6,Analog + Bass (Adaptive),ANL_006,0.4760193764575442,8.225006353160834,37453.594554912,39845.91631852424,33.80838542394838,28.565385911073804,-31.89285767733446,37453.594554912,94721
ANL_011,12,6,Analog-only,ANL_006,0.4760193764575442,9.24286828170882,41156.81193694361,42888.35186937552,33.414688757662994,28.428762059309815,-23.45105407663274,41156.81193694361,94721
ANL_011,12,6,Bass-only,ANL_006,0.4760193764575442,1.5753038434846343,7014.541596156443,8633.095794639394,5.535135570755565,5.753754299456295,0.00927757939033047,-6137.585753023658,94721
ANL_011,12,6,Analog + Bass (Static),ANL_006,0.4760193764575442,11.642956376145806,51843.967841817976,54136.028899795325,42.04650979987847,34.44865310547436,-37.95755227969025,51843.967841817976,94721
ANL_011,12,6,Analog + Bass (Adaptive),ANL_006,0.4760193764575442,13.871698510260734,61768.151339189186,64042.09710646718,50.17399405907723,39.813866221030715,-53.519261082937774,61768.151339189186,94721
ANL_011,18,6,Analog-only,ANL_006,0.4760193764575442,14.406524940821557,72139.40247719857,72930.80282339081,47.63207298176244,38.37771493794258,-76.87317040728901,72139.40247719857,94721
ANL_011,18,6,Bass-only,ANL_006,0.4760193764575442,1.5984606416104332,8004.150622219396,9282.560739673556,5.168622773531987,5.350054239544367,-0.2615412828062669,-8004.150622219396,94721
ANL_011,18,6,Analog + Bass (Static),ANL_006,0.4760193764575442,12.750320340358604,63846.10407608038,65634.99998721204,41.9714558265994,34.479582146210944,-62.07203543833794,63846.10407608038,94721
ANL_011,18,6,Analog + Bass (Adaptive),ANL_006,0.4760193764575442,16.09568755397798,80597.73521881939,82343.07876528222,53.031834101509034,41.701954093315194,-98.27046807597998,80597.73521881939,94721
ANL_012,6,6,Analog-only,ANL_019,0.5003133076605397,13.29797299127908,19032.05894511862,19239.157356155647,71.8229782147861,52.48403680171757,-17.29743094096935,19032.05894511862,94721
ANL_012,6,6,Bass-only,ANL_019,0.5003133076605397,6.651696095909806,9519.907452466114,11023.909323752081,32.555131654808946,40.9914845568271,-5.007437869312304,-9519.907452466114,94721
ANL_012,6,6,Analog + Bass (Static),ANL_019,0.5003133076605397,5.150721775732453,7371.713005428287,8398.548032534387,25.363034567144165,29.99835458563921,-2.486795236104865,-7371.713005428287,94721
ANL_012,6,6,Analog + Bass (Adaptive),ANL_019,0.5003133076605397,5.163052711356939,7389.361040494052,8414.241165080515,25.429932420992866,30.08552565804073,-2.4998379339672385,-7389.361040494052,94721
ANL_012,9,6,Analog-only,ANL_019,0.5003133076605397,9.94795696605456,21967.57597028998,22167.99091993566,63.139781842702845,47.875197718225266,-28.784182317038233,21967.57597028998,94721
ANL_012,9,6,Bass-only,ANL_019,0.5003133076605397,0.69961003981668,1544.9138704251836,1826.3366553550861,4.388861198931188,4.439462556156233,0.7978402540073417,-84.94249022969295,94721
ANL_012,9,6,Analog + Bass (Static),ANL_019,0.5003133076605397,3.5977872105599893,7944.813607719097,8220.72022534772,22.408787978779408,25.32816378716256,-3.095932096978351,-7944.813607719097,94721
ANL_012,9,6,Analog + Bass (Adaptive),ANL_019,0.5003133076605397,3.9213102037790217,8659.233257495025,8924.323232259727,24.465734274561214,27.96581730786109,-3.8270699833646624,-8659.233257495025,94721
ANL_012,12,6,Analog-only,ANL_019,0.5003133076605397,11.428033561242106,24626.373412334808,24714.302402255213,58.235630305638445,45.018738894662526,-29.98728455556819,24626.373412334808,94721
ANL_012,12,6,Bass-only,ANL_019,0.5003133076605397,1.3915012745918807,2998.558746629631,3628.654283727599,6.913424043785107,6.617599980328016,0.33199764434991963,2545.669066461845,94721
ANL_012,12,6,Analog + Bass (Static),ANL_019,0.5003133076605397,2.1313729536681816,4592.914953977325,4866.290255884557,10.800916888912754,11.49710770469381,-0.201386718200802,-4592.914953977325,94721
ANL_012,12,6,Analog + Bass (Adaptive),ANL_019,0.5003133076605397,3.1948723257905116,6884.659419139844,7068.677136049291,16.180158614782712,17.681007423741153,-1.5349132339546245,-6884.659419139844,94721
ANL_012,18,6,Analog-only,ANL_019,0.5003133076605397,11.101852417136797,30102.34630399533,30543.205966874175,49.210359702447455,39.32687444928412,-38.63229960956086,30102.34630399533,94721
ANL_012,18,6,Bass-only,ANL_019,0.5003133076605397,2.398008794115163,6502.130315572849,7097.995685715019,10.300263887403748,10.95465197424988,-1.1403829995463304,-6502.130315572849,94721
ANL_012,18,6,Analog + Bass (Static),ANL_019,0.5003133076605397,3.4663192193910954,9398.82261281368,9655.108172119837,15.188380200025357,16.48759152685311,-2.9603568350748186,-9398.82261281368,94721
ANL_012,18,6,Analog + Bass (Adaptive),ANL_019,0.5003133076605397,3.5574030065415414,9645.793622737197,9897.427615575938,15.591865708546369,16.9610037549035,-3.161641821699689,-9645.793622737197,94721
ANL_013,6,6,Analog-only,ANL_028,0.4572844998138691,9.919700202251457,16587.722678204886,16849.00232716093,78.8310098490971,56.38262720200986,-8.85209605769711,16587.722678204886,94721
ANL_013,6,6,Bass-only,ANL_028,0.4572844998138691,3.030258919680843,5067.198965490305,6279.671116456523,20.72719689357184,18.286749247292875,-0.36852915903412287,5067.198965490305,94721
ANL_013,6,6,Analog + Bass (Static),ANL_028,0.4572844998138691,2.5594853202346113,4279.971352496317,4541.712069686864,19.35681143979404,21.468755016713363,0.2841542470105092,-4279.971352496317,94721
ANL_013,6,6,Analog + Bass (Adaptive),ANL_028,0.4572844998138691,2.995057877349216,5008.335782503359,5282.747657728283,22.763169342851665,25.723406854598906,0.03149918778246186,-5008.335782503359,94721
ANL_013,9,6,Analog-only,ANL_028,0.4572844998138691,10.368903118525171,18923.248191308438,19044.866712822444,59.60069306408735,45.60098213297081,-5.878467964497467,18923.248191308438,94721
ANL_013,9,6,Bass-only,ANL_028,0.4572844998138691,5.156756566355135,9411.08073359812,11487.10723120552,25.313323863190977,30.569567497401422,-1.5024026668510877,-9411.08073359812,94721
ANL_013,9,6,Analog + Bass (Static),ANL_028,0.4572844998138691,1.8205435569620294,3322.4919914557036,3672.71006019741,10.178772572627874,10.813995161764119,0.7441949387349287,-3322.4919914557036,94721
ANL_013,9,6,Analog + Bass (Adaptive),ANL_028,0.4572844998138691,3.2287828147082487,5892.528636842554,6138.42146697597,17.95185760599684,19.806606146786056,0.28542264081200286,-5892.528636842554,94721
ANL_013,12,6,Analog-only,ANL_028,0.4572844998138691,8.507600199640752,19729.898281166872,19844.253282553196,43.38088994728185,35.54887022992406,-7.234546930640468,19729.898281166872,94721
ANL_013,12,6,Bass-only,ANL_028,0.4572844998138691,2.8093062897902827,6515.036677504555,7447.09247545783,13.342818411488095,14.496191289100778,-0.15969471926249734,-6515.036677504555,94721
ANL_013,12,6,Analog + Bass (Static),ANL_028,0.4572844998138691,2.657598826748753,6163.213279123699,6237.471016054224,13.607050517523394,14.652875417332423,0.18644434696022205,-6163.213279123699,94721
ANL_013,12,6,Analog + Bass (Adaptive),ANL_028,0.4572844998138691,2.8620445327455895,6637.341457303635,6706.983415995045,14.630640678634007,15.837487729862321,0.05935738334531726,-6637.341457303635,94721
ANL_013,18,6,Analog-only,ANL_028,0.4572844998138691,5.669357213406028,17196.827886264426,17998.139289044153,24.873672164927022,21.865583962907902,-6.463992163672376,17196.827886264426,94721
ANL_013,18,6,Bass-only,ANL_028,0.4572844998138691,3.8284259383198522,11612.74187855303,13989.488492833412,15.64215421417611,17.525916793011113,-3.5094090124095354,-11612.74187855303,94721
ANL_013,18,6,Analog + Bass (Static),ANL_028,0.4572844998138691,6.525167076754014,19792.750910582206,20907.178108393695,27.481816676114274,32.21772024149558,-9.071793101194526,-19792.750910582206,94721
ANL_013,18,6,Analog + Bass (Adaptive),ANL_028,0.4572844998138691,8.039969774629823,24387.59302344479,25295.86036251032,34.06331235172875,41.38800127018096,-13.74398458473563,-24387.59302344479,94721
ANL_014,6,6,Analog-only,ANL_006,0.4898904052936806,8.877296428395365,44024.28844769829,44042.322962700695,59.114989414757346,45.36164745737947,-7.534342192771291,44024.28844769829,94721
ANL_014,6,6,Bass-only,ANL_006,0.4898904052936806,0.42218977194478763,2093.723517028591,2584.2326738675984,2.8347337328306366,2.80576432909458,0.9706172226534384,598.1818324652608,94721
ANL_014,6,6,Analog + Bass (Static),ANL_006,0.4898904052936806,3.35601162728731,16643.13286204323,18575.26692645504,20.30035190664121,22.885633962151644,-0.5180977771247943,-16643.13286204323,94721
ANL_014,6,6,Analog + Bass (Adaptive),ANL_006,0.4898904052936806,3.441654009155788,17067.85056220538,18977.525797872077,20.859473362010718,23.578991569704936,-0.5845604019096362,-17067.85056220538,94721
ANL_014,9,6,Analog-only,ANL_006,0.4898904052936806,7.169681970491546,38411.57115690846,39111.6666201472,37.50460870946321,31.057857480560102,-1.9354714502665353,38411.57115690846,94721
ANL_014,9,6,Bass-only,ANL_006,0.4898904052936806,4.204706650402637,22526.71587953213,27766.01347912626,18.37532179281687,20.91148033432575,-0.4794226937600936,-22526.71587953213,94721
ANL_014,9,6,Analog + Bass (Static),ANL_006,0.4898904052936806,4.872998962425481,26107.09194119451,28800.374952872386,22.48620989349441,25.585858166356868,-0.5917010390864839,-26107.09194119451,94721
ANL_014,9,6,Analog + Bass (Adaptive),ANL_006,0.4898904052936806,4.918643128874745,26351.630562946448,29034.82353944544,22.71135344871798,25.87150418775425,-0.6177209056637538,-26351.630562946448,94721
ANL_014,12,6,Analog-only,ANL_006,0.4898904052936806,4.565305111959507,30379.61535366581,32264.19638421265,22.08229729174295,19.536760316957583,-0.7970146868812089,30379.61535366581,94721
ANL_014,12,6,Bass-only,ANL_006,0.4898904052936806,1.0811825631431766,7194.680221774307,8317.832579683647,5.066891873604847,5.048842974438749,0.880565369289664,1057.3337995030186,94721
ANL_014,12,6,Analog + Bass (Static),ANL_006,0.4898904052936806,5.38830675729604,35856.24239339207,37868.596943786346,23.81157041845552,27.182604096239142,-1.4755308948245225,-35856.24239339207,94721
ANL_014,12,6,Analog + Bass (Adaptive),ANL_006,0.4898904052936806,5.776950636025638,38442.45541876733,40399.638365698826,25.58406145205386,29.48722103879607,-1.8175061768568739,-38442.45541876733,94721
ANL_014,18,6,Analog-only,ANL_006,0.4898904052936806,1.3610256091328548,14236.728173179406,17393.7289610444,6.965221896264582,6.623500590906402,0.5478013642664172,10469.521267914688,94721
ANL_014,18,6,Bass-only,ANL_006,0.4898904052936806,2.1437100335201196,22423.837453571487,23165.145926071877,10.03663186541817,9.53711762495163,0.1979269359842738,22423.837453571487,94721
ANL_014,18,6,Analog + Bass (Static),ANL_006,0.4898904052936806,5.779989132288868,60460.386320545185,62985.711447235706,26.709094291251787,31.004719320383284,-4.929634568708193,-60460.386320545185,94721
ANL_014,18,6,Analog + Bass (Adaptive),ANL_006,0.4898904052936806,7.490972042863875,78357.77079542757,80525.50600315888,34.84250584073398,42.35644340559677,-8.69194132001647,-78357.77079542757,94721
ANL_015,6,6,Analog-only,ANL_021,0.491867590991179,3.6895671162455166,26784.781437095953,32401.315442035542,23.433329062169495,27.56940040291664,-0.2956168062694493,-26784.781437095953,94721
ANL_015,6,6,Bass-only,ANL_021,0.491867590991179,0.8967813582562764,6510.273948397265,8291.531850606112,6.161443207657183,5.8913351321478515,0.9151560586417532,6510.273948397265,94721
ANL_015,6,6,Analog + Bass (Static),ANL_021,0.491867590991179,8.274184593782874,60067.270477026155,66489.37323691937,56.30905998280992,80.35745046455972,-4.455766397126156,-60067.270477026155,94721
ANL_015,6,6,Analog + Bass (Adaptive),ANL_021,0.491867590991179,8.634412930892612,62682.38411310801,68859.58050971663,59.124683530405484,85.77963746874394,-4.851672792972726,-62682.38411310801,94721
ANL_015,9,6,Analog-only,ANL_021,0.491867590991179,5.26965452546096,52547.01880744965,55163.10397772567,34.523239662184416,41.97628168876213,-2.3880429569232025,-52547.01880744965,94721
ANL_015,9,6,Bass-only,ANL_021,0.491867590991179,2.6332898271973684,26258.178673126957,30584.863379054637,16.925331767642504,15.346111753352604,-0.041512788081062624,26258.178673126957,94721
ANL_015,9,6,Analog + Bass (Static),ANL_021,0.491867590991179,7.7275832581829755,77056.56240687882,81515.62394961907,50.35184482829246,68.08269001084794,-6.398322033023737,-77056.56240687882,94721
ANL_015,9,6,Analog + Bass (Adaptive),ANL_021,0.491867590991179,8.525785283466904,85015.93367725066,89190.35994142054,55.90611094638037,78.29479863622342,-7.857014388230146,-85015.93367725066,94721
ANL_015,12,6,Analog-only,ANL_021,0.491867590991179,6.203801918468743,75346.86624578065,76497.68914097549,38.48618765967935,47.696484625339416,-7.18559488276663,-75346.86624578065,94721
ANL_015,12,6,Bass-only,ANL_021,0.491867590991179,0.9450612223752307,11478.026289716916,13544.507819448749,6.14379864110437,5.886684382866933,0.7433861625140579,8584.548355362902,94721
ANL_015,12,6,Analog + Bass (Static),ANL_021,0.491867590991179,4.956001399951826,60191.98863916037,60974.65307492853,30.87063872103671,36.56475989084878,-4.20058609903833,-60191.98863916037,94721
ANL_015,12,6,Analog + Bass (Adaptive),ANL_021,0.491867590991179,6.229317475002985,75656.75963867718,76512.8801725051,38.81602045316949,48.217400392176316,-7.188846222197226,-75656.75963867718,94721
ANL_015,18,6,Analog-only,ANL_021,0.491867590991179,6.378925953357617,85852.08825154799,89116.80728061975,33.10221230016704,40.06726630173089,-12.11594941240956,-85852.08825154799,94721
ANL_015,18,6,Bass-only,ANL_021,0.491867590991179,3.785847948638569,50952.61405603572,56843.43620269217,19.28904407207378,21.757712859046563,-4.336311113639932,-45378.904928823446,94721
ANL_015,18,6,Analog + Bass (Static),ANL_021,0.491867590991179,1.5873556443839152,21363.752748455943,31190.14721351662,7.8860269158586505,8.548530116336673,-0.6066280468352716,-16509.703869876204,94721
ANL_015,18,6,Analog + Bass (Adaptive),ANL_021,0.491867590991179,1.660558588676428,22348.96964541114,33063.4867481427,8.239465878082937,9.015817263776277,-0.8054181176276245,-20049.641767853904,94721
ANL_016,6,6,Analog-only,ANL_004,0.4250604782922995,8.494973419002047,122973.23521347363,123463.48417382062,48.42433284946063,64.26591013068268,-61.237882988544314,-122973.23521347363,94721
ANL_016,6,6,Bass-only,ANL_004,0.4250604782922995,2.1625917123856278,31305.677628494348,36235.98238883809,11.883406723756936,12.876542745710399,-4.361148464607756,-31305.677628494348,94721
ANL_016,6,6,Analog + Bass (Static),ANL_004,0.4250604782922995,2.9222650412968645,42302.70873781341,43229.01919205917,16.674043474920673,15.333437361636335,-6.630069933941468,42302.70873781341,94721
ANL_016,6,6,Analog + Bass (Adaptive),ANL_004,0.4250604782922995,3.062213704325652,44328.605583818135,45221.57842877844,17.468600255962215,16.00778929967061,-7.3496676351819925,44328.605583818135,94721
ANL_016,9,6,Analog-only,ANL_004,0.4250604782922995,8.733989433558623,117943.79331077564,118253.82158193801,40.85447052576478,51.58587919848063,-22.899788898703214,-117943.79331077564,94721
ANL_016,9,6,Bass-only,ANL_004,0.4250604782922995,2.4430722442102755,32991.24758581556,38707.02741869918,10.852768573941722,11.684627988500152,-1.560609402637461,-32991.24758581556,94721
ANL_016,9,6,Analog + Bass (Static),ANL_004,0.4250604782922995,10.034927474502346,135511.6606156797,142175.62270174254,45.824348381401904,36.9096522217895,-33.54728906038053,135511.6606156797,94721
ANL_016,9,6,Analog + Bass (Adaptive),ANL_004,0.4250604782922995,12.081802838400646,163152.66552976234,169845.61897563547,55.27635999790738,42.92943179682777,-48.3028918942118,163152.66552976234,94721
ANL_016,12,6,Analog-only,ANL_004,0.4250604782922995,7.660165200043871,117728.3825808197,118215.29058135748,35.114547589371185,42.71726312930239,-18.374033673569063,-117728.3825808197,94721
ANL_016,12,6,Bass-only,ANL_004,0.4250604782922995,1.840559720106487,28287.39501470568,30973.231715471327,8.164417470085127,8.57044434821702,-0.3299820671716909,-28287.39501470568,94721
ANL_016,12,6,Analog + Bass (Static),ANL_004,0.4250604782922995,10.753990458476702,165277.1017208322,173321.26055173768,48.27156065391442,38.51304753472266,-40.64629968748373,165277.1017208322,94721
ANL_016,12,6,Analog + Bass (Adaptive),ANL_004,0.4250604782922995,11.899904664004744,182888.55297157398,190927.89172409102,53.46937273569557,41.81458937554521,-49.53723720932044,182888.55297157398,94721
ANL_016,18,6,Analog-only,ANL_004,0.4250604782922995,6.672443947551732,100592.97995988431,101822.71995952957,24.224339514444697,27.588951649610337,-7.214140778008042,-100592.97995988431,94721
ANL_016,18,6,Bass-only,ANL_004,0.4250604782922995,0.9339256247098173,14079.7528445223,16761.37853461096,3.559669195246319,3.470809340550897,0.7774168818915822,13724.738376755326,94721
ANL_016,18,6,Analog + Bass (Static),ANL_004,0.4250604782922995,12.609739036460663,190102.9422149708,191486.53529671713,45.943983538388196,37.33441814878113,-28.05020731854069,190102.9422149708,94721
ANL_016,18,6,Analog + Bass (Adaptive),ANL_004,0.4250604782922995,14.332151072905035,216069.82343969596,217537.96067572487,52.22520556257294,41.384420771484834,-36.49236699294862,216069.82343969596,94721
ANL_017,6,6,Analog-only,ANL_031,0.5138836619310806,46.40177058689435,23386.492375794754,23461.1389392135,298.75477967182087,119.53028353956483,-308.2719723928961,23386.492375794754,94721
ANL_017,6,6,Bass-only,ANL_031,0.5138836619310806,0.45156441981493367,227.58846758672658,299.3865651956061,2.6271280668937287,2.65966013660436,0.9496375329080284,-84.63558922146164,94721
ANL_017,6,6,Analog + Bass (Static),ANL_031,0.5138836619310806,3.556866654093057,1792.6607936629007,1938.0901721387722,21.64707234505696,24.4871332256327,-1.1105242168721028,-1792.6607936629007,94721
ANL_017,6,6,Analog + Bass (Adaptive),ANL_031,0.5138836619310806,3.6750650513728167,1852.2327858918995,1995.4439099756853,22.40503231878986,25.442939622764975,-1.23728561641291,-1852.2327858918995,94721
ANL_017,9,6,Analog-only,ANL_031,0.5138836619310806,49.39360735780122,26042.779479400695,26088.321852339086,255.1201749912015,111.89418278365804,-325.6563543569164,26042.779479400695,94721
ANL_017,9,6,Bass-only,ANL_031,0.5138836619310806,2.237741732118341,1179.8493282593952,1393.12732709188,10.703350355155678,11.48346259159777,0.06850517623917396,-1179.8493282593952,94721
ANL_017,9,6,Analog + Bass (Static),ANL_031,0.5138836619310806,4.7354354573307935,2496.758344877661,2595.48858209886,23.702717009885887,26.982302480924247,-2.2332334911690275,-2496.758344877661,94721
ANL_017,9,6,Analog + Bass (Adaptive),ANL_031,0.5138836619310806,4.905382907325304,2586.3631378872665,2683.9671104137105,24.575503528559935,28.110390942396528,-2.4574284603826477,-2586.3631378872665,94721
ANL_017,12,6,Analog-only,ANL_031,0.5138836619310806,44.613385999579265,28142.935041007324,28171.52981585035,214.14711727435275,102.99538916012045,-179.32545127243833,28142.935041007324,94721
ANL_017,12,6,Bass-only,ANL_031,0.5138836619310806,0.4882377868501456,307.9892729957419,325.61687972344225,2.452919739854999,2.4288290505564287,0.9759092685984025,66.554697238624,94721
ANL_017,12,6,Analog + Bass (Static),ANL_031,0.5138836619310806,5.498040992986339,3468.264222757474,3666.195014710844,25.09301489622157,28.88488451645696,-2.0539877449304407,-3468.264222757474,94721
ANL_017,12,6,Analog + Bass (Adaptive),ANL_031,0.5138836619310806,5.723601306479749,3610.5517696057254,3805.1666792457313,26.165957682153156,30.294455578839457,-2.289906346740933,-3610.5517696057254,94721
ANL_017,18,6,Analog-only,ANL_031,0.5138836619310806,42.00766821994105,32788.22056531752,32818.76841958985,168.76528045705612,91.44188175231483,-297.79058022738093,32788.22056531752,94721
ANL_017,18,6,Bass-only,ANL_031,0.5138836619310806,2.3520619334337187,1835.8535173371772,2063.9163466204295,9.248611480941708,8.762345461957581,-0.181698065042591,1835.8535173371772,94721
ANL_017,18,6,Analog + Bass (Static),ANL_031,0.5138836619310806,6.975895061310997,5444.891268737389,5570.898443778059,27.554513835643952,32.0474070512133,-7.609398806453607,-5444.891268737389,94721
ANL_017,18,6,Analog + Bass (Adaptive),ANL_031,0.5138836619310806,8.332930460850278,6504.097310883667,6619.251193137662,32.998257681072225,39.60322594985699,-11.154583112559862,-6504.097310883667,94721
ANL_018,6,6,Analog-only,ANL_019,0.5821910549586703,13.106971614298937,22981.764028511756,23032.09156295701,51.45123238490088,40.770564318114985,-18.931327487450055,22981.764028511756,94721
ANL_018,6,6,Bass-only,ANL_019,0.5821910549586703,7.893696073988631,13840.806696131665,15794.033021035206,28.928987037690217,35.36388583875385,-8.372502211455533,-13840.806696131665,94721
ANL_018,6,6,Analog + Bass (Static),ANL_019,0.5821910549586703,2.6459905322658948,4639.47979927502,5237.002502451637,9.78567733516315,10.41258805585359,-0.030469236834165914,-4639.47979927502,94721
ANL_018,6,6,Analog + Bass (Adaptive),ANL_019,0.5821910549586703,2.5157490467918233,4411.114378644783,5030.32598465344,9.279928987552895,9.855381436871784,0.049260083288442114,-4411.114378644783,94721
ANL_018,9,6,Analog-only,ANL_019,0.5821910549586703,8.147416840491626,23008.30515754835,23064.557468306957,43.558054750478405,35.696345239547085,-23.86507769334346,23008.30515754835,94721
ANL_018,9,6,Bass-only,ANL_019,0.5821910549586703,1.5023290332391963,4242.57718986749,4916.712528325742,7.682731094387065,7.327953448969306,-0.12992391593688457,4242.57718986749,94721
ANL_018,9,6,Analog + Bass (Static),ANL_019,0.5821910549586703,1.3056726311345266,3687.219510323903,3797.418343072919,6.89138063253597,7.149756714651239,0.3259743008003946,-3687.219510323903,94721
ANL_018,9,6,Analog + Bass (Adaptive),ANL_019,0.5821910549586703,1.2995981417664302,3670.065152348399,3780.636719671932,6.859160855437334,7.115204431335455,0.3319184718088828,-3670.065152348399,94721
ANL_018,12,6,Analog-only,ANL_019,0.5821910549586703,9.31706273919508,25231.452903443842,25443.556865230432,41.27609087080397,34.15380337316062,-37.644145929142965,25231.452903443842,94721
ANL_018,12,6,Bass-only,ANL_019,0.5821910549586703,0.7677035228195896,2079.010931024796,2916.6770517592013,3.3096818229371627,3.2096468268544682,0.4921858986897921,2079.010931024796,94721
ANL_018,12,6,Analog + Bass (Static),ANL_019,0.5821910549586703,3.0045210132518867,8136.516042160041,8346.656557881914,13.175124414007572,14.136300492491596,-3.1586575073790026,-8136.516042160041,94721
ANL_018,12,6,Analog + Bass (Adaptive),ANL_019,0.5821910549586703,3.497720667852714,9472.145543151319,9662.391261998435,15.362080357572863,16.67177219112452,-4.573106036350902,-9472.145543151319,94721
ANL_018,18,6,Analog-only,ANL_019,0.5821910549586703,8.524755676629582,22741.039407950087,23057.494658978478,28.005325129110425,24.426569331248594,-9.403434206502105,22741.039407950087,94721
ANL_018,18,6,Bass-only,ANL_019,0.5821910549586703,4.334174558643427,11562.048013792906,12927.9918322759,13.501339274404545,14.683877612425803,-2.270503585754495,-11562.048013792906,94721
ANL_018,18,6,Analog + Bass (Static),ANL_019,0.5821910549586703,4.467043560198029,11916.495614998857,12462.638905876456,14.170136701138377,15.313845108508673,-2.039292618606181,-11916.495614998857,94721
ANL_018,18,6,Analog + Bass (Adaptive),ANL_019,0.5821910549586703,4.290907320045308,11446.626292003219,12007.6996519607,13.599619571060007,14.655284293241241,-1.821448479256416,-11446.626292003219,94721
ANL_019,6,6,Analog-only,ANL_018,0.5821910549586703,12.464088075438628,19077.533208266363,19404.805666529224,55.000641383860014,42.845635173072665,-37.5198678717589,19077.533208266363,94721
ANL_019,6,6,Bass-only,ANL_018,0.5821910549586703,1.6343187658367362,2501.4883029897082,3427.0486594184995,6.689391701924769,7.111856973295688,-0.2014528583226176,-2501.4883029897082,94721
ANL_019,6,6,Analog + Bass (Static),ANL_018,0.5821910549586703,1.651976618656576,2528.515412515755,3856.9712965267036,6.620727379357032,7.144290799051254,-0.5218050010709205,-2389.5982670214794,94721
ANL_019,6,6,Analog + Bass (Adaptive),ANL_018,0.5821910549586703,1.8016866776410922,2757.6616287974557,4078.465026163771,7.254081920844163,7.847974356526322,-0.7016086248797542,-2732.066241532149,94721
ANL_019,9,6,Analog-only,ANL_018,0.5821910549586703,13.4579308864404,23329.32319164443,23515.940906677348,60.18540900779349,46.071846400286795,-46.08825723209669,23329.32319164443,94721
ANL_019,9,6,Bass-only,ANL_018,0.5821910549586703,2.675267562810984,4637.576320132841,5396.403126203012,11.350497083670506,12.244457076190445,-1.4796858698841064,-4415.610090763501,94721
ANL_019,9,6,Analog + Bass (Static),ANL_018,0.5821910549586703,3.0152797515515424,5226.987449314599,5632.728782808926,13.40215122536634,12.4455136806274,-1.701628179421872,5226.987449314599,94721
ANL_019,9,6,Analog + Bass (Adaptive),ANL_018,0.5821910549586703,3.06164433228161,5307.360450010171,5709.247613227394,13.607969115668478,12.626031966841063,-1.7755282680518776,5307.360450010171,94721
ANL_019,12,6,Analog-only,ANL_018,0.5821910549586703,14.638565976225198,28530.56508766291,28697.502745417045,66.80150272457232,49.955072625716184,-89.38546159528921,28530.56508766291,94721
ANL_019,12,6,Bass-only,ANL_018,0.5821910549586703,1.2737901231437812,2482.6169500072297,2795.3786577990727,5.821579568590422,5.617821465226436,0.14238640231523536,2361.7804550219093,94721
ANL_019,12,6,Analog + Bass (Static),ANL_018,0.5821910549586703,2.2088954048949843,4305.137144140324,4532.696237413015,10.128123294397163,9.589973851943155,-1.2548808531538636,4305.137144140324,94721
ANL_019,12,6,Analog + Bass (Adaptive),ANL_018,0.5821910549586703,2.408315861247967,4693.807613572288,4905.848155400884,11.035920969622808,10.408655352628175,-1.6414267513136989,4693.807613572288,94721
ANL_019,18,6,Analog-only,ANL_018,0.5821910549586703,17.85948316452978,37941.946704126916,38075.071650126185,72.34015714570839,53.05597874983987,-142.15465017465084,37941.946704126916,94721
ANL_019,18,6,Bass-only,ANL_018,0.5821910549586703,0.8405115578382198,1785.6420836991263,1898.672459958375,3.3899977535424877,3.4186565293336537,0.6440212255312311,-1021.1328502044198,94721
ANL_019,18,6,Analog + Bass (Static),ANL_018,0.5821910549586703,1.2180139642987888,2587.6348432126506,3066.9950887092364,5.081730509805115,4.900386129441501,0.07114021061769371,2587.6348432126506,94721
ANL_019,18,6,Analog + Bass (Adaptive),ANL_018,0.5821910549586703,2.0823511521052316,4423.893777025444,4713.751039233341,8.58288499871692,8.173481698219929,-1.1941043770312065,4423.893777025444,94721
ANL_020,6,6,Analog-only,ANL_007,0.5628677226981447,26.67298684626014,23947.007590572353,23994.391160271058,187.87487515902245,96.66845778098484,-152.49118066109412,23947.007590572353,94721
ANL_020,6,6,Bass-only,ANL_007,0.5628677226981447,1.7190292088999426,1543.3444237503684,1645.8999987308296,11.732727100895794,11.047938820174096,0.2777777772952811,1543.3444237503684,94721
ANL_020,6,6,Analog + Bass (Static),ANL_007,0.5628677226981447,3.458842703661709,3105.3489793474823,3607.143883924,22.36732332700502,26.055512973778278,-2.46889288687324,-3105.3489793474823,94721
ANL_020,6,6,Analog + Bass (Adaptive),ANL_007,0.5628677226981447,3.895487091023432,3497.3683103208373,3951.480175027063,25.466937359703106,30.030021639643756,-3.1627810843147364,-3497.3683103208373,94721
ANL_020,9,6,Analog-only,ANL_007,0.5628677226981447,29.748705090919923,27238.658098873555,27313.720764073492,170.00930534649038,91.83993316090174,-275.9489897834564,27238.658098873555,94721
ANL_020,9,6,Bass-only,ANL_007,0.5628677226981447,0.959994919512664,878.995348178783,925.677132554671,5.405688607138389,5.566549887537212,0.6819047928287548,-878.995348178783,94721
ANL_020,9,6,Analog + Bass (Static),ANL_007,0.5628677226981447,3.5300000676838708,3232.156311973044,3351.0524969000094,19.763649185172326,22.008714126628036,-3.168698805718117,-3232.156311973044,94721
ANL_020,9,6,Analog + Bass (Adaptive),ANL_007,0.5628677226981447,3.949074905345968,3615.871710207402,3727.845983863616,22.160122987390192,24.997739824831612,-4.158862791867881,-3615.871710207402,94721
ANL_020,12,6,Analog-only,ANL_007,0.5628677226981447,32.31265711498811,30605.9613164601,30660.44997667273,158.72398235547044,88.35036500911816,-199.43590421550167,30605.9613164601,94721
ANL_020,12,6,Bass-only,ANL_007,0.5628677226981447,0.9480290690122553,897.9558972762443,988.4850686931405,4.581418572838486,4.471924351714556,0.7916666976102108,725.7994204960178,94721
ANL_020,12,6,Analog + Bass (Static),ANL_007,0.5628677226981447,3.4557775082527047,3273.2496234986297,3461.775608745058,16.41910695050527,17.996460757025247,-1.5551493983141538,-3273.2496234986297,94721
ANL_020,12,6,Analog + Bass (Adaptive),ANL_007,0.5628677226981447,3.8980471080415735,3692.1593471531955,3867.5638917294136,18.585531204733453,20.59660973719496,-2.1892859880309676,-3692.1593471531955,94721
ANL_020,18,6,Analog-only,ANL_007,0.5628677226981447,31.598970013100875,35424.30414762803,35534.504224272656,132.79858531885165,79.5803758897951,-135.60587525890813,35424.30414762803,94721
ANL_020,18,6,Bass-only,ANL_007,0.5628677226981447,1.3761579171697857,1542.7539756130457,2039.3938752823876,5.412686258214216,5.606263831082368,0.5500429316607347,-1165.2571896136196,94721
ANL_020,18,6,Analog + Bass (Static),ANL_007,0.5628677226981447,3.7648343594352727,4220.600777771613,4573.684743229126,15.160541988476876,16.546712796850297,-1.2630873094601789,-4220.600777771613,94721
ANL_020,18,6,Analog + Bass (Adaptive),ANL_007,0.5628677226981447,3.8523980068564336,4318.764777333524,4666.40041722452,15.52733766819481,16.97661095232803,-1.3557698630039954,-4318.764777333524,94721
ANL_021,6,6,Analog-only,ANL_015,0.491867590991179,121.84239021810139,64040.36029863409,66555.2029277067,529.8955085880817,143.76169227505534,-5526.142432208533,64040.36029863409,94721
ANL_021,6,6,Bass-only,ANL_015,0.491867590991179,1.5648589604236018,822.4898695986452,918.1195924185547,6.901351991250758,6.620384678872411,-0.05180478653052356,822.4898695986452,94721
ANL_021,6,6,Analog + Bass (Static),ANL_015,0.491867590991179,29.51567087919228,15513.436614103464,17171.58796189261,126.7769161715447,74.35968601496306,-366.9235188444175,15513.436614103464,94721
ANL_021,6,6,Analog + Bass (Adaptive),ANL_015,0.491867590991179,31.54276097176948,16578.875166762038,18271.158754284257,135.58612194339304,77.58220897663763,-415.5516073945319,16578.875166762038,94721
ANL_021,9,6,Analog-only,ANL_015,0.491867590991179,198.41415935674692,96230.86728802226,98214.76042980736,712.2217096858922,155.6002785653497,-9026.385841276693,96230.86728802226,94721
ANL_021,9,6,Bass-only,ANL_015,0.491867590991179,1.7805191941228045,863.5518091495602,968.6415411926467,6.233929662541279,6.455043843180852,0.1219188332680693,-649.9295532567279,94721
ANL_021,9,6,Analog + Bass (Static),ANL_015,0.491867590991179,33.963785633820116,16472.436032402755,17378.53340877692,120.99295688667719,73.99656046503513,-281.64071828518956,16472.436032402755,94721
ANL_021,9,6,Analog + Bass (Adaptive),ANL_015,0.491867590991179,41.839105986743185,20291.966403570445,21263.41502752644,149.2502056363825,84.09629438264567,-422.13067797826096,20291.966403570445,94721
ANL_021,12,6,Analog-only,ANL_015,0.491867590991179,247.19021421716732,127190.60113356063,128350.044926502,837.3486974557368,161.20315268213832,-15482.335185894395,127190.60113356063,94721
ANL_021,12,6,Bass-only,ANL_015,0.491867590991179,1.62724908315094,837.2936191485745,1086.1142868211346,5.294196020555803,5.532000362848025,-0.10872417840134418,-810.7175395427033,94721
ANL_021,12,6,Analog + Bass (Static),ANL_015,0.491867590991179,30.24850230055699,15564.229365559322,15975.330077467377,102.22316863961412,66.99910005653254,-238.86790713329634,15564.229365559322,94721
ANL_021,12,6,Analog + Bass (Adaptive),ANL_015,0.491867590991179,38.460954640054176,19789.909387518783,20226.985770710755,130.04076246064304,78.15736670150348,-383.53405119812317,19789.909387518783,94721
ANL_021,18,6,Analog-only,ANL_015,0.491867590991179,239.8511518212794,171860.40472558848,172096.67627535772,937.9886487818007,164.77074602425236,-18006.126595170535,171860.40472558848,94721
ANL_021,18,6,Bass-only,ANL_015,0.491867590991179,0.8142002151713195,583.3984012354025,733.4573214167214,3.071425149629725,3.1206334472462904,0.6729236457003434,-259.2927405714957,94721
ANL_021,18,6,Analog + Bass (Static),ANL_015,0.491867590991179,7.8849932923540464,5649.8296055390965,6157.957299481448,31.784085992838822,26.67280771721358,-22.055407268063025,5649.8296055390965,94721
ANL_021,18,6,Analog + Bass (Adaptive),ANL_015,0.491867590991179,10.905878888460311,7814.382984725591,8222.303291136433,43.65976180634758,35.0653542561348,-40.104222400158676,7814.382984725591,94721
ANL_022,6,6,Analog-only,ANL_036,0.4764002409638231,11.096221861363961,100409.71162348248,101857.06208213422,40.954435877430086,52.078969011563856,-32.05640041938108,-100409.71162348248,94721
ANL_022,6,6,Bass-only,ANL_036,0.4764002409638231,2.038247958821932,18444.105779379664,21401.28282720496,7.470463825151165,7.127412349459271,-0.4593278899994415,16257.312347022022,94721
ANL_022,6,6,Analog + Bass (Static),ANL_036,0.4764002409638231,10.959216907510717,99169.95379606448,107738.51876019083,39.74339201190828,32.45151080903515,-35.98411837205901,99169.95379606448,94721
ANL_022,6,6,Analog + Bass (Adaptive),ANL_036,0.4764002409638231,11.573508877931587,104728.68183640293,113186.85460970008,41.98954367798245,33.99742520165277,-39.819271757878546,104728.68183640293,94721
ANL_022,9,6,Analog-only,ANL_036,0.4764002409638231,13.691933247441641,89416.88156407357,92310.80871025239,31.68507944338254,38.181273845907654,-15.698865896561095,-89416.88156407357,94721
ANL_022,9,6,Bass-only,ANL_036,0.4764002409638231,8.088886136730734,52825.48202668715,59215.88723728714,18.02698900567851,20.25765579767629,-5.871607532503454,-52825.48202668715,94721
ANL_022,9,6,Analog + Bass (Static),ANL_036,0.4764002409638231,20.126618026303124,131439.39484802584,141662.08560789784,46.16751170680109,36.69498971675002,-38.32684697888629,131439.39484802584,94721
ANL_022,9,6,Analog + Bass (Adaptive),ANL_036,0.4764002409638231,23.15926586029497,151244.48060888884,161202.67941819874,53.152971854830746,41.170767075249344,-49.9244535952104,151244.48060888884,94721
ANL_022,12,6,Analog-only,ANL_036,0.4764002409638231,5.762112889324489,72334.94607035721,76663.20172234639,22.733447915733507,26.135980326035885,-16.92531768156113,-72334.94607035721,94721
ANL_022,12,6,Bass-only,ANL_036,0.4764002409638231,3.1659666624235805,39744.10640430998,42601.268480729464,12.215626825174434,13.116739168811497,-4.535259891636901,-39744.10640430998,94721
ANL_022,12,6,Analog + Bass (Static),ANL_036,0.4764002409638231,15.000357159863128,188307.66544075814,201643.185156368,58.53656482399132,44.23796162832029,-123.01095533994392,188307.66544075814,94721
ANL_022,12,6,Analog + Bass (Adaptive),ANL_036,0.4764002409638231,18.472188681247818,231891.46025498453,244988.9223507744,72.14230920480368,51.96112723387376,-182.05679315233223,231891.46025498453,94721
ANL_022,18,6,Analog-only,ANL_036,0.4764002409638231,1.3041917394171534,21444.671336913965,28307.208312058043,5.620186548217446,5.911425117983384,-1.7473584789086045,-20795.695107311145,94721
ANL_022,18,6,Bass-only,ANL_036,0.4764002409638231,0.5801993193661583,9540.149149594285,13006.411926248758,2.4362783752154353,2.4842534365424314,0.4199889633564988,-5355.499180423406,94721
ANL_022,18,6,Analog + Bass (Static),ANL_036,0.4764002409638231,11.756686418958388,193313.81164735404,196828.7852804775,49.74458551200693,39.65843196493763,-131.83070362721907,193313.81164735404,94721
ANL_022,18,6,Analog + Bass (Adaptive),ANL_036,0.4764002409638231,15.035816089040813,247232.15503255816,250682.1272631406,63.64933061258733,48.102650663311344,-214.46066281310988,247232.15503255816,94721
ANL_023,6,6,Analog-only,ANL_016,0.3709047685839284,1.2195215674100661,11433.01469446937,13705.927714705604,6.055108030048084,6.333405644787391,0.025271340977675694,-11211.293798641942,94721
ANL_023,6,6,Bass-only,ANL_016,0.3709047685839284,6.52972582996018,61216.17965587669,69053.48333262754,31.83208920981584,39.75707646875503,-23.742184632940187,-61216.17965587669,94721
ANL_023,6,6,Analog + Bass (Static),ANL_016,0.3709047685839284,0.555211663830595,5205.109348411827,6080.455658503958,2.9054590545202696,2.872181246599278,0.808160023359942,1894.2007528401252,94721
ANL_023,6,6,Analog + Bass (Adaptive),ANL_016,0.3709047685839284,0.5592726394881428,5243.180995201338,6114.816497647777,2.9248681773293117,2.890020736588213,0.8059857100744011,1994.8153905410484,94721
ANL_023,9,6,Analog-only,ANL_016,0.3709047685839284,0.8297618203553911,10245.587797065737,11807.543848523912,4.764465422571417,4.916946069160452,0.5191679258654023,-10245.587797065737,94721
ANL_023,9,6,Bass-only,ANL_016,0.3709047685839284,0.3433500708536596,4239.557918624419,5670.63186343835,1.9033539264700872,1.931836347571807,0.8890985553676735,-2916.582926553567,94721
ANL_023,9,6,Analog + Bass (Static),ANL_016,0.3709047685839284,1.3416922709209715,16566.713026730562,19708.499233023074,7.465929510109902,7.860376073374746,-0.33961932911409454,-16566.713026730562,94721
ANL_023,9,6,Analog + Bass (Adaptive),ANL_016,0.3709047685839284,1.3844364765504038,17094.50244876568,20162.86726316017,7.715554795491451,8.129925821691108,-0.4020996400739396,-17094.50244876568,94721
ANL_023,12,6,Analog-only,ANL_016,0.3709047685839284,0.9166741015669928,9520.493884865553,11803.480055980734,4.076706961983309,4.089142293396667,-0.21826144406250214,-1256.1562101048378,94721
ANL_023,12,6,Bass-only,ANL_016,0.3709047685839284,0.5396353253489976,5604.603431317839,7538.425512491805,2.4112159824978887,2.4293454299107475,0.5030855174244161,-2005.6460305566725,94721
ANL_023,12,6,Analog + Bass (Static),ANL_016,0.3709047685839284,0.6322245597686231,6566.22680279694,8046.63600605147,2.806546234627723,2.7940881445510777,0.4338271089137927,897.2386773397835,94721
ANL_023,12,6,Analog + Bass (Adaptive),ANL_016,0.3709047685839284,0.6432265857325492,6680.4928442740975,8099.621018338103,2.8542159927396864,2.838018318400195,0.4263463568763374,1206.910636866538,94721
ANL_023,18,6,Analog-only,ANL_016,0.3709047685839284,1.0392660092723705,10900.372104900589,13483.48385913612,3.83811739688421,3.7390817883222516,0.1846739740052845,8723.033341225479,94721
ANL_023,18,6,Bass-only,ANL_016,0.3709047685839284,1.4752373474200011,15473.07030774843,18294.58584323388,5.319178636290931,5.522171406000514,-0.5009707567584656,-15415.377374906073,94721
ANL_023,18,6,Analog + Bass (Static),ANL_016,0.3709047685839284,2.6294159988513837,27578.70703971741,30538.695141201726,9.724136596815796,9.181478068057695,-3.182423629771745,27578.70703971741,94721
ANL_023,18,6,Analog + Bass (Adaptive),ANL_016,0.3709047685839284,2.683862887619578,28149.774833941698,31068.214946391767,9.925958941441033,9.364769890852793,-3.3287217351713156,28149.774833941698,94721
ANL_024,6,6,Analog-only,ANL_021,0.4636306458077205,5.336329321824884,58482.96756960763,65199.85198710299,37.039607110856224,46.385182701377396,-1.3795905763728342,-58482.96756960763,94721
ANL_024,6,6,Bass-only,ANL_021,0.4636306458077205,4.168344664460075,45682.55651568374,57278.01698349247,27.419244424240002,23.385146723247434,-0.836474779499,45682.55651568374,94721
ANL_024,6,6,Analog + Bass (Static),ANL_021,0.4636306458077205,6.273102691359771,68749.44163568827,75210.04856347803,44.28326349026184,57.73810905063581,-2.166363414941853,-68749.44163568827,94721
ANL_024,6,6,Analog + Bass (Adaptive),ANL_021,0.4636306458077205,6.694261820946102,73365.09300047671,79719.32280773969,47.568576657095576,63.227690538155024,-2.5574288469052133,-73365.09300047671,94721
ANL_024,9,6,Analog-only,ANL_021,0.4636306458077205,7.938909492977182,106824.97377381434,110180.03019992811,47.918637962787116,63.16443807877777,-5.8023078286169785,-106824.97377381434,94721
ANL_024,9,6,Bass-only,ANL_021,0.4636306458077205,2.8164081665335696,37897.23623785489,47769.8734128304,15.305010270081207,17.23253904034517,-0.2786706247422859,-37897.23623785489,94721
ANL_024,9,6,Analog + Bass (Static),ANL_021,0.4636306458077205,6.5701351921102615,88406.91787813666,91214.9433114438,39.63749681794839,49.54799026996941,-3.662109743764306,-88406.91787813666,94721
ANL_024,9,6,Analog + Bass (Adaptive),ANL_021,0.4636306458077205,7.335338694172264,98703.40055144521,101574.73976984432,44.36215629809953,57.11215828165357,-4.781252581004494,-98703.40055144521,94721
ANL_024,12,6,Analog-only,ANL_021,0.4636306458077205,8.399808520937212,144482.0518928152,145394.42099508242,50.636291946913715,67.81422762790231,-18.82919682913337,-144482.0518928152,94721
ANL_024,12,6,Bass-only,ANL_021,0.4636306458077205,1.078930323860812,18558.28816243024,25517.509040366807,5.990892687613815,6.311011950725056,0.38921805067302395,-16082.248239506303,94721
ANL_024,12,6,Analog + Bass (Static),ANL_021,0.4636306458077205,4.531078744261873,77937.43781505057,78491.93793642875,27.550304619961096,32.05253455651635,-4.779093788510447,-77937.43781505057,94721
ANL_024,12,6,Analog + Bass (Adaptive),ANL_021,0.4636306458077205,6.046175891080824,103998.07289306632,104492.6126007275,36.648754340221345,44.96189007073504,-9.241906689684757,-103998.07289306632,94721
ANL_024,18,6,Analog-only,ANL_021,0.4636306458077205,9.10217167851086,174560.37760675437,174950.24158094398,47.572489283330135,62.557371794479444,-546.5732195860991,-174560.37760675437,94721
ANL_024,18,6,Bass-only,ANL_021,0.4636306458077205,4.823369056378285,92502.00430803963,100926.48587746374,25.05358149806102,29.517546417026626,-181.23148349634306,-92502.00430803963,94721
ANL_024,18,6,Analog + Bass (Static),ANL_021,0.4636306458077205,1.67228026489184,32070.794181241014,36103.53945698058,8.799903261180344,9.31901437403816,-22.31914741762951,-28799.843063290737,94721
ANL_024,18,6,Analog + Bass (Adaptive),ANL_021,0.4636306458077205,2.15183868683889,41267.709178703655,46233.24098115288,11.29737288134232,12.175156987517715,-37.24034346878362,-41267.709178703655,94721
ANL_025,6,6,Analog-only,ANL_034,0.5693300412393862,9.230076380419215,26857.676251743833,26997.403701325326,43.975679552591956,56.47203633051433,-24.799596538428382,-26857.676251743833,94721
ANL_025,6,6,Bass-only,ANL_034,0.5693300412393862,3.6422805247380214,10598.307870882696,12687.442194659056,16.543374749550924,18.631120983289172,-4.697929429307164,-9831.162201432619,94721
ANL_025,6,6,Analog + Bass (Static),ANL_034,0.5693300412393862,4.623111826761059,13452.330793509333,16166.75346332802,20.979719015632416,24.554416558964842,-8.251550930871272,-12695.806151195662,94721
ANL_025,6,6,Analog + Bass (Adaptive),ANL_034,0.5693300412393862,4.6143964288875905,13426.97072877711,16137.499448443956,20.94153438062879,24.500527017190247,-8.21809954672336,-12655.325040848862,94721
ANL_025,9,6,Analog-only,ANL_034,0.5693300412393862,9.188387646630321,28953.75802298797,29189.104904257685,41.73590598985983,52.80680192661369,-23.670052088959498,-28953.75802298797,94721
ANL_025,9,6,Bass-only,ANL_034,0.5693300412393862,0.8543964177256157,2692.3099118056307,3441.5889827432884,3.8906652385087765,3.91429556980094,0.6570375939734949,-173.6920450275417,94721
ANL_025,9,6,Analog + Bass (Static),ANL_034,0.5693300412393862,2.8688704937142795,9040.169534505409,9979.643661656723,13.16117528309572,12.207849809738429,-1.8837564610017257,9040.169534505409,94721
ANL_025,9,6,Analog + Bass (Adaptive),ANL_034,0.5693300412393862,3.217319220287072,10138.175028027099,11006.608715547714,14.749197730823823,13.594698293249355,-2.5078060025530196,10138.175028027099,94721
ANL_025,12,6,Analog-only,ANL_034,0.5693300412393862,9.968673862624973,34236.95725964626,34461.766226965556,42.73986901731545,54.425630335361674,-30.35246283233153,-34236.95725964626,94721
ANL_025,12,6,Bass-only,ANL_034,0.5693300412393862,1.2460620285141761,4279.543397748824,4835.9312452735485,5.252311612252152,5.409244503042324,0.382613920657646,-3279.4346135596666,94721
ANL_025,12,6,Analog + Bass (Static),ANL_034,0.5693300412393862,3.672741350280168,12613.863224748588,13752.785605216124,15.729796707395186,14.39701927253309,-3.9931882868645685,12613.863224748588,94721
ANL_025,12,6,Analog + Bass (Adaptive),ANL_034,0.5693300412393862,4.868575967025581,16720.902859841768,17702.292403675227,20.86543457633191,18.705246664269346,-7.272858910886097,16720.902859841768,94721
ANL_025,18,6,Analog-only,ANL_034,0.5693300412393862,9.708515374122427,36907.77782843589,37248.640941245605,38.162998548290076,47.31952566454421,-40.99147188061604,-36907.77782843589,94721
ANL_025,18,6,Bass-only,ANL_034,0.5693300412393862,1.5236822485288437,5792.41251033374,7682.220746224859,6.054133066329096,5.742936537236671,-0.7861330192303089,5792.41251033374,94721
ANL_025,18,6,Analog + Bass (Static),ANL_034,0.5693300412393862,1.2709266250331896,4831.5397056482325,5932.900065182866,5.137233468925142,4.947661920454773,-0.06530582223215742,4244.490912616598,94721
ANL_025,18,6,Analog + Bass (Adaptive),ANL_034,0.5693300412393862,1.310311659371077,4981.2653888338,6099.744590986987,5.301462675826841,5.099755007818368,-0.1260651958345389,4474.9627892266435,94721
ANL_026,6,6,Analog-only,ANL_033,0.5479145906748722,5.233756643668366,47442.957223525,48448.08266767865,30.146518213911953,35.77403511680108,-4.148715138160966,-47442.957223525,94721
ANL_026,6,6,Bass-only,ANL_033,0.5479145906748722,6.419031059361956,58187.23274690425,67693.98449402962,34.66562772072732,44.481721010504366,-9.051846096471959,-58187.23274690425,94721
ANL_026,6,6,Analog + Bass (Static),ANL_033,0.5479145906748722,1.5747120258370055,14274.449571807287,14976.331199498998,9.269452112545762,8.940528067045877,0.5080096924404143,10069.862804283368,94721
ANL_026,6,6,Analog + Bass (Adaptive),ANL_033,0.5479145906748722,1.6081884191965496,14577.906382332882,15282.658154429857,9.455700316971122,9.103454157430107,0.48767744868426866,10481.48206347475,94721
ANL_026,9,6,Analog-only,ANL_033,0.5479145906748722,4.256204643593381,54359.71368239421,54678.74158880554,27.69727218846827,32.196362986715705,-4.021481359235112,-54359.71368239421,94721
ANL_026,9,6,Bass-only,ANL_033,0.5479145906748722,4.897366731504737,62548.55572393706,70562.4197512685,30.16425863410095,36.825575968773265,-7.362608466512366,-62548.55572393706,94721
ANL_026,9,6,Analog + Bass (Static),ANL_033,0.5479145906748722,1.7467920957732634,22309.81029820415,24946.094112937168,10.889158060230775,10.231132909293724,-0.04520131145600459,22309.81029820415,94721
ANL_026,9,6,Analog + Bass (Adaptive),ANL_033,0.5479145906748722,1.867346224903673,23849.5125661916,26427.78874875096,11.666766777300698,10.927656311702936,-0.17304989854923591,23849.5125661916,94721
ANL_026,12,6,Analog-only,ANL_033,0.5479145906748722,4.294481172554859,60015.374386454154,60454.03573979476,25.166126452664596,28.842837908822144,-4.945093086298041,-60015.374386454154,94721
ANL_026,12,6,Bass-only,ANL_033,0.5479145906748722,0.5358619850032529,7488.671240420459,8966.44651066372,2.965858552585959,2.933421250886095,0.8692177555695397,3102.5913031202704,94721
ANL_026,12,6,Analog + Bass (Static),ANL_033,0.5479145906748722,3.2016894870254347,44743.61058118045,50131.37686525551,18.10474139383213,16.376869201463123,-3.0881547570979704,44743.61058118045,94721
ANL_026,12,6,Analog + Bass (Adaptive),ANL_033,0.5479145906748722,3.360080821567291,46957.129481402895,52259.109086736455,19.024203474691102,17.146137991812495,-3.4425473504776445,46957.129481402895,94721
ANL_026,18,6,Analog-only,ANL_033,0.5479145906748722,6.697579334256626,96718.95521549003,97701.93520734317,27.93433618107583,32.50536130720257,-10.115747141714888,-96718.95521549003,94721
ANL_026,18,6,Bass-only,ANL_033,0.5479145906748722,1.838002958340837,26542.38448575787,28675.873928025343,7.501948272024796,7.828203545802135,0.04244075916135581,-26542.38448575787,94721
ANL_026,18,6,Analog + Bass (Static),ANL_033,0.5479145906748722,1.1436668835566288,16515.558916396152,17351.757015671526,4.825507676832546,4.700105380664662,0.6493940824403801,16515.558916396152,94721
ANL_026,18,6,Analog + Bass (Adaptive),ANL_033,0.5479145906748722,1.02255312048085,14766.569312496838,15692.15391038707,4.318481355681727,4.215514716355765,0.713253949275541,14766.569312496838,94721
ANL_027,6,6,Analog-only,ANL_003,0.5715458600289437,1.204820266095462,7578.319473740456,8006.042081216309,7.2250575672754325,7.006203525659746,0.8164282027623245,4340.372274668455,94721
ANL_027,6,6,Bass-only,ANL_003,0.5715458600289437,0.98455326605515,6192.840043486894,7606.5926663835,5.402138765599199,5.1999196734830075,0.834289303164528,6192.840043486894,94721
ANL_027,6,6,Analog + Bass (Static),ANL_003,0.5715458600289437,4.246788849826259,26712.301865407167,29657.21223543389,23.23272077827668,26.669938024018887,-1.5190156930224363,-26712.301865407167,94721
ANL_027,6,6,Analog + Bass (Adaptive),ANL_003,0.5715458600289437,4.475898264203561,28153.400081840402,31002.90782815727,24.573660959871457,28.39482292391467,-1.7528026717128178,-28153.400081840402,94721
ANL_027,9,6,Analog-only,ANL_003,0.5715458600289437,1.7041063085815573,12513.039610625803,13608.238917491628,8.315353465172278,8.579462025610619,0.6934392141719015,-8041.096467329572,94721
ANL_027,9,6,Bass-only,ANL_003,0.5715458600289437,0.6369774427774906,4677.2457401347665,5076.5527839723945,3.3500631339519957,3.347049612468897,0.9573370814531612,-1143.9207437430039,94721
ANL_027,9,6,Analog + Bass (Static),ANL_003,0.5715458600289437,3.822018414292162,28064.603463845557,30299.976435581546,18.495402013007954,20.557177490529384,-0.5198381130986878,-28064.603463845557,94721
ANL_027,9,6,Analog + Bass (Adaptive),ANL_003,0.5715458600289437,4.0975336569930985,30087.6774515932,32262.171799992026,19.902547209368553,22.277064149510224,-0.723058207128231,-30087.6774515932,94721
ANL_027,12,6,Analog-only,ANL_003,0.5715458600289437,2.7250553644196343,24110.05120285564,26142.875269866876,12.450082331869083,13.36181888589125,-0.0691910013950594,-24110.05120285564,94721
ANL_027,12,6,Bass-only,ANL_003,0.5715458600289437,1.083166251956138,9583.362649011566,11981.484465149737,4.802755271006683,4.6463022190097245,0.7754206341089042,8893.690946217757,94721
ANL_027,12,6,Analog + Bass (Static),ANL_003,0.5715458600289437,4.1529486079155475,36743.40157892407,37851.5054662509,19.280127726708916,21.37549371258727,-1.2413769839224753,-36743.40157892407,94721
ANL_027,12,6,Analog + Bass (Adaptive),ANL_003,0.5715458600289437,4.3872406842850955,38816.31137424349,39914.84944676126,20.38666044693669,22.738717810012,-1.4923990915381626,-38816.31137424349,94721
ANL_027,18,6,Analog-only,ANL_003,0.5715458600289437,4.411429925926058,46294.32413030204,47152.93898795225,17.32111321894249,19.018440939638584,-4.778634852248622,-46294.32413030204,94721
ANL_027,18,6,Bass-only,ANL_003,0.5715458600289437,1.2739706094712522,13369.272394134168,15627.472252996098,4.967546125195085,4.808454305200613,0.3652756031865916,12809.413924432496,94721
ANL_027,18,6,Analog + Bass (Static),ANL_003,0.5715458600289437,3.5850983934103344,37622.65520487042,38232.409145848316,14.15232106152203,15.26792008253291,-2.7990153551507775,-37622.65520487042,94721
ANL_027,18,6,Analog + Bass (Adaptive),ANL_003,0.5715458600289437,4.973385602307647,52191.58616689921,52642.70949597409,19.62879073677637,21.801205433839108,-6.202515255761157,-52191.58616689921,94721
ANL_028,6,6,Analog-only,ANL_035,0.6327456711306907,25.08643053644319,14725.734724892152,14817.495809085636,130.38356509995774,78.88877842827627,-99.65342127992812,14725.734724892152,94721
ANL_028,6,6,Bass-only,ANL_035,0.6327456711306907,6.0607548090262595,3557.663072898414,3962.3288855925803,29.914070244520314,36.23533645615547,-6.197471539817047,-3557.663072898414,94721
ANL_028,6,6,Analog + Bass (Static),ANL_035,0.6327456711306907,2.4236577410053286,1422.6870939701278,1459.1992757104192,12.408827884150474,13.245978800038968,0.02386895325288718,-1422.6870939701278,94721
ANL_028,6,6,Analog + Bass (Adaptive),ANL_035,0.6327456711306907,2.906532707963008,1706.1346995742858,1742.6398216897055,14.914131534772704,16.131949144866876,-0.3921761306449767,-1706.1346995742858,94721
ANL_028,9,6,Analog-only,ANL_035,0.6327456711306907,23.85491792822065,17956.789470468095,18102.64593031712,129.5680177606071,78.61049253004208,-165.3973201723732,17956.789470468095,94721
ANL_028,9,6,Bass-only,ANL_035,0.6327456711306907,1.9533646697788625,1470.3952551760387,1809.0060465775944,10.020670404332833,9.365874569054466,-0.6616603247973218,1470.3952551760387,94721
ANL_028,9,6,Analog + Bass (Static),ANL_035,0.6327456711306907,1.024759785950676,771.3879288743714,818.5107479878156,5.753392125438253,5.950623076496519,0.6598182690967933,-771.3879288743714,94721
ANL_028,9,6,Analog + Bass (Adaptive),ANL_035,0.6327456711306907,1.7698911922501368,1332.2855949662905,1352.056315415189,9.803932208670375,10.335463777000117,0.07177817510099482,-1332.2855949662905,94721
ANL_028,12,6,Analog-only,ANL_035,0.6327456711306907,26.783340840357493,21438.846918122523,21513.00159313002,127.67860515096852,77.83621779809704,-95.80170631596756,21438.846918122523,94721
ANL_028,12,6,Bass-only,ANL_035,0.6327456711306907,0.8718522741258298,697.8781157889028,772.9281972436889,4.056424217179583,4.014571841196539,0.875043372284341,305.7848352184462,94721
ANL_028,12,6,Analog + Bass (Static),ANL_035,0.6327456711306907,1.028434437357439,823.21502008475,1010.1729696643115,4.679982746655512,4.832464534345277,0.7865616373058566,-823.21502008475,94721
ANL_028,12,6,Analog + Bass (Adaptive),ANL_035,0.6327456711306907,0.6807208511333334,544.8860994753637,787.8922959624286,3.0314674695089567,3.118652163233764,0.8701581478899261,-543.9178896535237,94721
ANL_028,18,6,Analog-only,ANL_035,0.6327456711306907,28.348730749446116,26902.945481224364,26938.22629925464,113.77345513562298,72.40783383743519,-126.85865803808704,26902.945481224364,94721
ANL_028,18,6,Bass-only,ANL_035,0.6327456711306907,0.9438415640828796,895.7056443146527,1092.0635474303829,3.763715169170392,3.7400093711916207,0.7898700439958231,212.12968641801368,94721
ANL_028,18,6,Analog + Bass (Static),ANL_035,0.6327456711306907,1.2687723198705678,1204.0649315571688,1616.5100552623403,4.835538637117579,5.043958247155747,0.539585525164923,-1172.7844843388466,94721
ANL_028,18,6,Analog + Bass (Adaptive),ANL_035,0.6327456711306907,1.2693855982435869,1204.646932733164,1617.1291474194263,4.837836208911875,5.0464314797991525,0.5392327979156646,-1173.6259900918583,94721
ANL_029,6,6,Analog-only,ANL_035,0.5863894061883772,0.5658831085571382,4878.365102249377,6985.69782620241,4.813113349705992,4.566919023317605,0.898374379457556,4502.811030083879,94721
ANL_029,6,6,Bass-only,ANL_035,0.5863894061883772,3.0564840254576837,26349.337486665598,28753.940524308764,21.373788558461847,19.176579846989306,-0.7217827759670425,26349.337486665598,94721
ANL_029,6,6,Analog + Bass (Static),ANL_035,0.5863894061883772,1.138366456666094,9813.629549627063,11613.10957582571,7.610186432080641,8.0097584293552,0.7191459657764767,-9813.629549627063,94721
ANL_029,6,6,Analog + Bass (Adaptive),ANL_035,0.5863894061883772,1.4995136981656154,12927.007689146136,14529.751735393009,10.262015375299463,10.913979362966456,0.5603571583701823,-12927.007689146136,94721
ANL_029,9,6,Analog-only,ANL_035,0.5863894061883772,0.8621833564266074,7342.784555007202,10858.612212737373,4.167705640493685,4.26621435455326,0.841383958443691,-2456.829210782169,94721
ANL_029,9,6,Bass-only,ANL_035,0.5863894061883772,2.188876777602682,18641.56907645324,24688.81347824398,10.546221409228,11.459088116145004,0.18002823661412204,-18641.56907645324,94721
ANL_029,9,6,Analog + Bass (Static),ANL_035,0.5863894061883772,1.5951586879453106,13585.168965886238,15628.564986198862,8.229046683328091,8.6419864963944,0.6714233738863137,-13585.168965886238,94721
ANL_029,9,6,Analog + Bass (Adaptive),ANL_035,0.5863894061883772,1.886071390851842,16062.727000189712,17933.506644664914,9.799463780480218,10.363579578470372,0.5673577823653593,-16062.727000189712,94721
ANL_029,12,6,Analog-only,ANL_035,0.5863894061883772,2.1219913104148698,20182.452261656774,22871.402003424148,9.078389951299966,9.572825061845524,0.5426665835851168,-17796.287648857582,94721
ANL_029,12,6,Bass-only,ANL_035,0.5863894061883772,1.0540897365778659,10025.543310931773,10608.476875557217,4.8240148149816,4.887927793626965,0.9016094408194059,-5299.5802108376765,94721
ANL_029,12,6,Analog + Bass (Static),ANL_035,0.5863894061883772,1.363152810832784,12965.070306813412,15728.868566236313,5.868456589811614,6.132441027732091,0.7837070681702423,-12965.070306813412,94721
ANL_029,12,6,Analog + Bass (Adaptive),ANL_035,0.5863894061883772,1.1994612340907431,11408.18483936743,14279.965999633438,5.148171039419716,5.365266429904025,0.8217203768085288,-11238.518806546324,94721
ANL_029,18,6,Analog-only,ANL_035,0.5863894061883772,4.864262210992586,58363.42093898769,62790.58253328276,17.74353671912517,19.652459112892455,-1.8815300916211029,-58363.42093898769,94721
ANL_029,18,6,Bass-only,ANL_035,0.5863894061883772,0.6091903678793424,7309.316876909007,11650.584939737848,2.474106444483358,2.3969710776718776,0.9007959058543871,6845.861828024102,94721
ANL_029,18,6,Analog + Bass (Static),ANL_035,0.5863894061883772,4.992305741556971,59899.7399425059,64320.051942703416,18.20684099618377,20.210148265352665,-2.023617900319112,-59899.7399425059,94721
ANL_029,18,6,Analog + Bass (Adaptive),ANL_035,0.5863894061883772,5.900056113775316,70791.30268794662,74742.40296859336,21.64769326886535,24.44998060713233,-3.0828953400242307,-70791.30268794662,94721
ANL_030,6,6,Analog-only,ANL_002,0.507641854574311,3.2919175285109668,24318.053166616213,26204.75217627789,24.974403791718668,21.45561174431247,-0.01679402712630118,24318.053166616213,94721
ANL_030,6,6,Bass-only,ANL_002,0.507641854574311,0.2100042042790573,1551.343057850252,1790.6034492962283,1.5076590802429115,1.5175936032524258,0.9952524263994957,-582.191440400505,94721
ANL_030,6,6,Analog + Bass (Static),ANL_002,0.507641854574311,5.173165829721504,38215.21061731869,41735.84334697672,32.422480648257654,39.14665766567252,-1.5792370575507353,-38215.21061731869,94721
ANL_030,6,6,Analog + Bass (Adaptive),ANL_002,0.507641854574311,5.604428726939836,41401.03589164995,44821.60486310554,35.33670541176155,43.35532886632536,-1.9747308540225594,-41401.03589164995,94721
ANL_030,9,6,Analog-only,ANL_002,0.507641854574311,1.7196324206738811,14482.959200968011,15214.352756849878,9.52496626423361,9.171659117963976,0.7784033069455832,4582.628596974901,94721
ANL_030,9,6,Bass-only,ANL_002,0.507641854574311,0.3746797613419583,3155.5997849921405,3624.18178188569,1.9026948746033838,1.9182716547575518,0.9874259188790832,-1579.5138660421846,94721
ANL_030,9,6,Analog + Bass (Static),ANL_002,0.507641854574311,8.480324320346176,71422.35146649553,76144.76310605498,42.04948747636397,53.871173418649654,-4.550554762009398,-71422.35146649553,94721
ANL_030,9,6,Analog + Bass (Adaptive),ANL_002,0.507641854574311,9.682009092716244,81543.0908299928,85911.24667307964,48.39634084967632,64.40844288595056,-6.065718880446107,-81543.0908299928,94721
ANL_030,12,6,Analog-only,ANL_002,0.507641854574311,2.219978682205929,24465.577791616193,27867.890575735884,10.305432602914284,10.92784144754559,0.3518034155155412,-21452.937349790835,94721
ANL_030,12,6,Bass-only,ANL_002,0.507641854574311,1.5408489061439177,16981.135485918974,24977.21797221886,6.968489115521182,6.525209543095172,0.479301084830712,16981.135485918974,94721
ANL_030,12,6,Analog + Bass (Static),ANL_002,0.507641854574311,7.02755478578122,77448.12581962727,79736.12739017629,34.0829769023379,41.20254797584593,-4.30650800012439,-77448.12581962727,94721
ANL_030,12,6,Analog + Bass (Adaptive),ANL_002,0.507641854574311,7.979344892040017,87937.45847521229,90183.06372844128,38.79502787390501,48.242373145592765,-5.788104438395281,-87937.45847521229,94721
ANL_030,18,6,Analog-only,ANL_002,0.507641854574311,5.490640660478896,79585.86743705446,81077.07805430565,22.408264432729307,25.28447847462965,-5.401974303081609,-79585.86743705446,94721
ANL_030,18,6,Bass-only,ANL_002,0.507641854574311,3.9991714240890586,57967.284056037235,65124.96994192129,15.817658428462734,17.498826310400798,-3.1305969581848583,-57967.284056037235,94721
ANL_030,18,6,Analog + Bass (Static),ANL_002,0.507641854574311,7.593606732293525,110067.98953634776,111296.30801694987,31.082316945431238,36.83852597722237,-11.063664899164074,-110067.98953634776,94721
ANL_030,18,6,Analog + Bass (Adaptive),ANL_002,0.507641854574311,9.27516598842707,134441.8942082524,135639.2834812513,38.01855137999057,46.975613640838745,-16.917966613565962,-134441.8942082524,94721
ANL_031,6,6,Analog-only,ANL_002,0.5150953743392579,0.9027088870738581,2519.099420268308,2753.4833114881867,4.8108113128082195,4.948086873441675,0.6159555889885622,-2519.099420268308,94721
ANL_031,6,6,Bass-only,ANL_002,0.5150953743392579,0.8521871078122725,2378.1133430609275,2592.383810108464,4.723485420058738,4.609084418839001,0.6595799328367955,1828.0392113842524,94721
ANL_031,6,6,Analog + Bass (Static),ANL_002,0.5150953743392579,1.6690988601175627,4657.787279044071,5163.5344407552175,9.101498998403201,8.626602430090555,-0.3505501273128284,4657.787279044071,94721
ANL_031,6,6,Analog + Bass (Adaptive),ANL_002,0.5150953743392579,1.6231625805477685,4529.597497276603,5045.106410602387,8.850930154319776,8.397176372614702,-0.28930959136147694,4529.597497276603,94721
ANL_031,9,6,Analog-only,ANL_002,0.5150953743392579,1.0342125804739746,3136.8960331501244,3618.562250105099,5.273173209331583,5.456661617384654,0.47560224444743704,-3136.8960331501244,94721
ANL_031,9,6,Bass-only,ANL_002,0.5150953743392579,0.8442228470922503,2560.6334230866814,3000.2182154813004,4.527530089153059,4.390583556409262,0.6395090097821502,2560.6334230866814,94721
ANL_031,9,6,Analog + Bass (Static),ANL_002,0.5150953743392579,2.377742754177073,7211.990991263334,7547.107190993166,12.407881702551553,11.637046813412955,-1.2811285728507893,7211.990991263334,94721
ANL_031,9,6,Analog + Bass (Adaptive),ANL_002,0.5150953743392579,2.4774490051069105,7514.412513614898,7842.478405596042,12.929959403939753,12.098689703197925,-1.4631756968234488,7514.412513614898,94721
ANL_031,12,6,Analog-only,ANL_002,0.5150953743392579,0.867258641532783,2869.5223197479245,3377.971356062278,4.395877943241715,4.507983769404871,0.420197110883085,-1535.3735681580863,94721
ANL_031,12,6,Bass-only,ANL_002,0.5150953743392579,0.6400265918748699,2117.6734398070694,2395.47323740138,3.2466505172517444,3.1999440041405016,0.7084244548241543,1197.8848462503374,94721
ANL_031,12,6,Analog + Bass (Static),ANL_002,0.5150953743392579,0.6526152492054292,2159.325873643709,2428.8942579148984,3.242337819258143,3.2805984754008164,0.7002317267653329,-795.8919787900777,94721
ANL_031,12,6,Analog + Bass (Adaptive),ANL_002,0.5150953743392579,0.6538752230918145,2163.494783604516,2509.6125715688604,3.23181282818858,3.280525965313138,0.6799765429503963,-1005.0568801118292,94721
ANL_031,18,6,Analog-only,ANL_002,0.5150953743392579,1.014837797251112,3164.383644510997,4745.628028072331,4.0380411928469595,3.880674430323399,-0.4224879399448276,2091.0328567552983,94721
ANL_031,18,6,Bass-only,ANL_002,0.5150953743392579,0.9799408637044926,3055.5709001910436,3994.751896941591,3.9315573889507966,3.8124669543511436,-0.007954266999999238,2476.9221280971055,94721
ANL_031,18,6,Analog + Bass (Static),ANL_002,0.5150953743392579,3.332875077056507,10392.29659321243,11368.826969146863,13.333575550446255,12.363658954192484,-7.163803028243885,10392.29659321243,94721
ANL_031,18,6,Analog + Bass (Adaptive),ANL_002,0.5150953743392579,3.546772899565184,11059.255168244192,11996.765221542859,14.190310047165136,13.113230999924536,-8.090536687205931,11059.255168244192,94721
ANL_032,6,6,Analog-only,ANL_015,0.4854459508997835,5.40792831914475,21933.47567678728,27884.51535764532,20.67666904231107,17.937804507859543,-4.399404631260558,21933.47567678728,94721
ANL_032,6,6,Bass-only,ANL_015,0.4854459508997835,3.388489460106874,13743.035552301459,15917.23494338909,13.207810264517875,14.381049200567219,-0.7593608619165022,-12737.701409041058,94721
ANL_032,6,6,Analog + Bass (Static),ANL_015,0.4854459508997835,20.516124198054552,83209.29652246965,91469.25753449215,81.50150418435409,56.46350163128522,-57.09917708045824,83209.29652246965,94721
ANL_032,6,6,Analog + Bass (Adaptive),ANL_015,0.4854459508997835,22.17591583123843,89941.07942833683,98358.92654242655,88.23639319113433,59.780960242792645,-66.18111909327972,89941.07942833683,94721
ANL_032,9,6,Analog-only,ANL_015,0.4854459508997835,10.470494108674112,51827.63702617327,55301.3922147162,41.388899163203014,33.88058522537368,-13.57722635149939,51827.63702617327,94721
ANL_032,9,6,Bass-only,ANL_015,0.4854459508997835,0.9889281108163661,4895.07053252716,5614.50164103415,3.8465605647496854,3.941271218133972,0.8497462935287647,-4693.499273093112,94721
ANL_032,9,6,Analog + Bass (Static),ANL_015,0.4854459508997835,19.7511628738337,97765.78733011759,104778.02935834418,77.88828718726384,55.17226107705851,-51.329094519370315,97765.78733011759,94721
ANL_032,9,6,Analog + Bass (Adaptive),ANL_015,0.4854459508997835,23.9287498903631,118444.32086356105,125864.72534452268,94.65348971611122,63.35770261956489,-74.51110623452954,118444.32086356105,94721
ANL_032,12,6,Analog-only,ANL_015,0.4854459508997835,15.456935244661713,83589.70062719921,85362.15799444141,56.555826268970364,43.95375069201386,-30.776703083928943,83589.70062719921,94721
ANL_032,12,6,Bass-only,ANL_015,0.4854459508997835,0.92837398553467,5020.562116136447,5604.649149282346,3.3907655262587246,3.4382536058441806,0.8630143967697694,-3172.786995834014,94721
ANL_032,12,6,Analog + Bass (Static),ANL_015,0.4854459508997835,17.918627557277727,96902.30886361637,100821.61745162448,65.09322605422983,48.68226694267669,-43.32873982928215,96902.30886361637,94721
ANL_032,12,6,Analog + Bass (Adaptive),ANL_015,0.4854459508997835,19.39683524823422,104896.32167379172,108881.17130396659,70.5144216926409,51.704409061442504,-50.69917740224255,104896.32167379172,94721
ANL_032,18,6,Analog-only,ANL_015,0.4854459508997835,19.01906500839983,133706.26454611061,133902.65086571517,68.97557863532828,51.27385727056254,-73.1645304477552,133706.26454611061,94721
ANL_032,18,6,Bass-only,ANL_015,0.4854459508997835,2.7483707836123203,19321.36994653386,21518.76758140668,9.745463865508908,9.215405261783998,-0.9153700472457829,19321.36994653386,94721
ANL_032,18,6,Analog + Bass (Static),ANL_015,0.4854459508997835,4.682345762341631,32917.441573469005,36949.44522057938,17.733823860352057,15.894334521893686,-4.647207503264698,32917.441573469005,94721
ANL_032,18,6,Analog + Bass (Adaptive),ANL_015,0.4854459508997835,7.350972358335949,51678.20049937917,54382.65018436145,27.453512018377594,23.733559164163275,-11.233159481595223,51678.20049937917,94721
ANL_033,6,6,Analog-only,ANL_003,0.6758948613959341,6.363118501793199,35277.12897394149,36014.38703618039,24.579427710478896,28.143972774068775,-3.4792770924298466,-35277.12897394149,94721
ANL_033,6,6,Bass-only,ANL_003,0.6758948613959341,2.714813201681635,15050.924390122984,18117.281489563655,9.863077998116145,10.525369995304807,-0.1335532808449995,-13211.565888416255,94721
ANL_033,6,6,Analog + Bass (Static),ANL_003,0.6758948613959341,1.8213062531581896,10097.321867509003,11459.10943568549,7.549119788684969,7.179414673443672,0.5465205532002134,9352.81260190403,94721
ANL_033,6,6,Analog + Bass (Adaptive),ANL_003,0.6758948613959341,1.6831273235146753,9331.25788156536,10551.672244713483,6.97158538346566,6.6598517565235325,0.615498127075276,8162.5652620782785,94721
ANL_033,9,6,Analog-only,ANL_003,0.6758948613959341,5.209974217640085,31182.99818613032,32579.229003646997,18.804520853279563,21.000558084923572,-4.250892698794859,-31182.99818613032,94721
ANL_033,9,6,Bass-only,ANL_003,0.6758948613959341,1.0867620378203215,6504.542486864079,7707.544206411319,3.8763171712211624,3.9529814254050804,0.70611082656365,-4123.56949093039,94721
ANL_033,9,6,Analog + Bass (Static),ANL_003,0.6758948613959341,4.823533072587798,28870.05132270612,30977.886507418047,17.097929165410267,15.596029954641446,-3.747392151717688,28870.05132270612,94721
ANL_033,9,6,Analog + Bass (Adaptive),ANL_003,0.6758948613959341,6.212764755430622,37184.95025244113,39073.36601413675,22.056376341021334,19.707843907359635,-6.552890526662801,37184.95025244113,94721
ANL_033,12,6,Analog-only,ANL_003,0.6758948613959341,2.9176728291892906,21345.429175364377,22309.5947157637,11.393009926143387,12.17159853707323,-0.6950889368841828,-21345.429175364377,94721
ANL_033,12,6,Bass-only,ANL_003,0.6758948613959341,1.5267094255101468,11169.267365266278,12570.54182951104,5.884874817513276,5.672798644199427,0.4618329265603912,11169.267365266278,94721
ANL_033,12,6,Analog + Bass (Static),ANL_003,0.6758948613959341,7.192966616304258,52623.08985882592,54494.12681447364,27.34494709447453,23.94920036247611,-9.113664063275904,52623.08985882592,94721
ANL_033,12,6,Analog + Bass (Adaptive),ANL_003,0.6758948613959341,7.811239823603698,57146.320436773414,58999.57154112518,29.714984844603524,25.763849120096005,-10.855144268124475,57146.320436773414,94721
ANL_033,18,6,Analog-only,ANL_003,0.6758948613959341,1.6774141616074028,13775.517123647616,16402.292479986976,5.932701356193714,5.970170314458163,0.33023889290452757,-1295.0247088198569,94721
ANL_033,18,6,Bass-only,ANL_003,0.6758948613959341,1.6196290204740222,13300.965149904601,15400.319409776848,5.8607902253602955,5.672632695993122,0.40956746907380026,7178.67511764485,94721
ANL_033,18,6,Analog + Bass (Static),ANL_003,0.6758948613959341,8.868923717379056,72834.73177548764,75211.5503869106,30.83945427418749,26.481419677012504,-13.082504648241938,72834.73177548764,94721
ANL_033,18,6,Analog + Bass (Adaptive),ANL_003,0.6758948613959341,9.744378803127507,80024.27792380184,82296.25265060467,33.86599986545022,28.722268844228644,-15.86051908549981,80024.27792380184,94721
ANL_034,6,6,Analog-only,ANL_025,0.5693300412393862,4.789572750159447,12864.792406928274,12924.21128092281,29.139577500118186,25.39113586951534,-6.626400001350402,12864.792406928274,94721
ANL_034,6,6,Bass-only,ANL_025,0.5693300412393862,6.970208248742713,18721.979356122927,21665.014563182704,39.888281013778276,53.996766438666775,-20.430359300737084,-18721.979356122927,94721
ANL_034,6,6,Analog + Bass (Static),ANL_025,0.5693300412393862,0.4364806804506229,1172.387107690373,1457.9140419627597,2.8085388809808465,2.7631541103692645,0.9029545183856988,398.4620294400047,94721
ANL_034,6,6,Analog + Bass (Adaptive),ANL_025,0.5693300412393862,0.4340551714789984,1165.8721905925897,1541.5066548608115,2.8253674799349744,2.7629991546793864,0.8915068572272186,667.7266873296734,94721
ANL_034,9,6,Analog-only,ANL_025,0.5693300412393862,6.2901220768298085,15307.798339224943,15511.034895913039,29.963402123530354,26.009931430186644,-40.88175584980802,15307.798339224943,94721
ANL_034,9,6,Bass-only,ANL_025,0.5693300412393862,4.108401361203489,9998.30826265884,10560.412732881758,19.39088821807036,21.704506085971218,-18.413556995410236,-9998.30826265884,94721
ANL_034,9,6,Analog + Bass (Static),ANL_025,0.5693300412393862,0.6820771887677346,1659.9200985148782,2037.1348377747925,3.231207590980376,3.20136467087504,0.27759144120922374,307.27375957350404,94721
ANL_034,9,6,Analog + Bass (Adaptive),ANL_025,0.5693300412393862,0.7012046538596414,1706.4691757491698,2005.1353533696274,3.3329545833666785,3.3142934544214584,0.30010849942877993,133.90129336662844,94721
ANL_034,12,6,Analog-only,ANL_025,0.5693300412393862,7.4777631088624785,19557.069716260423,19769.39979528017,35.349250013634574,29.961876243660452,-35.540550001344904,19557.069716260423,94721
ANL_034,12,6,Bass-only,ANL_025,0.5693300412393862,1.9587121988687357,5122.744659023151,5739.538657412123,9.133499542514127,8.644679253492681,-2.079938766624436,5122.744659023151,94721
ANL_034,12,6,Analog + Bass (Static),ANL_025,0.5693300412393862,1.9001621895735727,4969.615093803829,5587.2555310801245,8.860126805606162,8.396085508739132,-1.9186712474714058,4969.615093803829,94721
ANL_034,12,6,Analog + Bass (Adaptive),ANL_025,0.5693300412393862,1.7823818191645748,4661.576595958696,5304.849551626832,8.304669568191681,7.885595514940051,-1.6310812201517644,4661.576595958696,94721
ANL_034,18,6,Analog-only,ANL_025,0.5693300412393862,11.051439902732154,25885.72267569951,26179.7223272629,38.55855091749521,32.216788523891196,-35.662465894506845,25885.72267569951,94721
ANL_034,18,6,Bass-only,ANL_025,0.5693300412393862,1.7192212820622994,4026.921895908159,5141.573465359621,5.713939070973063,5.981330945615407,-0.41411162115456857,-4026.921895908159,94721
ANL_034,18,6,Analog + Bass (Static),ANL_025,0.5693300412393862,1.1596885628378282,2716.3316990376165,3298.5116585064957,4.136041799711517,4.01447188480858,0.41799375198925703,2408.7630479541767,94721
ANL_034,18,6,Analog + Bass (Adaptive),ANL_025,0.5693300412393862,1.1506873951464818,2695.248316902221,3275.1441116070273,4.103263421947565,3.983628048060654,0.42621072161513407,2376.4440095482328,94721
ANL_035,6,6,Analog-only,ANL_028,0.6327456711306907,14.620230226826177,22465.445766541103,22821.252695007446,63.07179016650489,47.86491197108917,-38.673681765809846,22465.445766541103,94721
ANL_035,6,6,Bass-only,ANL_028,0.6327456711306907,0.4520162646839672,694.568192313384,975.2092147294475,1.9677088069971722,2.0045282048572597,0.9275532115214425,-502.12860555525066,94721
ANL_035,6,6,Analog + Bass (Static),ANL_028,0.6327456711306907,1.8645190814366548,2865.0200205355636,3387.765278101325,7.775303417712773,7.397721144439541,0.12572075056245235,2865.0200205355636,94721
ANL_035,6,6,Analog + Bass (Adaptive),ANL_028,0.6327456711306907,2.1029762520297153,3231.43330886886,3724.652256770944,8.807234501508297,8.348774245580765,-0.05680536635777633,3231.43330886886,94721
ANL_035,9,6,Analog-only,ANL_028,0.6327456711306907,15.14942816480252,29293.313035166273,29672.9262884537,69.80866984012796,51.671059619375356,-52.62444546494645,29293.313035166273,94721
ANL_035,9,6,Bass-only,ANL_028,0.6327456711306907,1.760088788191165,3403.3516830661415,3780.1885459088116,7.914186281316201,7.56977796310412,0.129700002325284,3403.3516830661415,94721
ANL_035,9,6,Analog + Bass (Static),ANL_028,0.6327456711306907,3.0359320928723283,5870.354193080256,6371.736910969587,13.667239360410347,12.70904266511634,-1.4726220033495716,5870.354193080256,94721
ANL_035,9,6,Analog + Bass (Adaptive),ANL_028,0.6327456711306907,3.3233511491122854,6426.114865702243,6912.893186581442,14.992242935810344,13.862422971548025,-1.9104607824250026,6426.114865702243,94721
ANL_035,12,6,Analog-only,ANL_028,0.6327456711306907,20.317834951984175,38563.250738865965,39171.512031431754,78.15100095591697,55.96868142053203,-61.62763036306498,38563.250738865965,94721
ANL_035,12,6,Bass-only,ANL_028,0.6327456711306907,0.84622513089581,1606.1352984402474,1979.7542930979182,3.1256785927520556,3.140336661282656,0.8400265558938202,-473.59687601629656,94721
ANL_035,12,6,Analog + Bass (Static),ANL_028,0.6327456711306907,3.095457055067745,5875.17749051858,6257.497552130789,11.879065722643817,11.13394393748158,-0.5981836556561642,5875.17749051858,94721
ANL_035,12,6,Analog + Bass (Adaptive),ANL_028,0.6327456711306907,3.2234210805510433,6118.05321088588,6491.978581481259,12.372319504981434,11.572275940113629,-0.7202020653452459,6118.05321088588,94721
ANL_035,18,6,Analog-only,ANL_028,0.6327456711306907,26.811873662879332,59202.19421667656,59676.66161856613,92.10307078780008,62.963995835986665,-168.99656783278687,59202.19421667656,94721
ANL_035,18,6,Bass-only,ANL_028,0.6327456711306907,1.022609774443665,2257.982535487756,2640.0146720446023,3.5233839875308948,3.442118649962026,0.6673068999774947,2004.6360898793646,94721
ANL_035,18,6,Analog + Bass (Static),ANL_028,0.6327456711306907,5.325478362994026,11758.969488923927,12249.08957374191,18.16603042348193,16.572383610471377,-6.162072844204615,11758.969488923927,94721
ANL_035,18,6,Analog + Bass (Adaptive),ANL_028,0.6327456711306907,6.689492293496086,14770.792483586032,15224.719877633926,22.853612722821467,20.427809107939257,-10.064447545932186,14770.792483586032,94721
ANL_036,6,6,Analog-only,ANL_010,0.5159857520014827,4.891535377566119,69514.58755766763,70060.21515058157,31.449157460343073,37.39265080799254,-9.970062991375698,-69514.58755766763,94721
ANL_036,6,6,Bass-only,ANL_010,0.5159857520014827,0.6130570558979143,8712.27643277644,10407.436910605427,4.136407635958295,4.036708866902546,0.7579228700248551,4924.531299543232,94721
ANL_036,6,6,Analog + Bass (Static),ANL_010,0.5159857520014827,2.1142939430392986,30046.65408332008,32845.739062405235,13.523569273154475,12.534893798513199,-1.411150197966346,30046.65408332008,94721
ANL_036,6,6,Analog + Bass (Adaptive),ANL_010,0.5159857520014827,2.292267808440261,32575.876279306238,35253.15502128933,14.666223504873024,13.531518514479195,-1.777551815495774,32575.876279306238,94721
ANL_036,9,6,Analog-only,ANL_010,0.5159857520014827,4.204415342879367,62267.391228043416,63300.355999177824,25.295012916553333,29.174834890158824,-42.42981180052881,-62267.391228043416,94721
ANL_036,9,6,Bass-only,ANL_010,0.5159857520014827,1.573255866149633,23299.919377676066,23886.628648204427,9.350848431906254,9.82709127483015,-5.1842260835298575,-23299.919377676066,94721
ANL_036,9,6,Analog + Bass (Static),ANL_010,0.5159857520014827,1.3119004705826744,19429.245969329408,22343.314500755554,7.715766949889069,7.346884630860092,-4.410916594780048,19429.245969329408,94721
ANL_036,9,6,Analog + Bass (Adaptive),ANL_010,0.5159857520014827,1.5918525217689166,23575.335847397655,26153.861937594127,9.387252286010305,8.883565352624512,-6.413909767961119,23575.335847397655,94721
ANL_036,12,6,Analog-only,ANL_010,0.5159857520014827,3.505676024328127,51400.54056651939,52301.704750222074,18.705143367076968,20.70483203942592,-4.376920806458043,-51400.54056651939,94721
ANL_036,12,6,Bass-only,ANL_010,0.5159857520014827,1.2552593502557967,18404.72670793688,20765.20399306991,6.760765511468344,6.486459506617402,0.15243238476938237,18404.72670793688,94721
ANL_036,12,6,Analog + Bass (Static),ANL_010,0.5159857520014827,4.192631858877674,61472.74946321527,63794.29989948562,22.188876027184378,19.872570322763472,-6.999552666324683,61472.74946321527,94721
ANL_036,12,6,Analog + Bass (Adaptive),ANL_010,0.5159857520014827,4.376931342606927,64174.96524815209,66463.0827782654,23.16913667561955,20.66305413487733,-7.682862295531953,64174.96524815209,94721
ANL_036,18,6,Analog-only,ANL_010,0.5159857520014827,2.308366371667207,35316.24026516523,35914.95999413017,10.400054434854404,11.003155580349864,-3.3246617006284085,-35316.24026516523,94721
ANL_036,18,6,Bass-only,ANL_010,0.5159857520014827,0.5051626658934628,7728.602487307828,8580.11589545864,2.231172813163684,2.261713805308618,0.7531758362088241,-7728.602487307828,94721
ANL_036,18,6,Analog + Bass (Static),ANL_010,0.5159857520014827,5.794766709215212,88655.49935880334,91198.84857142228,25.605088436984808,22.610356026316623,-26.88560533709898,88655.49935880334,94721
ANL_036,18,6,Analog + Bass (Adaptive),ANL_010,0.5159857520014827,7.0729422880077575,108210.6082859455,110645.20665281176,31.292609127458732,26.968979746542814,-40.045596802145454,108210.6082859455,94721
