seed,drug_id,cutoff_month,forecast_start,forecast_end,model,top_analog,top_similarity,MASE,MAE,RMSE,MAPE,sMAPE,R2,Bias
93400,ANL_001,6,7,12,Naive,ANL_002,0.9999999999971108,1.5343141781320857,9969.666666666666,11521.947737542758,12.813528876172162,13.950457443382245,-2.979352397086532,-9969.666666666666
93400,ANL_001,6,7,12,Bass-only,ANL_002,0.9999999999971108,32.226837190311954,209403.54269520903,218153.46806506638,286.39444938837494,114.10388651945946,-1425.5429160304122,209403.54269520903
93400,ANL_001,6,7,12,Analog-only,ANL_002,0.9999999999971108,1.3381093087954363,8694.766666690986,9416.700863560189,11.566215149595287,10.83696516650615,-1.6580194075297392,8694.766666690986
93400,ANL_001,6,7,12,Analog + Bass (Static),ANL_002,0.9999999999971108,32.18340213882003,209121.3104176248,217866.89748969552,286.01086278140485,114.03769719889316,-1421.7975094533447,209121.3104176248
93400,ANL_001,6,7,12,Analog + Bass (Adaptive),ANL_002,0.9999999999971108,32.18340213882003,209121.3104176248,217866.89748969552,286.01086278140485,114.03769719889316,-1421.7975094533447,209121.3104176248
93400,ANL_001,9,10,15,Naive,ANL_002,0.9999999999971108,2.468686956965049,14123.666666666666,15989.133216031443,15.914825527431505,17.628335749588427,-3.551046133713987,-14123.666666666666
93400,ANL_001,9,10,15,Bass-only,ANL_002,0.9999999999971108,41.8872123029018,239641.97748643905,251785.52245924858,290.0319629967786,113.75315068976303,-1127.5554584616339,239641.97748643905
93400,ANL_001,9,10,15,Analog-only,ANL_002,0.9999999999971108,0.4573750792022699,2616.700000001086,3267.7537371395747,3.0879659928333263,3.1578354603799785,0.8099096649752597,-1765.2333333090137
93400,ANL_001,9,10,15,Analog + Bass (Static),ANL_002,0.9999999999971108,41.85487358421056,239456.96363446664,251597.13307195457,289.8099258860435,113.71521401530134,-1125.8672888543754,239456.96363446664
93400,ANL_001,9,10,15,Analog + Bass (Adaptive),ANL_002,0.9999999999971108,41.85487358421056,239456.96363446664,251597.13307195457,289.8099258860435,113.71521401530134,-1125.8672888543754,239456.96363446664
93400,ANL_001,12,13,18,Naive,ANL_002,0.9999999999971108,2.168004663311837,13355.5,15947.033512015121,12.851085081459582,14.117366664655192,-2.348866331655576,-13355.5
93400,ANL_001,12,13,18,Bass-only,ANL_002,0.9999999999971108,35.50668567028886,218730.8673705258,233424.72197102403,231.41442793455192,101.6548797195669,-716.5161816634159,218730.8673705258
93400,ANL_001,12,13,18,Analog-only,ANL_002,0.9999999999971108,2.4221438444736187,14921.066666642348,15044.485580635013,15.149878079427289,16.405667927588713,-1.9805244189557194,-14921.066666642348
93400,ANL_001,12,13,18,Analog + Bass (Static),ANL_002,0.9999999999971108,35.54926024559561,218993.1383656632,233691.52005473533,231.6884161364618,101.71503985565826,-718.157321825639,218993.1383656632
93400,ANL_001,12,13,18,Analog + Bass (Adaptive),ANL_002,0.9999999999971108,35.54926024559561,218993.1383656632,233691.52005473533,231.6884161364618,101.71503985565826,-718.157321825639,218993.1383656632
93400,ANL_001,18,19,24,Naive,ANL_002,0.9999999999971108,2.1918105476526586,11873.166666666666,12598.086197249697,9.671985452862597,10.222964422401493,-7.946705581520362,-11873.166666666666
93400,ANL_001,18,19,24,Bass-only,ANL_002,0.9999999999971108,22.223217322871395,120384.47548607217,135867.09143164443,101.09402640640998,62.57623729519349,-1039.5969568895755,120384.47548607217
93400,ANL_001,18,19,24,Analog-only,ANL_002,0.9999999999971108,6.971630651170086,37765.733333309014,37996.216543907605,31.239364571643826,37.169587947580744,-80.38318886809672,-37765.733333309014
93400,ANL_001,18,19,24,Analog + Bass (Static),ANL_002,0.9999999999971108,22.498170378233496,121873.9123606778,137355.681885571,102.33303236970744,63.120434664714566,-1062.52389822271,121873.9123606778
93400,ANL_001,18,19,24,Analog + Bass (Adaptive),ANL_002,0.9999999999971108,22.498170378233496,121873.9123606778,137355.681885571,102.33303236970744,63.120434664714566,-1062.52389822271,121873.9123606778
93400,ANL_002,6,7,12,Naive,ANL_005,0.9999999999983027,4.058833738285317,23387.0,26693.354335239823,20.590674100552388,23.642131690248664,-3.303180028979959,-23387.0
93400,ANL_002,6,7,12,Bass-only,ANL_005,0.9999999999983027,44.27235273355658,255097.296450753,268531.8842457115,250.8646221158181,105.84907790954377,-434.4867354346791,255097.296450753
93400,ANL_002,6,7,12,Analog-only,ANL_005,0.9999999999983027,0.9456612287401567,5448.900000000783,6692.305073234838,5.395740956511606,5.243947046411657,0.7295203015831071,1329.9666666272121
93400,ANL_002,6,7,12,Analog + Bass (Static),ANL_005,0.9999999999983027,44.00783965479559,253573.17209093217,266989.89125316375,249.3890166949674,105.5506010237675,-429.49969662644435,253573.17209093217
93400,ANL_002,6,7,12,Analog + Bass (Adaptive),ANL_005,0.9999999999983027,44.00783965479559,253573.17209093217,266989.89125316375,249.3890166949674,105.5506010237675,-429.49969662644435,253573.17209093217
93400,ANL_002,9,10,15,Naive,ANL_005,0.9999999999983027,3.3630123692057947,23824.0,30153.765746033558,16.197405747586036,18.33202246682716,-1.0617077318058383,-21638.666666666668
93400,ANL_002,9,10,15,Bass-only,ANL_005,0.9999999999983027,42.174815301998976,298771.6634512735,319751.483331945,243.0239209486143,102.22954275428103,-230.8297260790053,298771.6634512735
93400,ANL_002,9,10,15,Analog-only,ANL_005,0.9999999999983027,3.4986254477496455,24784.70000003946,28472.622285193658,17.491951582437473,19.532216083614777,-0.8382260658509906,-24784.70000003946
93400,ANL_002,9,10,15,Analog + Bass (Static),ANL_005,0.9999999999983027,41.51867241067319,294123.4651912602,315050.5038205135,239.33470561595936,101.44838684012105,-224.06312424187558,294123.4651912602
93400,ANL_002,9,10,15,Analog + Bass (Adaptive),ANL_005,0.9999999999983027,41.51867241067319,294123.4651912602,315050.5038205135,239.33470561595936,101.44838684012105,-224.06312424187558,294123.4651912602
93400,ANL_002,12,13,18,Naive,ANL_005,0.9999999999983027,5.091996855345911,39254.666666666664,43599.35792722947,22.58823876456954,26.06511239523574,-4.280653336901311,-39254.666666666664
93400,ANL_002,12,13,18,Bass-only,ANL_005,0.9999999999983027,34.689751361367335,267426.44685854093,291898.1338581848,171.21281979868243,85.59192307056023,-235.69555800787882,267426.44685854093
93400,ANL_002,12,13,18,Analog-only,ANL_005,0.9999999999983027,7.447791273590023,57415.70000003945,58828.96845657377,34.20448193327032,41.430780496470106,-8.61412882705541,-57415.70000003945
93400,ANL_002,12,13,18,Analog + Bass (Static),ANL_005,0.9999999999983027,33.86979058403378,261105.29468418765,285528.9487782129,167.2578671447959,84.41555996287092,-225.4789086293769,261105.29468418765
93400,ANL_002,12,13,18,Analog + Bass (Adaptive),ANL_005,0.9999999999983027,33.86979058403378,261105.29468418765,285528.9487782129,167.2578671447959,84.41555996287092,-225.4789086293769,261105.29468418765
93400,ANL_002,18,19,24,Naive,ANL_005,0.9999999999983027,4.4496014166656925,44785.5,49336.92807455014,18.786930746000387,21.071732103071536,-4.682028448552145,-44785.5
93400,ANL_002,18,19,24,Bass-only,ANL_005,0.9999999999983027,13.848956062791148,139390.5574164672,171466.67123019687,64.46110821804311,43.72042285331752,-67.63073142050753,133047.12189262753
93400,ANL_002,18,19,24,Analog-only,ANL_005,0.9999999999983027,12.123976170720708,122028.53333337279,122772.215316698,52.834252785673684,71.84970510162798,-34.185147710600575,-122028.53333337279
93400,ANL_002,18,19,24,Analog + Bass (Static),ANL_005,0.9999999999983027,12.94641548772314,130306.43343778564,160651.85047601862,60.233355077491815,41.74366573809928,-59.24633863144472,121320.58647663934
93400,ANL_002,18,19,24,Analog + Bass (Adaptive),ANL_005,0.9999999999983027,12.94641548772314,130306.43343778564,160651.85047601862,60.233355077491815,41.74366573809928,-59.24633863144472,121320.58647663934
93400,ANL_003,6,7,12,Naive,ANL_005,0.9999999999897209,6.547464037698412,14079.666666666666,16089.80353101512,34.54892753243161,43.2659417831479,-3.268823219726591,-14079.666666666666
93400,ANL_003,6,7,12,Bass-only,ANL_005,0.9999999999897209,26.19593319350546,56331.734739314146,62166.654757961274,169.3096531655887,82.65743369981591,-62.726737392102834,56331.734739314146
93400,ANL_003,6,7,12,Analog-only,ANL_005,0.9999999999897209,23.698893229163,50962.09999999212,50992.222069571835,140.2404658431435,81.62058035542725,-41.876029694245695,50962.09999999212
93400,ANL_003,6,7,12,Analog + Bass (Static),ANL_005,0.9999999999897209,25.735512181168517,55341.64539438478,61187.18564741951,166.4792356512386,81.80823132349397,-60.73445862091262,55341.64539438478
93400,ANL_003,6,7,12,Analog + Bass (Adaptive),ANL_005,0.9999999999897209,25.735512181168517,55341.64539438478,61187.18564741951,166.4792356512386,81.80823132349397,-60.73445862091262,55341.64539438478
93400,ANL_003,9,10,15,Naive,ANL_005,0.9999999999897209,6.899635985439417,18796.333333333332,21594.267765620887,32.34167537719797,40.17414186741811,-3.12628399337318,-18796.333333333332
93400,ANL_003,9,10,15,Bass-only,ANL_005,0.9999999999897209,25.278525960744506,68865.02434855822,78233.20334968393,148.35139720186731,75.06162361799042,-53.158219398598256,68865.02434855822
93400,ANL_003,9,10,15,Analog-only,ANL_005,0.9999999999897209,12.922247713435057,35203.433333325454,35366.57775065013,69.58047142132324,50.79619386952555,-10.067976421961514,35203.433333325454
93400,ANL_003,9,10,15,Analog + Bass (Static),ANL_005,0.9999999999897209,24.182790793380306,65879.9678188663,75303.42090151056,142.29948739822322,73.00961863687209,-49.17779379357293,65879.9678188663
93400,ANL_003,9,10,15,Analog + Bass (Adaptive),ANL_005,0.9999999999897209,24.182790793380306,65879.9678188663,75303.42090151056,142.29948739822322,73.00961863687209,-49.17779379357293,65879.9678188663
93400,ANL_003,12,13,18,Naive,ANL_005,0.9999999999897209,5.580181582360571,19556.0,21978.628809216767,26.010505144681556,30.73855490417156,-3.8006934830150563,-19556.0
93400,ANL_003,12,13,18,Bass-only,ANL_005,0.9999999999897209,18.849478301590175,66058.85350239102,77982.76254415228,103.1922412799126,60.02193262309339,-59.43659957575606,66058.85350239102
93400,ANL_003,12,13,18,Analog-only,ANL_005,0.9999999999897209,5.047092952872805,17687.766666658783,17949.370549587235,25.88247802620674,22.71484558841289,-2.201851867677649,17687.766666658783
93400,ANL_003,12,13,18,Analog + Bass (Static),ANL_005,0.9999999999897209,17.231977089615782,60390.2469822444,72514.6790437333,94.79749397421445,56.27770368038036,-51.258224128627994,60390.2469822444
93400,ANL_003,12,13,18,Analog + Bass (Adaptive),ANL_005,0.9999999999897209,17.231977089615782,60390.2469822444,72514.6790437333,94.79749397421445,56.27770368038036,-51.258224128627994,60390.2469822444
93400,ANL_003,18,19,24,Naive,ANL_005,0.9999999999897209,6.455714080421057,28187.166666666668,31373.784010964737,23.349153096774643,27.024059763925344,-4.186116495087198,-28187.166666666668
93400,ANL_003,18,19,24,Bass-only,ANL_005,0.9999999999897209,9.639131286648917,42086.71522840014,50078.84615683727,38.55743526651125,32.50801035825299,-12.213476333399113,19411.894313237175
93400,ANL_003,18,19,24,Analog-only,ANL_005,0.9999999999897209,6.0966480748003935,26619.40000000788,27598.357886423055,22.703637734638082,25.718251182712276,-3.0130534814923395,-26619.40000000788
93400,ANL_003,18,19,24,Analog + Bass (Static),ANL_005,0.9999999999897209,8.450150147980896,36895.343816707646,44653.454882456936,33.16682692267561,30.028074888761196,-9.505545207070487,9223.82349177225
93400,ANL_003,18,19,24,Analog + Bass (Adaptive),ANL_005,0.9999999999897209,8.450150147980896,36895.343816707646,44653.454882456936,33.16682692267561,30.028074888761196,-9.505545207070487,9223.82349177225
93400,ANL_004,6,7,12,Naive,ANL_005,0.9999999999972842,3.684209006261408,21260.833333333332,22312.95853310358,14.498044959877054,15.731071100977356,-9.859792805086027,-21260.833333333332
93400,ANL_004,6,7,12,Bass-only,ANL_005,0.9999999999972842,75.86807944114152,437819.5128389395,454220.23099891964,306.26877914547777,118.07803813933258,-4499.286576496983,437819.5128389395
93400,ANL_004,6,7,12,Analog-only,ANL_005,0.9999999999972842,7.719022203737424,44544.93333332793,44799.06266801637,30.869047506305975,36.62920494119932,-42.776907361767066,-44544.93333332793
93400,ANL_004,6,7,12,Analog + Bass (Static),ANL_005,0.9999999999972842,76.08648999847546,439079.9164832022,455501.61700125213,307.1477022276614,118.21742656537688,-4524.713617486508,439079.9164832022
93400,ANL_004,6,7,12,Analog + Bass (Adaptive),ANL_005,0.9999999999972842,76.08648999847546,439079.9164832022,455501.61700125213,307.1477022276614,118.21742656537688,-4524.713617486508,439079.9164832022
93400,ANL_004,9,10,15,Naive,ANL_005,0.9999999999972842,4.123749247729964,25981.166666666668,28454.33437691582,15.550070761989126,17.092981286201937,-5.013967393673047,-25981.166666666668
93400,ANL_004,9,10,15,Bass-only,ANL_005,0.9999999999972842,78.38425053611438,493850.17247147165,516658.62247403106,310.8740548452426,117.7428462651565,-1981.7664925585939,493850.17247147165
93400,ANL_004,9,10,15,Analog-only,ANL_005,0.9999999999972842,9.895326336394461,62344.26666666126,62697.76725635976,38.3618368395863,47.564436753058985,-28.199025564251755,-62344.26666666126
93400,ANL_004,9,10,15,Analog + Bass (Static),ANL_005,0.9999999999972842,78.60626584966076,495248.9522025564,518084.71532520634,311.749578894988,117.88011244065444,-1992.7273530294835,495248.9522025564
93400,ANL_004,9,10,15,Analog + Bass (Adaptive),ANL_005,0.9999999999972842,78.60626584966076,495248.9522025564,518084.71532520634,311.749578894988,117.88011244065444,-1992.7273530294835,495248.9522025564
93400,ANL_004,12,13,18,Naive,ANL_005,0.9999999999972842,4.5052589786646875,31463.5,33731.28223919156,16.7894475720354,18.51462103790863,-6.69575994567797,-31463.5
93400,ANL_004,12,13,18,Bass-only,ANL_005,0.9999999999972842,63.7460262159937,445184.8618126229,470477.94107421563,247.09242147911357,106.42805765250121,-1496.1466501633615,445184.8618126229
93400,ANL_004,12,13,18,Analog-only,ANL_005,0.9999999999972842,11.930391429426075,83318.59999999459,83710.91738675693,45.3976477495868,58.850312134253926,-46.39690835148745,-83318.59999999459
93400,ANL_004,12,13,18,Analog + Bass (Static),ANL_005,0.9999999999972842,64.15589198151332,448047.2525374395,473398.79901526327,248.67258494256333,106.74879401276102,-1514.7937600593568,448047.2525374395
93400,ANL_004,12,13,18,Analog + Bass (Adaptive),ANL_005,0.9999999999972842,64.15589198151332,448047.2525374395,473398.79901526327,248.67258494256333,106.74879401276102,-1514.7937600593568,448047.2525374395
93400,ANL_004,18,19,24,Naive,ANL_005,0.9999999999972842,2.766967587857747,29442.0,33748.72148195642,12.446360187914244,13.501036899733956,-3.1851839315861943,-29442.0
93400,ANL_004,18,19,24,Bass-only,ANL_005,0.9999999999972842,22.386876515335192,238208.2179989687,270585.00006304984,108.34623318987057,64.71260849332478,-268.0341028948663,238208.2179989687
93400,ANL_004,18,19,24,Analog-only,ANL_005,0.9999999999972842,12.053075090248209,128251.0999999946,128702.79068367268,56.13722315777312,78.11800947413437,-59.86614933351768,-128251.0999999946
93400,ANL_004,18,19,24,Analog + Bass (Static),ANL_005,0.9999999999972842,22.862108993828596,243264.94316380357,275623.62297062407,110.60369177273299,65.65536525158012,-278.1468770482492,243264.94316380357
93400,ANL_004,18,19,24,Analog + Bass (Adaptive),ANL_005,0.9999999999972842,22.862108993828596,243264.94316380357,275623.62297062407,110.60369177273299,65.65536525158012,-278.1468770482492,243264.94316380357
93400,ANL_005,6,7,12,Naive,ANL_002,0.9999999999983027,4.587445008460237,22593.166666666668,25642.73731813097,17.824727861086018,20.018759064418656,-3.470124772983806,-22593.166666666668
93400,ANL_005,6,7,12,Bass-only,ANL_002,0.9999999999983027,69.88449901433519,344181.1576456008,359398.28400047414,295.10515165855884,114.73067465188882,-877.0977754734965,344181.1576456008
93400,ANL_005,6,7,12,Analog-only,ANL_002,0.9999999999983027,3.3369746192918965,16434.60000001259,17370.401519071078,13.377838084444685,14.423935735687838,-1.0512122111294784,-16434.60000001259
93400,ANL_005,6,7,12,Analog + Bass (Static),ANL_002,0.9999999999983027,69.9111138923559,344312.2359198528,359531.2838283219,295.2164494941194,114.74929912715703,-877.7477978436021,344312.2359198528
93400,ANL_005,6,7,12,Analog + Bass (Adaptive),ANL_002,0.9999999999983027,69.9111138923559,344312.2359198528,359531.2838283219,295.2164494941194,114.74929912715703,-877.7477978436021,344312.2359198528
93400,ANL_005,9,10,15,Naive,ANL_002,0.9999999999983027,7.494888821535834,34001.5,35938.303936515054,23.10471515926511,26.391650672775945,-8.53465723179657,-34001.5
93400,ANL_005,9,10,15,Bass-only,ANL_002,0.9999999999983027,83.23873700219669,377622.93525259057,397517.2603455137,270.27448127164865,110.34987103373727,-1165.5461148756212,377622.93525259057
93400,ANL_005,9,10,15,Analog-only,ANL_002,0.9999999999983027,8.68419438092104,39396.933333345914,39695.06394924087,27.33738862573474,31.715562700184414,-10.632228968230642,-39396.933333345914
93400,ANL_005,9,10,15,Analog + Bass (Static),ANL_002,0.9999999999983027,83.39837738781728,378347.16381700657,398254.29505719,270.7884705885087,110.44484603005526,-1169.875899399416,378347.16381700657
93400,ANL_005,9,10,15,Analog + Bass (Adaptive),ANL_002,0.9999999999983027,83.39837738781728,378347.16381700657,398254.29505719,270.7884705885087,110.44484603005526,-1169.875899399416,378347.16381700657
93400,ANL_005,12,13,18,Naive,ANL_002,0.9999999999983027,4.809367993698115,26456.333333333332,27871.886193797505,16.20807627050299,17.77028193649554,-9.101390397641099,-26456.333333333332
93400,ANL_005,12,13,18,Bass-only,ANL_002,0.9999999999983027,64.5205733186204,354927.67382573074,376830.6985502149,225.41983327916282,101.59817569902496,-1845.4646038115554,354927.67382573074
93400,ANL_005,12,13,18,Analog-only,ANL_002,0.9999999999983027,10.192649821246912,56069.76666667926,56271.989570609105,34.946363451319854,42.437771698865134,-40.174940183054815,-56069.76666667926
93400,ANL_005,12,13,18,Analog + Bass (Static),ANL_002,0.9999999999983027,64.27495587919539,353576.53229145386,375453.8959005021,224.56724014640113,101.40626824049555,-1831.9966289413364,353576.53229145386
93400,ANL_005,12,13,18,Analog + Bass (Adaptive),ANL_002,0.9999999999983027,64.27495587919539,353576.53229145386,375453.8959005021,224.56724014640113,101.40626824049555,-1831.9966289413364,353576.53229145386
93400,ANL_005,18,19,24,Naive,ANL_002,0.9999999999983027,4.828534165149083,31505.333333333332,37754.66602951217,14.398688899403812,15.966957481187066,-2.293253308518259,-31505.333333333332
93400,ANL_005,18,19,24,Bass-only,ANL_002,0.9999999999983027,28.6657311239004,187038.83692501648,218989.68124242203,96.30166768275524,58.575281039084146,-109.79780935708317,187038.83692501648
93400,ANL_005,18,19,24,Analog-only,ANL_002,0.9999999999983027,15.617857894137748,101903.76666667925,103152.6309596733,49.117881706640446,65.27699503153738,-23.583543888676065,-101903.76666667925
93400,ANL_005,18,19,24,Analog + Bass (Static),ANL_002,0.9999999999983027,28.52976465762518,186151.67972665295,218120.1748280012,95.85927094092804,58.37412035892369,-108.91970271886893,186151.67972665295
93400,ANL_005,18,19,24,Analog + Bass (Adaptive),ANL_002,0.9999999999983027,28.52976465762518,186151.67972665295,218120.1748280012,95.85927094092804,58.37412035892369,-108.91970271886893,186151.67972665295
93400,ANL_006,6,7,12,Naive,ANL_009,0.9999999999989466,4.073053463809766,22392.833333333332,26227.9273135844,12.68542940691528,13.86525416078864,-2.6891828666856483,-22392.833333333332
93400,ANL_006,6,7,12,Bass-only,ANL_009,0.9999999999989466,94.41614344964147,519081.0734574389,540167.5167195174,317.0918086682764,118.68880985514281,-1563.8011923255006,519081.0734574389
93400,ANL_006,6,7,12,Analog-only,ANL_009,0.9999999999989466,10.514714976895613,57807.7999999767,58044.290761543816,34.36431367703797,41.555272498517894,-17.06846497060481,-57807.7999999767
93400,ANL_006,6,7,12,Analog + Bass (Static),ANL_009,0.9999999999989466,94.82334773360478,521319.8011698124,542441.6051674003,318.44952396362237,118.896608794636,-1577.0044553272112,521319.8011698124
93400,ANL_006,6,7,12,Analog + Bass (Adaptive),ANL_009,0.9999999999989466,94.82334773360478,521319.8011698124,542441.6051674003,318.44952396362237,118.896608794636,-1577.0044553272112,521319.8011698124
93400,ANL_006,9,10,15,Naive,ANL_009,0.9999999999989466,4.717946606272733,28643.833333333332,32616.31080456525,14.066375346809654,15.425506565886128,-3.371497321121221,-28643.833333333332
93400,ANL_006,9,10,15,Bass-only,ANL_009,0.9999999999989466,93.35693365375614,566793.283445367,594578.4822417767,297.84044501725333,115.24497633338567,-1451.7099759614628,566793.283445367
93400,ANL_006,9,10,15,Analog-only,ANL_009,0.9999999999989466,14.02343833641782,85139.79999997669,85396.72895380338,43.51800929166231,55.68440290146967,-28.9669825018441,-85139.79999997669
93400,ANL_006,9,10,15,Analog + Bass (Static),ANL_009,0.9999999999989466,94.7383248378495,575180.0546717938,603123.0249577168,302.2146797759296,115.96294908743798,-1493.7630709448042,575180.0546717938
93400,ANL_006,9,10,15,Analog + Bass (Adaptive),ANL_009,0.9999999999989466,94.7383248378495,575180.0546717938,603123.0249577168,302.2146797759296,115.96294908743798,-1493.7630709448042,575180.0546717938
93400,ANL_006,12,13,18,Naive,ANL_009,0.9999999999989466,6.287150586527774,41480.333333333336,42775.070025269,18.53826168700151,20.530508798532352,-15.77267147347131,-41480.333333333336
93400,ANL_006,12,13,18,Bass-only,ANL_009,0.9999999999989466,78.06951990526639,515074.30341861845,545248.6857404577,236.48866599408848,104.23450325026535,-2724.2731472991663,515074.30341861845
93400,ANL_006,12,13,18,Analog-only,ANL_009,0.9999999999989466,16.785753851237956,110746.29999997669,110804.7245510836,50.1004454426232,66.95852288652986,-111.54788524786737,-110746.29999997669
93400,ANL_006,12,13,18,Analog + Bass (Static),ANL_009,0.9999999999989466,80.33865528485589,530045.233513012,560521.3987394269,243.32692071279092,105.67245566675014,-2879.0841448875713,530045.233513012
93400,ANL_006,12,13,18,Analog + Bass (Adaptive),ANL_009,0.9999999999989466,80.33865528485589,530045.233513012,560521.3987394269,243.32692071279092,105.67245566675014,-2879.0841448875713,530045.233513012
93400,ANL_006,18,19,24,Naive,ANL_009,0.9999999999989466,4.290711271150347,32593.0,34517.099110440904,12.017243025206248,12.867260842781844,-8.226845744934025,-32593.0
93400,ANL_006,18,19,24,Bass-only,ANL_009,0.9999999999989466,37.65036614597167,285998.8254270618,320686.2467010147,109.01891045222618,65.88309587790872,-795.4258549472761,285998.8254270618
93400,ANL_006,18,19,24,Analog-only,ANL_009,0.9999999999989466,20.654860675517384,156897.96666664336,156952.38294093963,58.69512129011638,83.18538824292304,-189.77458108739737,-156897.96666664336
93400,ANL_006,18,19,24,Analog + Bass (Static),ANL_009,0.9999999999989466,40.414608878619234,306996.5010317938,341763.45907009684,116.94474072261242,69.12225178355921,-903.5569905293149,306996.5010317938
93400,ANL_006,18,19,24,Analog + Bass (Adaptive),ANL_009,0.9999999999989466,40.414608878619234,306996.5010317938,341763.45907009684,116.94474072261242,69.12225178355921,-903.5569905293149,306996.5010317938
93400,ANL_007,6,7,12,Naive,ANL_013,0.9999999999937402,6.918559247748824,28940.333333333332,33180.00142153905,28.298076962590674,34.12212265839836,-3.1801046537553495,-28940.333333333332
93400,ANL_007,6,7,12,Bass-only,ANL_013,0.9999999999937402,51.28570897728724,214528.12065199253,228053.06109346455,245.51096587741375,102.93285893479094,-196.4722917852651,214528.12065199253
93400,ANL_007,6,7,12,Analog-only,ANL_013,0.9999999999937402,7.261550721171529,30375.066666660507,30630.496611486436,32.21575596243468,38.49561917605186,-2.562397936207163,-30375.066666660507
93400,ANL_007,6,7,12,Analog + Bass (Static),ANL_013,0.9999999999937402,52.57606731010376,219925.689558164,233494.56152213653,251.52872798990583,104.16587938066732,-206.00836420151515,219925.689558164
93400,ANL_007,6,7,12,Analog + Bass (Adaptive),ANL_013,0.9999999999937402,52.57606731010376,219925.689558164,233494.56152213653,251.52872798990583,104.16587938066732,-206.00836420151515,219925.689558164
93400,ANL_007,9,10,15,Naive,ANL_013,0.9999999999937402,8.014284737885312,39085.666666666664,42023.49326269771,30.53786004716228,36.660059120464865,-6.411194999705826,-39085.666666666664
93400,ANL_007,9,10,15,Bass-only,ANL_013,0.9999999999937402,48.73450694069521,237678.19034977056,255443.59900234904,204.8792356569718,94.66682104051212,-272.83817225295246,237678.19034977056
93400,ANL_007,9,10,15,Analog-only,ANL_013,0.9999999999937402,12.019971293826908,58621.39999999383,58756.55544929381,47.915639142516994,63.25047494980098,-13.488272108636197,-58621.39999999383
93400,ANL_007,9,10,15,Analog + Bass (Static),ANL_013,0.9999999999937402,52.059731079052675,253895.3084725399,271834.2113509036,218.5639248880916,97.96479291177705,-309.1074253930215,253895.3084725399
93400,ANL_007,9,10,15,Analog + Bass (Adaptive),ANL_013,0.9999999999937402,52.059731079052675,253895.3084725399,271834.2113509036,218.5639248880916,97.96479291177705,-309.1074253930215,253895.3084725399
93400,ANL_007,12,13,18,Naive,ANL_013,0.9999999999937402,5.094017906878796,34085.0,38967.28914529895,21.032311140529384,24.183693287662514,-3.257386341899166,-34085.0
93400,ANL_007,12,13,18,Bass-only,ANL_013,0.9999999999937402,33.82918391667999,226357.2203472179,249899.25064235736,158.81949681382528,81.28766386119077,-174.09453130869966,226357.2203472179
93400,ANL_007,12,13,18,Analog-only,ANL_013,0.9999999999937402,13.182683676841961,88207.73333332717,88423.58026491327,57.984344370722674,81.84181352479631,-20.921933972860938,-88207.73333332717
93400,ANL_007,12,13,18,Analog + Bass (Static),ANL_013,0.9999999999937402,37.33655800566188,249825.69808097556,273487.0298446602,174.82232129628343,86.11164181585035,-208.70855308204148,249825.69808097556
93400,ANL_007,12,13,18,Analog + Bass (Adaptive),ANL_013,0.9999999999937402,37.33655800566188,249825.69808097556,273487.0298446602,174.82232129628343,86.11164181585035,-208.70855308204148,249825.69808097556
93400,ANL_007,18,19,24,Naive,ANL_013,0.9999999999937402,2.3093630026391145,18564.833333333332,22755.524212082364,8.856568856174412,9.471495770122097,-1.9903635591207154,-18564.833333333332
93400,ANL_007,18,19,24,Bass-only,ANL_013,0.9999999999937402,15.676552794749178,126022.88576682424,156403.12826161127,66.04762974168416,44.13378805803824,-140.2671465267367,126022.88576682424
93400,ANL_007,18,19,24,Analog-only,ANL_013,0.9999999999937402,16.886125135979487,135746.5666666605,135763.2984077987,67.91286855659654,103.18575782053581,-105.44249942474282,-135746.5666666605
93400,ANL_007,18,19,24,Analog + Bass (Static),ANL_013,0.9999999999937402,19.365891547719432,155681.26298202548,184956.1371663562,81.11854366554563,52.135062772064444,-196.55489517396475,155681.26298202548
93400,ANL_007,18,19,24,Analog + Bass (Adaptive),ANL_013,0.9999999999937402,19.365891547719432,155681.26298202548,184956.1371663562,81.11854366554563,52.135062772064444,-196.55489517396475,155681.26298202548
93400,ANL_008,6,7,12,Naive,ANL_009,0.9999999999987943,6.94276180698152,27049.0,30551.07255073052,15.219240119785624,16.79203984434766,-3.627055979226375,-27049.0
93400,ANL_008,6,7,12,Bass-only,ANL_009,0.9999999999987943,138.82328231095673,540855.5078834874,562700.9153901227,325.96666743649314,119.93513669650314,-1568.6653591516397,540855.5078834874
93400,ANL_008,6,7,12,Analog-only,ANL_009,0.9999999999987943,17.561456194374244,68419.43333328205,68456.49240317762,40.26855948178996,50.54678515239295,-22.231706713180042,-68419.43333328205
93400,ANL_008,6,7,12,Analog + Bass (Static),ANL_009,0.9999999999987943,141.2492557679866,550307.1004720757,572303.0093466112,331.6215804017123,120.7658062220285,-1622.692893131465,550307.1004720757
93400,ANL_008,6,7,12,Analog + Bass (Adaptive),ANL_009,0.9999999999987943,141.2492557679866,550307.1004720757,572303.0093466112,331.6215804017123,120.7658062220285,-1622.692893131465,550307.1004720757
93400,ANL_008,9,10,15,Naive,ANL_009,0.9999999999987943,5.167250384024578,28032.333333333332,31585.171964072,13.822216146460823,15.106469430377837,-3.709959905663088,-28032.333333333332
93400,ANL_008,9,10,15,Bass-only,ANL_009,0.9999999999987943,108.3486635169515,587791.4995794619,615525.3202364929,307.879145604141,117.0854197179219,-1787.7208289085659,587791.4995794619
93400,ANL_008,9,10,15,Analog-only,ANL_009,0.9999999999987943,17.202353302601914,93322.76666661538,93773.38293999214,47.774399430287026,63.029167233773954,-40.51546304398324,-93322.76666661538
93400,ANL_008,9,10,15,Analog + Bass (Static),ANL_009,0.9999999999987943,112.37140030432656,609614.8466509716,637771.9960136417,319.2357579650997,118.85375273293444,-1919.3553973068829,609614.8466509716
93400,ANL_008,9,10,15,Analog + Bass (Adaptive),ANL_009,0.9999999999987943,112.37140030432656,609614.8466509716,637771.9960136417,319.2357579650997,118.85375273293444,-1919.3553973068829,609614.8466509716
93400,ANL_008,12,13,18,Naive,ANL_009,0.9999999999987943,4.885555738695676,29640.666666666668,33613.19804283232,12.977360192714164,14.108263567666823,-3.496403395963017,-29640.666666666668
93400,ANL_008,12,13,18,Bass-only,ANL_009,0.9999999999987943,87.8642977276313,533072.6943135391,563044.8052343806,245.6092350634143,106.25167541549037,-1260.6285562721164,533072.6943135391
93400,ANL_008,12,13,18,Analog-only,ANL_009,0.9999999999987943,19.493670677426852,118268.09999994871,119378.43260659705,53.49142552754754,73.4828011888228,-55.71492257249571,-118268.09999994871
93400,ANL_008,12,13,18,Analog + Bass (Static),ANL_009,0.9999999999987943,93.56632598028342,567666.8997223795,598359.2697699872,261.46558863458205,109.39348716834363,-1423.8516366231854,567666.8997223795
93400,ANL_008,12,13,18,Analog + Bass (Adaptive),ANL_009,0.9999999999987943,93.56632598028342,567666.8997223795,598359.2697699872,261.46558863458205,109.39348716834363,-1423.8516366231854,567666.8997223795
93400,ANL_008,18,19,24,Naive,ANL_009,0.9999999999987943,5.737334945684384,61120.166666666664,63185.40532301216,21.84313059311629,24.66521390300955,-14.551515222309648,-61120.166666666664
93400,ANL_008,18,19,24,Bass-only,ANL_009,0.9999999999987943,26.66386655035893,284051.73882371193,321285.5906776396,105.78689067717958,64.09021069893664,-401.0885025854273,284051.73882371193
93400,ANL_008,18,19,24,Analog-only,ANL_009,0.9999999999987943,16.317059999332574,173826.5999999487,174104.90677070388,62.98503406504512,92.15687254975047,-117.0758770601747,-173826.5999999487
93400,ANL_008,18,19,24,Analog + Bass (Static),ANL_009,0.9999999999987943,31.333713028962897,333799.8880571317,371140.41778895736,124.04984584309302,71.47468418795212,-535.5567501443272,333799.8880571317
93400,ANL_008,18,19,24,Analog + Bass (Adaptive),ANL_009,0.9999999999987943,31.333713028962897,333799.8880571317,371140.41778895736,124.04984584309302,71.47468418795212,-535.5567501443272,333799.8880571317
93400,ANL_009,6,7,12,Naive,ANL_006,0.9999999999989466,1.6942976788314004,20715.5,25052.27920768887,9.99813674276156,10.731878238217641,-2.162039820305442,-20715.5
93400,ANL_009,6,7,12,Bass-only,ANL_006,0.9999999999989466,51.54190341742395,630182.2363234757,654056.1734635482,322.7727952053744,120.22826715160176,-2154.2762670236943,630182.2363234757
93400,ANL_009,6,7,12,Analog-only,ANL_006,0.9999999999989466,7.6474299205533045,93502.06666663704,93935.91080054422,47.033226691967236,61.64666030906451,-43.45659020878875,-93502.06666663704
93400,ANL_009,6,7,12,Analog + Bass (Static),ANL_006,0.9999999999989466,51.73752290549362,632573.9975563083,656487.3795001742,323.9923323466091,120.41003742133273,-2170.3288924523763,632573.9975563083
93400,ANL_009,6,7,12,Analog + Bass (Adaptive),ANL_006,0.9999999999989466,51.73752290549362,632573.9975563083,656487.3795001742,323.9923323466091,120.41003742133273,-2170.3288924523763,632573.9975563083
93400,ANL_009,9,10,15,Naive,ANL_006,0.9999999999989466,2.827203702196435,30393.5,37840.24204688267,12.757346257922158,14.09979203365807,-1.6875016540988046,-29984.833333333332
93400,ANL_009,9,10,15,Bass-only,ANL_006,0.9999999999989466,65.3226258251759,702242.7236053254,736536.4866746652,329.30200189368446,119.38547397848731,-1017.1914843961962,702242.7236053254
93400,ANL_009,9,10,15,Analog-only,ANL_006,0.9999999999989466,10.86970454518753,116853.39999997038,117642.94403714346,52.52575813238066,71.2832699007133,-24.976025222954004,-116853.39999997038
93400,ANL_009,9,10,15,Analog + Bass (Static),ANL_006,0.9999999999989466,66.25386514770736,712253.8955372846,746736.4706505989,333.95052314201547,120.06553995539548,-1045.587767485626,712253.8955372846
93400,ANL_009,9,10,15,Analog + Bass (Adaptive),ANL_006,0.9999999999989466,66.25386514770736,712253.8955372846,746736.4706505989,333.95052314201547,120.06553995539548,-1045.587767485626,712253.8955372846
93400,ANL_009,12,13,18,Naive,ANL_006,0.9999999999989466,2.646613115709082,30012.833333333332,32473.95648053991,11.537333409188632,12.265247540587989,-1.5174182798079294,-25212.166666666668
93400,ANL_009,12,13,18,Bass-only,ANL_006,0.9999999999989466,54.987168014963316,623559.48412314,661564.0351665835,254.5790194757628,106.80006172725595,-1043.7893758308408,623559.48412314
93400,ANL_009,12,13,18,Analog-only,ANL_006,0.9999999999989466,13.083381299383047,148366.7333333037,148828.80568533967,58.48820608632538,82.72107736254716,-51.87604531314249,-148366.7333333037
93400,ANL_009,12,13,18,Analog + Bass (Static),ANL_006,0.9999999999989466,57.018938109931184,646599.9417064479,685053.4193283396,263.89038996695785,108.61070710438521,-1119.2987451414851,646599.9417064479
93400,ANL_009,12,13,18,Analog + Bass (Adaptive),ANL_006,0.9999999999989466,57.018938109931184,646599.9417064479,685053.4193283396,263.89038996695785,108.61070710438521,-1119.2987451414851,646599.9417064479
93400,ANL_009,18,19,24,Naive,ANL_006,0.9999999999989466,2.557673687630333,31336.166666666668,33433.86638076229,9.943232293637228,10.524782914743826,-7.227270325498187,-31336.166666666668
93400,ANL_009,18,19,24,Bass-only,ANL_006,0.9999999999989466,27.538958819313336,337402.46363796474,376318.82954274985,109.92224157025564,66.60091962066183,-1041.304135534229,337402.46363796474
93400,ANL_009,18,19,24,Analog-only,ANL_006,0.9999999999989466,16.808333293320867,205932.7333333037,206091.37873247988,66.18339737939756,99.04349351036083,-311.6095286592675,-205932.7333333037
93400,ANL_009,18,19,24,Analog + Bass (Static),ANL_006,0.9999999999989466,30.172083424434543,369663.0416308618,408788.0697105744,120.36038721804128,70.81008218721813,-1228.9260148288674,369663.0416308618
93400,ANL_009,18,19,24,Analog + Bass (Adaptive),ANL_006,0.9999999999989466,30.172083424434543,369663.0416308618,408788.0697105744,120.36038721804128,70.81008218721813,-1228.9260148288674,369663.0416308618
93400,ANL_010,6,7,12,Naive,ANL_012,0.9999999999994407,4.284482529029509,21449.833333333332,24866.215497470996,22.817457321883975,26.645151079239,-2.907701999179593,-21449.833333333332
93400,ANL_010,6,7,12,Bass-only,ANL_012,0.9999999999994407,36.323914737919765,181852.0467439215,193278.54840006315,221.87691365313157,98.84693825092413,-235.08552566924166,181852.0467439215
93400,ANL_010,6,7,12,Analog-only,ANL_012,0.9999999999994407,1.7234073719067873,8628.06666671414,9379.43369725272,10.067036912270483,10.704346066524312,0.44402497061923496,-7958.733333407935
93400,ANL_010,6,7,12,Analog + Bass (Static),ANL_012,0.9999999999994407,36.514795824816005,182807.67381735882,194241.7615199692,223.01716583931025,99.1083342022966,-237.44447661168883,182807.67381735882
93400,ANL_010,6,7,12,Analog + Bass (Adaptive),ANL_012,0.9999999999994407,36.514795824816005,182807.67381735882,194241.7615199692,223.01716583931025,99.1083342022966,-237.44447661168883,182807.67381735882
93400,ANL_010,9,10,15,Naive,ANL_012,0.9999999999994407,4.421745793314822,24285.333333333332,27882.97206779316,20.90158721466121,24.035904488945004,-3.1424173039609897,-24285.333333333332
93400,ANL_010,9,10,15,Bass-only,ANL_012,0.9999999999994407,39.8653484323973,218950.45992783408,234607.1943481872,212.2338754457886,96.59985794471874,-292.2637418501464,218950.45992783408
93400,ANL_010,9,10,15,Analog-only,ANL_012,0.9999999999994407,5.407662312059346,29700.23333340794,29929.68248831059,27.46374872959027,32.01225751873384,-3.7728736661635214,-29700.23333340794
93400,ANL_010,9,10,15,Analog + Bass (Static),ANL_012,0.9999999999994407,40.40979310672727,221940.68619042286,237630.9151617201,215.0751734428504,97.27784718077558,-299.87188089145184,221940.68619042286
93400,ANL_010,9,10,15,Analog + Bass (Adaptive),ANL_012,0.9999999999994407,40.40979310672727,221940.68619042286,237630.9151617201,215.0751734428504,97.27784718077558,-299.87188089145184,221940.68619042286
93400,ANL_010,12,13,18,Naive,ANL_012,0.9999999999994407,4.492550618946584,32145.833333333332,38952.250155371854,20.949313293213923,24.442013571057878,-2.135369039765808,-32145.833333333332
93400,ANL_010,12,13,18,Bass-only,ANL_012,0.9999999999994407,28.187566952413764,201692.2915688668,225245.1376524867,158.0842216204105,79.81547217604854,-103.84178673424863,201692.2915688668
93400,ANL_010,12,13,18,Analog-only,ANL_012,0.9999999999994407,8.492612873591169,60767.73333340794,61326.720225546705,43.34184214410715,55.35421273883566,-6.771825529131234,-60767.73333340794
93400,ANL_010,12,13,18,Analog + Bass (Static),ANL_012,0.9999999999994407,29.36835535906759,210141.26199607734,233682.53511949105,164.45246883585284,81.7931955566324,-111.84337717674089,210141.26199607734
93400,ANL_010,12,13,18,Analog + Bass (Adaptive),ANL_012,0.9999999999994407,29.36835535906759,210141.26199607734,233682.53511949105,164.45246883585284,81.7931955566324,-111.84337717674089,210141.26199607734
93400,ANL_010,18,19,24,Naive,ANL_012,0.9999999999994407,4.735784169228394,39692.0,44507.81983726755,17.923589466753953,20.14007826484503,-3.8853001225457042,-39692.0
93400,ANL_010,18,19,24,Bass-only,ANL_012,0.9999999999994407,11.515029629724914,96510.85010014502,125460.56030782586,49.71868921440755,35.25513830067666,-37.817990728180035,85408.4899961688
93400,ANL_010,18,19,24,Analog-only,ANL_012,0.9999999999994407,15.759726140854763,132086.90000007462,132458.05856270035,62.51894396178269,91.14969360531143,-42.26885242779683,-132086.90000007462
93400,ANL_010,18,19,24,Analog + Bass (Static),ANL_012,0.9999999999994407,12.617360797810225,105749.81183491745,135873.9122845273,54.38530714921259,37.678809057863525,-44.52927841408925,97334.90274042694
93400,ANL_010,18,19,24,Analog + Bass (Adaptive),ANL_012,0.9999999999994407,12.617360797810225,105749.81183491745,135873.9122845273,54.38530714921259,37.678809057863525,-44.52927841408925,97334.90274042694
93400,ANL_011,6,7,12,Naive,ANL_006,0.9999999999966087,7.301881849539362,100341.0,115347.20652303057,46.05928532833654,62.483308132154114,-3.1107100436433566,-100341.0
93400,ANL_011,6,7,12,Bass-only,ANL_006,0.9999999999966087,10.233242229627809,140623.1680710994,168560.94205017947,90.95221506144611,53.70026063037886,-7.778424558774102,119094.93162326184
93400,ANL_011,6,7,12,Analog-only,ANL_006,0.9999999999966087,5.24623654348872,72092.7333333133,85979.50739726936,32.24097361460806,40.13194636053381,-1.283981525962925,-72092.7333333133
93400,ANL_011,6,7,12,Analog + Bass (Static),ANL_006,0.9999999999966087,9.804034834134361,134725.08588370756,162038.16553268768,87.0983398816667,52.28325068726555,-7.112175117908103,111314.11877902044
93400,ANL_011,6,7,12,Analog + Bass (Adaptive),ANL_006,0.9999999999966087,9.804034834134361,134725.08588370756,162038.16553268768,87.0983398816667,52.28325068726555,-7.112175117908103,111314.11877902044
93400,ANL_011,9,10,15,Naive,ANL_006,0.9999999999966087,5.611883089787865,111515.83333333333,129080.93592200206,33.799593100293386,42.69017233351089,-2.9426091854395597,-111515.83333333333
93400,ANL_011,9,10,15,Bass-only,ANL_006,0.9999999999966087,10.473591040354707,208124.6551595285,263295.9249018684,86.00099981078519,50.085397608062664,-15.403925680263924,198678.33996464056
93400,ANL_011,9,10,15,Analog-only,ANL_006,0.9999999999966087,8.73264012513712,173529.56666664666,182016.85824168343,56.33010901094393,78.99324301971458,-6.839398576011315,-173529.56666664666
93400,ANL_011,9,10,15,Analog + Bass (Static),ANL_006,0.9999999999966087,9.550700124404402,189785.54368458653,242088.53381680275,78.66990729938081,47.2551558413359,-12.867812413243724,174704.56760759314
93400,ANL_011,9,10,15,Analog + Bass (Adaptive),ANL_006,0.9999999999966087,9.550700124404402,189785.54368458653,242088.53381680275,78.66990729938081,47.2551558413359,-12.867812413243724,174704.56760759314
93400,ANL_011,12,13,18,Naive,ANL_006,0.9999999999966087,4.239464222044784,102328.33333333333,112796.35728751765,24.539878716971444,28.66812617209548,-4.649827425881793,-102328.33333333333
93400,ANL_011,12,13,18,Bass-only,ANL_006,0.9999999999966087,9.964790024347298,240521.04270767292,307807.23517251574,67.56093650857395,43.2710084380671,-41.07292259661029,240521.04270767292
93400,ANL_011,12,13,18,Analog-only,ANL_006,0.9999999999966087,11.222523364015823,270879.0666666466,273554.6370831047,67.88038656054046,102.81914182611287,-32.2302183877374,-270879.0666666466
93400,ANL_011,12,13,18,Analog + Bass (Static),ANL_006,0.9999999999966087,8.493702613076575,205013.27212661228,266333.8158105082,57.8810922314007,38.73640379696541,-30.499064529569537,194805.20783557
93400,ANL_011,12,13,18,Analog + Bass (Adaptive),ANL_006,0.9999999999966087,8.493702613076575,205013.27212661228,266333.8158105082,57.8810922314007,38.73640379696541,-30.499064529569537,194805.20783557
93400,ANL_011,18,19,24,Naive,ANL_006,0.9999999999966087,1.8516087594071524,44938.0,46231.235180701515,9.21606516728031,9.684758208292294,-17.127802946543856,-44938.0
93400,ANL_011,18,19,24,Bass-only,ANL_006,0.9999999999966087,9.225284756792165,223894.94772829974,278765.4849844868,46.779129685692986,34.76465269851248,-658.1013181546723,213330.92258189127
93400,ANL_011,18,19,24,Analog-only,ANL_006,0.9999999999966087,14.758799924055229,358191.7333333133,358242.4599773162,73.84542688900285,117.12626209041336,-1087.4996529423058,-358191.7333333133
93400,ANL_011,18,19,24,Analog + Bass (Static),ANL_006,0.9999999999966087,6.920263382997433,167952.75693376447,214723.943416436,35.05149964336671,27.86329280036597,-390.0525541350498,141116.13520783142
93400,ANL_011,18,19,24,Analog + Bass (Adaptive),ANL_006,0.9999999999966087,6.920263382997433,167952.75693376447,214723.943416436,35.05149964336671,27.86329280036597,-390.0525541350498,141116.13520783142
93400,ANL_012,6,7,12,Naive,ANL_010,0.9999999999994407,6.913952320234921,47717.333333333336,54786.448537328404,39.68686528258398,51.80204308557429,-3.142298096047079,-47717.333333333336
93400,ANL_012,6,7,12,Bass-only,ANL_010,0.9999999999994407,16.000110899559264,110426.36538439822,130961.93126928681,124.52157091932897,64.92468396386847,-22.669287971935205,110426.36538439822
93400,ANL_012,6,7,12,Analog-only,ANL_010,0.9999999999994407,4.064844866897128,28053.93333337722,31438.199211830095,23.74099513051635,27.37473786169304,-0.36398745145023725,-28053.93333337722
93400,ANL_012,6,7,12,Analog + Bass (Static),ANL_010,0.9999999999994407,15.304064195940958,105622.52945470612,126412.86644296978,119.6260065486782,63.03060324680839,-21.05350437197036,105622.52945470612
93400,ANL_012,6,7,12,Analog + Bass (Adaptive),ANL_010,0.9999999999994407,15.304064195940958,105622.52945470612,126412.86644296978,119.6260065486782,63.03060324680839,-21.05350437197036,105622.52945470612
93400,ANL_012,9,10,15,Naive,ANL_010,0.9999999999994407,7.292629372960873,63796.833333333336,70627.62113012161,37.335302202557145,47.18115718433931,-4.432504325245248,-63796.833333333336
93400,ANL_012,9,10,15,Bass-only,ANL_010,0.9999999999994407,16.805144198745726,147013.50209365247,176050.26616189134,105.92722330528079,59.79635990658668,-32.75392611836646,147013.50209365247
93400,ANL_012,9,10,15,Analog-only,ANL_010,0.9999999999994407,9.100285299235805,79610.43333337722,81474.10720010362,49.030371063616144,64.98816462710465,-6.229198398756511,-79610.43333337722
93400,ANL_012,9,10,15,Analog + Bass (Static),ANL_010,0.9999999999994407,15.313110258642084,133961.00268138328,163666.78402153208,97.21335613926078,55.97956180555044,-28.172390682210988,133961.00268138328
93400,ANL_012,9,10,15,Analog + Bass (Adaptive),ANL_010,0.9999999999994407,15.313110258642084,133961.00268138328,163666.78402153208,97.21335613926078,55.97956180555044,-28.172390682210988,133961.00268138328
93400,ANL_012,12,13,18,Naive,ANL_010,0.9999999999994407,7.011129324710417,78154.33333333333,90538.39778421824,31.55517743641302,38.983451398735134,-2.923792533244267,-78154.33333333333
93400,ANL_012,12,13,18,Bass-only,ANL_010,0.9999999999994407,14.140399934033153,157625.60904647375,195066.5029972991,81.94718515298226,50.16270440242499,-17.214020609586093,144823.3533081276
93400,ANL_012,12,13,18,Analog-only,ANL_010,0.9999999999994407,13.151479515141611,146601.9333333772,150230.05646927035,63.881357129452944,93.90370512173106,-9.803241583551182,-146601.9333333772
93400,ANL_012,12,13,18,Analog + Bass (Static),ANL_010,0.9999999999994407,12.467076975317692,138972.77378513454,173721.34863526252,72.28936995052587,46.252105152600535,-13.445973419170382,120520.81427408436
93400,ANL_012,12,13,18,Analog + Bass (Adaptive),ANL_010,0.9999999999994407,12.467076975317692,138972.77378513454,173721.34863526252,72.28936995052587,46.252105152600535,-13.445973419170382,120520.81427408436
93400,ANL_012,18,19,24,Naive,ANL_010,0.9999999999994407,3.873094875716496,61223.833333333336,67263.42704248721,16.60051885329508,18.38876835030532,-4.830290414853217,-61223.833333333336
93400,ANL_012,18,19,24,Bass-only,ANL_010,0.9999999999994407,7.084355127579231,111985.73531582259,133757.6569916588,32.87430840599719,28.541429748867802,-22.055232818028628,46331.148775217036
93400,ANL_012,18,19,24,Analog-only,ANL_010,0.9999999999994407,17.44614559261783,275779.4333333772,276293.8833632367,77.24065753927843,125.93839245258496,-97.3727354274193,-275779.4333333772
93400,ANL_012,18,19,24,Analog + Bass (Static),ANL_010,0.9999999999994407,6.5375265757083545,103341.75906531641,115725.14595268745,29.566576238802384,28.614074854505994,-16.25788939017946,5687.196829641427
93400,ANL_012,18,19,24,Analog + Bass (Adaptive),ANL_010,0.9999999999994407,6.5375265757083545,103341.75906531641,115725.14595268745,29.566576238802384,28.614074854505994,-16.25788939017946,5687.196829641427
93400,ANL_013,6,7,12,Naive,ANL_012,0.9999999999973241,6.552063404155339,52054.833333333336,60758.64913601465,40.97634880036307,54.447958321501474,-2.759633595015057,-52054.833333333336
93400,ANL_013,6,7,12,Bass-only,ANL_012,0.9999999999973241,12.276260530382396,97532.43466178207,119238.68161312472,111.89030074942443,59.19236081198284,-13.47983568916925,94610.45972622372
93400,ANL_013,6,7,12,Analog-only,ANL_012,0.9999999999973241,5.573763132283862,44282.43333336883,48552.21080222143,36.661655908875645,45.51377885712377,-1.4007521299570804,-44282.43333336883
93400,ANL_013,6,7,12,Analog + Bass (Static),ANL_012,0.9999999999973241,11.742295579031044,93290.18991628585,114151.95576597098,107.10162270972114,57.71903312416803,-12.27076674997559,89014.04527226223
93400,ANL_013,6,7,12,Analog + Bass (Adaptive),ANL_012,0.9999999999973241,11.742295579031044,93290.18991628585,114151.95576597098,107.10162270972114,57.71903312416803,-12.27076674997559,89014.04527226223
93400,ANL_013,9,10,15,Naive,ANL_012,0.9999999999973241,7.498679413573031,72161.66666666667,80869.88559202163,39.58250950917375,50.77378885400836,-3.9075342044081935,-72161.66666666667
93400,ANL_013,9,10,15,Bass-only,ANL_012,0.9999999999973241,14.39205209047166,138498.3152796314,164082.25647204454,94.79382355802449,56.51042926733524,-19.202862939800703,129627.77269717232
93400,ANL_013,9,10,15,Analog-only,ANL_012,0.9999999999973241,10.563091124796943,101651.26666670217,104777.57090532675,58.9096701639062,83.5722349149173,-7.238086153251421,-101651.26666670217
93400,ANL_013,9,10,15,Analog + Bass (Static),ANL_012,0.9999999999973241,13.172495188475773,126762.21432249948,150089.6162067155,86.5658467924326,53.543233724273776,-15.904057913615322,114285.77463526804
93400,ANL_013,9,10,15,Analog + Bass (Adaptive),ANL_012,0.9999999999973241,13.172495188475773,126762.21432249948,150089.6162067155,86.5658467924326,53.543233724273776,-15.904057913615322,114285.77463526804
93400,ANL_013,12,13,18,Naive,ANL_012,0.9999999999973241,5.890427176959506,73876.66666666667,85081.05452253555,29.157613068591047,35.54766615336625,-3.064395537415381,-73876.66666666667
93400,ANL_013,12,13,18,Bass-only,ANL_012,0.9999999999973241,12.38633000235867,155347.098829582,192926.8302518744,78.10883425172543,48.350591243232785,-19.898518295317654,143947.4369418647
93400,ANL_013,12,13,18,Analog-only,ANL_012,0.9999999999973241,13.103384555912754,164340.26666670214,167256.31994643816,70.06586441738146,107.88200121698597,-14.707074793122628,-164340.26666670214
93400,ANL_013,12,13,18,Analog + Bass (Static),ANL_012,0.9999999999973241,10.559331698810643,132433.2182879924,166821.4244167605,66.70766640028215,43.507241692593496,-14.625498733070161,114174.16257216902
93400,ANL_013,12,13,18,Analog + Bass (Adaptive),ANL_012,0.9999999999973241,10.559331698810643,132433.2182879924,166821.4244167605,66.70766640028215,43.507241692593496,-14.625498733070161,114174.16257216902
93400,ANL_013,18,19,24,Naive,ANL_012,0.9999999999973241,3.506810115864691,56360.833333333336,63635.44619025888,15.399048332900767,17.024081122102437,-3.6389588525407897,-56360.833333333336
93400,ANL_013,18,19,24,Bass-only,ANL_012,0.9999999999973241,6.845148088780599,110014.012115572,141387.49095244563,33.29731827174858,27.542608342616866,-21.900465395529864,60195.66475027556
93400,ANL_013,18,19,24,Analog-only,ANL_012,0.9999999999973241,17.551551186282424,282085.4333333688,282816.1383999627,80.27014087655925,134.17608872990866,-90.62852791513501,-282085.4333333688
93400,ANL_013,18,19,24,Analog + Bass (Static),ANL_012,0.9999999999973241,6.27556146084249,100859.716346638,118733.50263357033,29.81913536370973,27.673260561807034,-15.14986485812188,17152.191868642654
93400,ANL_013,18,19,24,Analog + Bass (Adaptive),ANL_012,0.9999999999973241,6.27556146084249,100859.716346638,118733.50263357033,29.81913536370973,27.673260561807034,-15.14986485812188,17152.191868642654
93400,ANL_014,6,7,12,Naive,ANL_019,0.9999999999724468,6.144376600354541,6239.0,7092.337179425881,14.51065018276599,15.933362308077456,-3.4216500538540116,-6239.0
93400,ANL_014,6,7,12,Bass-only,ANL_019,0.9999999999724468,126.47162974771375,128419.29284582853,133554.52800864883,318.40192530066787,119.06559690499674,-1566.9162198319273,128419.29284582853
93400,ANL_014,6,7,12,Analog-only,ANL_019,0.9999999999724468,33.20724180944208,33718.63333330749,34184.91121520704,81.07513838594782,57.5354512516875,-101.72461724080122,33718.63333330749
93400,ANL_014,6,7,12,Analog + Bass (Static),ANL_019,0.9999999999724468,127.69757969818367,129664.1224255357,134819.2271102902,321.4682767681017,119.53036381202577,-1596.7516890371908,129664.1224255357
93400,ANL_014,6,7,12,Analog + Bass (Adaptive),ANL_019,0.9999999999724468,127.69757969818367,129664.1224255357,134819.2271102902,321.4682767681017,119.53036381202577,-1596.7516890371908,129664.1224255357
93400,ANL_014,9,10,15,Naive,ANL_019,0.9999999999724468,4.911980925889131,6180.5,6920.9667075248,12.919531937351389,14.035210312610987,-3.937510882996527,-6180.5
93400,ANL_014,9,10,15,Bass-only,ANL_019,0.9999999999724468,112.99813444799766,142179.90266919305,148687.64309462617,313.69010925783965,118.20981803371178,-2277.894920107084,142179.90266919305
93400,ANL_014,9,10,15,Analog-only,ANL_019,0.9999999999724468,22.87950195375123,28788.133333307487,29506.09066207362,61.921419712616874,46.95166865717177,-88.74244357780945,28788.133333307487
93400,ANL_014,9,10,15,Analog + Bass (Static),ANL_019,0.9999999999724468,114.60709440309677,144204.3765326965,150751.98317033882,318.131988604498,118.8941463705506,-2341.613349380272,144204.3765326965
93400,ANL_014,9,10,15,Analog + Bass (Adaptive),ANL_019,0.9999999999724468,114.60709440309677,144204.3765326965,150751.98317033882,318.131988604498,118.8941463705506,-2341.613349380272,144204.3765326965
93400,ANL_014,12,13,18,Naive,ANL_019,0.9999999999724468,3.798730741862351,6956.166666666667,7731.704048914444,13.218201670045065,14.347827512290735,-4.2479400628578015,-6956.166666666667
93400,ANL_014,12,13,18,Bass-only,ANL_019,0.9999999999724468,71.10576962101537,130207.59249782843,137668.214019123,260.5465603663048,108.63591508697867,-1662.8178493073594,130207.59249782843
93400,ANL_014,12,13,18,Analog-only,ANL_019,0.9999999999724468,13.083062767862236,23957.46666664082,24520.653819968982,46.387418712230776,37.50837740639334,-51.78402629360934,23957.46666664082
93400,ANL_014,12,13,18,Analog + Bass (Static),ANL_019,0.9999999999724468,72.7931357715072,133297.4667132245,140821.37141882913,266.68772989397894,109.80334963485979,-1739.9069592782218,133297.4667132245
93400,ANL_014,12,13,18,Analog + Bass (Adaptive),ANL_019,0.9999999999724468,72.7931357715072,133297.4667132245,140821.37141882913,266.68772989397894,109.80334963485979,-1739.9069592782218,133297.4667132245
93400,ANL_014,18,19,24,Naive,ANL_019,0.9999999999724468,4.002576237013805,8408.0,9396.484608618268,12.650857228445547,13.699598692701734,-4.016854381717074,-8408.0
93400,ANL_014,18,19,24,Bass-only,ANL_019,0.9999999999724468,32.46194839891713,68191.09642786645,77108.79893565837,109.19198150301881,65.29344747004026,-336.83804793657526,68191.09642786645
93400,ANL_014,18,19,24,Analog-only,ANL_019,0.9999999999724468,5.029704199440712,10565.633333307485,11899.807278247998,16.14305561088243,14.698036683786405,-7.046009440372229,10565.633333307485
93400,ANL_014,18,19,24,Analog + Bass (Static),ANL_019,0.9999999999724468,34.83340330132031,73172.68619373233,82089.97763101569,117.04030225191974,68.49913669067912,-381.8961121737126,73172.68619373233
93400,ANL_014,18,19,24,Analog + Bass (Adaptive),ANL_019,0.9999999999724468,34.83340330132031,73172.68619373233,82089.97763101569,117.04030225191974,68.49913669067912,-381.8961121737126,73172.68619373233
93400,ANL_015,6,7,12,Naive,ANL_010,0.999999999990227,4.901853473438412,17913.333333333332,18409.051532692643,17.513560021147036,19.27168019134405,-17.82147293686948,-17913.333333333332
93400,ANL_015,6,7,12,Bass-only,ANL_010,0.999999999990227,87.28287109500667,318966.5241295924,330651.35914607573,318.17392652745866,119.95372469899337,-6070.994997786805,318966.5241295924
93400,ANL_015,6,7,12,Analog-only,ANL_010,0.999999999990227,15.371114273205064,56172.20000000059,56682.74932664,55.70664539209675,78.35561208200939,-177.44015617823766,-56172.20000000059
93400,ANL_015,6,7,12,Analog + Bass (Static),ANL_010,0.999999999990227,92.69529602533656,338745.68979498994,350767.13719286094,337.84738283419233,122.83107099524129,-6832.269937513058,338745.68979498994
93400,ANL_015,6,7,12,Analog + Bass (Adaptive),ANL_010,0.999999999990227,92.69529602533656,338745.68979498994,350767.13719286094,337.84738283419233,122.83107099524129,-6832.269937513058,338745.68979498994
93400,ANL_015,9,10,15,Naive,ANL_010,0.999999999990227,1.9685107863604732,9429.166666666666,11712.94757238046,8.023564209520615,8.523020919225926,-0.9846279010484089,-8250.166666666666
93400,ANL_015,9,10,15,Bass-only,ANL_010,0.999999999990227,75.16805878588988,360055.00158441253,376584.33928636834,330.9578990649898,120.44275158099775,-2050.498504339631,360055.00158441253
93400,ANL_015,9,10,15,Analog-only,ANL_010,0.999999999990227,13.894996520529002,66557.03333333392,66734.48827150822,59.981159500468614,86.43908485120954,-63.423952083059305,-66557.03333333392
93400,ANL_015,9,10,15,Analog + Bass (Static),ANL_010,0.999999999990227,84.65415838793395,405493.4186782036,422933.2780480189,372.45458642638135,126.06964016467941,-2586.5598921943033,405493.4186782036
93400,ANL_015,9,10,15,Analog + Bass (Adaptive),ANL_010,0.999999999990227,84.65415838793395,405493.4186782036,422933.2780480189,372.45458642638135,126.06964016467941,-2586.5598921943033,405493.4186782036
93400,ANL_015,12,13,18,Naive,ANL_010,0.999999999990227,3.7396601125698465,16650.666666666668,18162.497331956674,13.017192670334307,14.069079191500174,-5.267646311738988,-16650.666666666668
93400,ANL_015,12,13,18,Bass-only,ANL_010,0.999999999990227,72.10861649782964,321060.3372922002,339039.7222420124,261.6261116695893,109.09650903625028,-2183.0094894421454,321060.3372922002
93400,ANL_015,12,13,18,Analog-only,ANL_010,0.999999999990227,17.954261524116895,79940.53333333392,80103.55477605273,64.19253373948246,95.30093974043587,-120.91494091138625,-79940.53333333392
93400,ANL_015,12,13,18,Analog + Bass (Static),ANL_010,0.999999999990227,89.28080770658116,397518.73809502047,417159.87637071556,323.58086670513467,119.58510437512385,-3305.423005631674,397518.73809502047
93400,ANL_015,12,13,18,Analog + Bass (Adaptive),ANL_010,0.999999999990227,89.28080770658116,397518.73809502047,417159.87637071556,323.58086670513467,119.58510437512385,-3305.423005631674,397518.73809502047
93400,ANL_015,18,19,24,Naive,ANL_010,0.999999999990227,2.5820838071567858,12955.833333333334,15981.984143612039,8.18703857679239,8.704250135507225,-1.2584902215798288,-11930.166666666666
93400,ANL_015,18,19,24,Bass-only,ANL_010,0.999999999990227,34.82275183321185,174726.2299188905,196048.17716101668,119.93649936329305,69.3964539658963,-338.84621776778386,174726.2299188905
93400,ANL_015,18,19,24,Analog-only,ANL_010,0.999999999990227,21.100582265521005,105874.03333333391,106061.71111005826,70.33703586938232,109.09188405893102,-98.46586926544602,-105874.03333333391
93400,ANL_015,18,19,24,Analog + Bass (Static),ANL_010,0.999999999990227,55.36883472877836,277818.0137370627,300307.55612870853,189.51266022270124,91.91564252365927,-796.4240747767855,277818.0137370627
93400,ANL_015,18,19,24,Analog + Bass (Adaptive),ANL_010,0.999999999990227,55.36883472877836,277818.0137370627,300307.55612870853,189.51266022270124,91.91564252365927,-796.4240747767855,277818.0137370627
93400,ANL_016,6,7,12,Naive,ANL_008,0.9999999999977898,3.418135086574331,28282.333333333332,34170.540845392934,15.58729591105138,17.489926132866398,-2.175178670532222,-28282.333333333332
93400,ANL_016,6,7,12,Bass-only,ANL_008,0.9999999999977898,56.55394013516256,467938.61146636214,489627.91095823096,288.53189996600076,113.22758342871853,-650.923739602135,467938.61146636214
93400,ANL_016,6,7,12,Analog-only,ANL_008,0.9999999999977898,7.16628395090875,59295.26666660918,59822.43593719583,34.92534437966614,42.359110992666075,-8.731788222735114,-59295.26666660918
93400,ANL_016,6,7,12,Analog + Bass (Static),ANL_008,0.9999999999977898,56.55842252043874,467975.6996186143,489665.5165848973,288.55449931343674,113.23147363326787,-651.0238848009167,467975.6996186143
93400,ANL_016,6,7,12,Analog + Bass (Adaptive),ANL_008,0.9999999999977898,56.55842252043874,467975.6996186143,489665.5165848973,288.55449931343674,113.23147363326787,-651.0238848009167,467975.6996186143
93400,ANL_016,9,10,15,Naive,ANL_008,0.9999999999977898,4.130695667581326,35940.666666666664,42835.067538174844,16.403487111444758,18.456406323240945,-2.3783910723802144,-35940.666666666664
93400,ANL_016,9,10,15,Bass-only,ANL_008,0.9999999999977898,59.48136112123965,517539.88794576604,547417.4238477699,264.32356831933635,108.2297362331875,-550.7574957318559,517539.88794576604
93400,ANL_016,9,10,15,Analog-only,ANL_008,0.9999999999977898,10.940233022534231,95189.59999994253,96072.34133257334,46.24602403824383,60.2384389576104,-15.994475222170504,-95189.59999994253
93400,ANL_016,9,10,15,Analog + Bass (Static),ANL_008,0.9999999999977898,60.229365379213476,524048.17949386407,554030.3651032529,267.6025799672972,108.85013125044942,-564.168755944495,524048.17949386407
93400,ANL_016,9,10,15,Analog + Bass (Adaptive),ANL_008,0.9999999999977898,60.229365379213476,524048.17949386407,554030.3651032529,267.6025799672972,108.85013125044942,-564.168755944495,524048.17949386407
93400,ANL_016,12,13,18,Naive,ANL_008,0.9999999999977898,3.8551429508584576,43451.666666666664,48104.8655681869,17.31027991256953,19.283960801205257,-4.431716050936946,-43451.666666666664
93400,ANL_016,12,13,18,Bass-only,ANL_008,0.9999999999977898,41.984681365010275,473213.1604542458,507719.7858311903,202.9064160637725,95.2233207530218,-604.0722342569125,473213.1604542458
93400,ANL_016,12,13,18,Analog-only,ANL_008,0.9999999999977898,11.721633785544412,132115.5999999425,132439.37554765036,54.57538256581861,75.1066175617868,-40.171178325617404,-132115.5999999425
93400,ANL_016,12,13,18,Analog + Bass (Static),ANL_008,0.9999999999977898,43.17910068638357,486675.56920901896,521390.82536055375,208.6039587829045,96.63165420359464,-637.0956995190651,486675.56920901896
93400,ANL_016,12,13,18,Analog + Bass (Adaptive),ANL_008,0.9999999999977898,43.17910068638357,486675.56920901896,521390.82536055375,208.6039587829045,96.63165420359464,-637.0956995190651,486675.56920901896
93400,ANL_016,18,19,24,Naive,ANL_008,0.9999999999977898,2.9542792997785265,36277.333333333336,45620.021708309905,10.921945267523155,11.920392948919584,-1.7200020789997117,-36277.333333333336
93400,ANL_016,18,19,24,Bass-only,ANL_008,0.9999999999977898,20.739573644970665,254673.4245357977,301661.4582031837,86.2280431434651,54.24102881470375,-117.9317783746333,254673.4245357977
93400,ANL_016,18,19,24,Analog-only,ANL_008,0.9999999999977898,16.43672921266931,201836.26666660918,202792.33230403514,64.64277285223731,95.63049147540109,-52.747877772885374,-201836.26666660918
93400,ANL_016,18,19,24,Analog + Bass (Static),ANL_008,0.9999999999977898,22.309025110072522,273945.6422825276,320502.8165945139,92.55899440298965,57.252115792640566,-133.25237016978136,273945.6422825276
93400,ANL_016,18,19,24,Analog + Bass (Adaptive),ANL_008,0.9999999999977898,22.309025110072522,273945.6422825276,320502.8165945139,92.55899440298965,57.252115792640566,-133.25237016978136,273945.6422825276
93400,ANL_017,6,7,12,Naive,ANL_013,0.9999999999886148,6.44965238504577,28511.333333333332,32729.031297407302,39.13726208054597,50.79570525424315,-3.1471816565392503,-28511.333333333332
93400,ANL_017,6,7,12,Bass-only,ANL_013,0.9999999999886148,16.78069850036597,74180.7557907178,86203.97718353069,135.04379288422672,69.26875433377667,-27.770099421430047,74180.7557907178
93400,ANL_017,6,7,12,Analog-only,ANL_013,0.9999999999886148,1.401084317361938,6193.633333330184,6668.434028562135,10.614704309917949,10.007302576416745,0.8278391198950428,2719.1666666605356
93400,ANL_017,6,7,12,Analog + Bass (Static),ANL_013,0.9999999999886148,16.112089840059625,71225.10434696758,83368.57103759382,130.1157787069973,67.47489563092473,-25.908622830885047,71225.10434696758
93400,ANL_017,6,7,12,Analog + Bass (Adaptive),ANL_013,0.9999999999886148,16.112089840059625,71225.10434696758,83368.57103759382,130.1157787069973,67.47489563092473,-25.908622830885047,71225.10434696758
93400,ANL_017,9,10,15,Naive,ANL_013,0.9999999999886148,5.807491580693623,33986.166666666664,39454.522822696345,32.191117707727116,40.02036715293768,-2.8761453343193377,-33986.166666666664
93400,ANL_017,9,10,15,Bass-only,ANL_013,0.9999999999886148,16.643368575109736,97399.07332261406,115338.5293095239,118.48236130769341,64.09346768365094,-32.12495375718238,97399.07332261406
93400,ANL_017,9,10,15,Analog-only,ANL_013,0.9999999999886148,4.693964443116441,27469.666666672798,29468.015198861172,27.353124903014404,31.922705339946233,-1.1622615829868743,-27469.666666672798
93400,ANL_017,9,10,15,Analog + Bass (Static),ANL_013,0.9999999999886148,15.307970404838477,89584.15630541537,107869.58388036238,109.69834554833986,60.53239910053624,-27.973734000984884,89584.15630541537
93400,ANL_017,9,10,15,Analog + Bass (Adaptive),ANL_013,0.9999999999886148,15.307970404838477,89584.15630541537,107869.58388036238,109.69834554833986,60.53239910053624,-27.973734000984884,89584.15630541537
93400,ANL_017,12,13,18,Naive,ANL_013,0.9999999999886148,6.495664315108759,44196.5,50896.9494157885,30.087334727973523,36.98223904290438,-3.0656404807903446,-44196.5
93400,ANL_017,12,13,18,Bass-only,ANL_013,0.9999999999886148,14.58259773933211,99219.99501841568,122852.86369136865,87.30168117070001,51.657393828354856,-22.68732585469986,94960.62076703127
93400,ANL_017,12,13,18,Analog-only,ANL_013,0.9999999999886148,9.657113462669919,65707.00000000613,67473.86935864457,48.10728628785361,63.46467012713261,-6.14523797498119,-65707.00000000613
93400,ANL_017,12,13,18,Analog + Bass (Static),ANL_013,0.9999999999886148,13.022218601302665,88603.17536326333,110361.90572010314,78.07401889239017,48.09514593445159,-18.115420159614725,81165.5988390475
93400,ANL_017,12,13,18,Analog + Bass (Adaptive),ANL_013,0.9999999999886148,13.022218601302665,88603.17536326333,110361.90572010314,78.07401889239017,48.09514593445159,-18.115420159614725,81165.5988390475
93400,ANL_017,18,19,24,Naive,ANL_013,0.9999999999886148,4.75174596853617,43518.166666666664,48272.8347399791,19.409344738123167,21.94452469728632,-4.339311930581775,-43518.166666666664
93400,ANL_017,18,19,24,Bass-only,ANL_013,0.9999999999886148,7.564177296075936,69275.40538709733,84714.24727763054,34.144907933909856,29.363038809368643,-15.443437077905493,27709.777284927408
93400,ANL_017,18,19,24,Analog-only,ANL_013,0.9999999999886148,15.928264350984236,145876.6666666728,146311.27840974907,67.8696564330989,102.78997522734632,-48.04958059400497,-145876.6666666728
93400,ANL_017,18,19,24,Analog + Bass (Static),ANL_013,0.9999999999886148,7.046155425711477,64531.178267051255,74811.82430536822,31.011650567568243,29.437531942624002,-11.823901651810676,5402.434749741966
93400,ANL_017,18,19,24,Analog + Bass (Adaptive),ANL_013,0.9999999999886148,7.046155425711477,64531.178267051255,74811.82430536822,31.011650567568243,29.437531942624002,-11.823901651810676,5402.434749741966
93400,ANL_018,6,7,12,Naive,ANL_024,0.9999999999880759,1.695149121474505,6695.5,7259.036632593428,9.707461679384021,10.28517716241592,-5.700703535169303,-6695.5
93400,ANL_018,6,7,12,Bass-only,ANL_024,0.9999999999880759,56.484383711889144,223102.01878521976,230896.54698636543,331.7283464248773,122.18343120053154,-6778.49435922083,223102.01878521976
93400,ANL_018,6,7,12,Analog-only,ANL_024,0.9999999999880759,1.4466302091210814,5713.899999986447,7512.176245221523,8.498411466386875,8.11029617266593,-6.176190587708906,1881.0333331815964
93400,ANL_018,6,7,12,Analog + Bass (Static),ANL_024,0.9999999999880759,56.77343104550148,224243.69794352175,232057.95460648072,333.42224631006354,122.42669913717916,-6846.867481083679,224243.69794352175
93400,ANL_018,6,7,12,Analog + Bass (Adaptive),ANL_024,0.9999999999880759,56.77343104550148,224243.69794352175,232057.95460648072,333.42224631006354,122.42669913717916,-6846.867481083679,224243.69794352175
93400,ANL_018,9,10,15,Naive,ANL_024,0.9999999999880759,1.9258529028623737,6837.5,8802.28378509426,8.487599117286797,9.084357275398968,-0.845975111014887,-5958.833333333333
93400,ANL_018,9,10,15,Bass-only,ANL_024,0.9999999999880759,69.52522415589662,246840.61771249145,258080.150461551,335.12015395833214,121.01409260373251,-1585.8808364393951,246840.61771249145
93400,ANL_018,9,10,15,Analog-only,ANL_024,0.9999999999880759,1.7001866000497796,6036.300000151737,7525.825510100285,8.074606210228469,8.63467872513226,-0.34940836676434706,-6036.300000151737
93400,ANL_018,9,10,15,Analog + Bass (Static),ANL_024,0.9999999999880759,70.84330518972664,251520.29966297568,262852.21949975553,341.4313171943641,121.91058588973334,-1645.108305123116,251520.29966297568
93400,ANL_018,9,10,15,Analog + Bass (Adaptive),ANL_024,0.9999999999880759,70.84330518972664,251520.29966297568,262852.21949975553,341.4313171943641,121.91058588973334,-1645.108305123116,251520.29966297568
93400,ANL_018,12,13,18,Naive,ANL_024,0.9999999999880759,6.92031117974418,21592.0,22833.27936733282,23.796444792785376,27.296684233180784,-8.454463217238242,-21592.0
93400,ANL_018,12,13,18,Bass-only,ANL_024,0.9999999999880759,68.69708018392483,214341.1353629531,227590.47392936554,249.76370188095066,105.91920390430134,-938.308941008269,214341.1353629531
93400,ANL_018,12,13,18,Analog-only,ANL_024,0.9999999999880759,6.100292338072971,19033.466666818404,19280.599678928294,21.625470233500685,24.36215762398103,-5.741264554163004,-19033.466666818404
93400,ANL_018,12,13,18,Analog + Bass (Static),ANL_024,0.9999999999880759,72.32009127526064,225645.25933256547,239112.762468246,262.806595105801,108.48424400334791,-1035.8258338473242,225645.25933256547
93400,ANL_018,12,13,18,Analog + Bass (Adaptive),ANL_024,0.9999999999880759,72.32009127526064,225645.25933256547,239112.762468246,262.806595105801,108.48424400334791,-1035.8258338473242,225645.25933256547
93400,ANL_018,18,19,24,Naive,ANL_024,0.9999999999880759,2.237795271854151,9246.833333333334,10745.976991414043,8.472032299681647,8.967988629889993,-2.8527844733293604,-9246.833333333334
93400,ANL_018,18,19,24,Bass-only,ANL_024,0.9999999999880759,28.832116668905297,119137.69808964244,133194.1730341792,114.91860024514564,68.11054253589927,-590.9068335180395,119137.69808964244
93400,ANL_018,18,19,24,Analog-only,ANL_024,0.9999999999880759,8.815165276351387,36425.300000151736,36733.26647900589,34.47030492535445,41.90216854799972,-44.019638265909556,-36425.300000151736
93400,ANL_018,18,19,24,Analog + Bass (Static),ANL_024,0.9999999999880759,33.029504349700126,136481.79779700204,150649.5521519368,131.4617152272451,74.46603908374674,-756.2139255135543,136481.79779700204
93400,ANL_018,18,19,24,Analog + Bass (Adaptive),ANL_024,0.9999999999880759,33.029504349700126,136481.79779700204,150649.5521519368,131.4617152272451,74.46603908374674,-756.2139255135543,136481.79779700204
93400,ANL_019,6,7,12,Naive,ANL_027,0.9999999999953876,4.484767025089606,20186.833333333332,22847.12750361994,20.1954918170835,22.98928149134165,-3.55955257401674,-20186.833333333332
93400,ANL_019,6,7,12,Bass-only,ANL_027,0.9999999999953876,51.68943916182131,232664.50355519008,244507.0977529382,255.31763452308138,107.1467502883191,-521.2061213461112,232664.50355519008
93400,ANL_019,6,7,12,Analog-only,ANL_027,0.9999999999953876,4.2798735152221346,19264.56666671787,19768.543724359974,20.78689100132048,23.503780550821894,-2.4135665345567325,-19264.56666671787
93400,ANL_019,6,7,12,Analog + Bass (Static),ANL_027,0.9999999999953876,52.452641201715075,236099.82857715987,247985.4571146146,259.03864863751755,107.87495372776891,-536.1696195206762,236099.82857715987
93400,ANL_019,6,7,12,Analog + Bass (Adaptive),ANL_027,0.9999999999953876,52.452641201715075,236099.82857715987,247985.4571146146,259.03864863751755,107.87495372776891,-536.1696195206762,236099.82857715987
93400,ANL_019,9,10,15,Naive,ANL_027,0.9999999999953876,6.042184339786189,28754.0,30836.21261871611,24.334577784562487,28.11133718820409,-6.663409869196811,-28754.0
93400,ANL_019,9,10,15,Bass-only,ANL_027,0.9999999999953876,56.51527619986211,268949.1350256188,284934.2800593563,244.5905972111338,104.68473023478563,-653.3187936063694,268949.1350256188
93400,ANL_019,9,10,15,Analog-only,ANL_027,0.9999999999953876,8.12308231113121,38656.73333338454,38935.72247457657,34.20188049874786,41.601414498724374,-11.217897188618265,-38656.73333338454
93400,ANL_019,9,10,15,Analog + Bass (Static),ANL_027,0.9999999999953876,58.36115896050781,277733.4603481866,293856.7865684141,252.47927170262324,106.29020831362763,-694.9394268664066,277733.4603481866
93400,ANL_019,9,10,15,Analog + Bass (Adaptive),ANL_027,0.9999999999953876,58.36115896050781,277733.4603481866,293856.7865684141,252.47927170262324,106.29020831362763,-694.9394268664066,277733.4603481866
93400,ANL_019,12,13,18,Naive,ANL_027,0.9999999999953876,3.9953228032510353,23685.0,27226.56903957358,16.495924575430546,18.42272709202443,-3.1112476674252934,-23685.0
93400,ANL_019,12,13,18,Bass-only,ANL_027,0.9999999999953876,42.37752696768333,251221.68486933,271218.5086376807,192.73918093366626,92.09078864245579,-406.96833213616355,251221.68486933
93400,ANL_019,12,13,18,Analog-only,ANL_027,0.9999999999953876,10.243736645717373,60726.73333338454,60814.74278840235,44.824421622086774,58.047420988697674,-19.511884123710907,-60726.73333338454
93400,ANL_019,12,13,18,Analog + Bass (Static),ANL_027,0.9999999999953876,44.921733196779456,266304.2019783626,286504.6540434503,204.1170127738855,95.00854628369967,-454.25127225379464,266304.2019783626
93400,ANL_019,12,13,18,Analog + Bass (Adaptive),ANL_027,0.9999999999953876,44.921733196779456,266304.2019783626,286504.6540434503,204.1170127738855,95.00854628369967,-454.25127225379464,266304.2019783626
93400,ANL_019,18,19,24,Naive,ANL_027,0.9999999999953876,6.291732464193903,40311.5,43861.44813120819,20.135649080346006,22.710354788468102,-5.438302627168578,-40311.5
93400,ANL_019,18,19,24,Bass-only,ANL_027,0.9999999999953876,19.29331386432922,123613.39682957286,150572.66799750045,67.65526031133611,45.45667709105584,-74.87483251611862,118634.95748362337
93400,ANL_019,18,19,24,Analog-only,ANL_027,0.9999999999953876,18.465139245937728,118307.23333338455,118401.66434806629,61.164826366214776,88.34578776057681,-45.91600980792391,-118307.23333338455
93400,ANL_019,18,19,24,Analog + Bass (Static),ANL_027,0.9999999999953876,22.154275913370064,141943.7489696628,172714.3876844201,77.77734812186416,49.80488774282477,-98.83032580453693,141943.7489696628
93400,ANL_019,18,19,24,Analog + Bass (Adaptive),ANL_027,0.9999999999953876,22.154275913370064,141943.7489696628,172714.3876844201,77.77734812186416,49.80488774282477,-98.83032580453693,141943.7489696628
93400,ANL_020,6,7,12,Naive,ANL_016,0.9999999999974087,4.044788016368031,36704.833333333336,40313.78753602792,17.291131198009,19.218931887283087,-4.846959648437784,-36704.833333333336
93400,ANL_020,6,7,12,Bass-only,ANL_016,0.9999999999974087,67.18830155473077,609706.9612885598,635038.0149646667,304.8185644586784,116.82215896160398,-1449.8494166047308,609706.9612885598
93400,ANL_020,6,7,12,Analog-only,ANL_016,0.9999999999974087,13.876064326057769,125919.73333324383,126022.65663413123,61.43406226230875,88.89447866635322,-56.137357676848765,-125919.73333324383
93400,ANL_020,6,7,12,Analog + Bass (Static),ANL_016,0.9999999999974087,69.072208575101,626802.6639356116,652400.5947713013,313.3041740729269,118.16344373267407,-1530.2693438099598,626802.6639356116
93400,ANL_020,6,7,12,Analog + Bass (Adaptive),ANL_016,0.9999999999974087,69.072208575101,626802.6639356116,652400.5947713013,313.3041740729269,118.16344373267407,-1530.2693438099598,626802.6639356116
93400,ANL_020,9,10,15,Naive,ANL_016,0.9999999999974087,4.35685017581347,44347.833333333336,49532.98545245717,18.07076137116583,20.216198051789366,-4.040233290064157,-44347.833333333336
93400,ANL_020,9,10,15,Bass-only,ANL_016,0.9999999999974087,66.58377254095615,677747.8977228251,712183.0972907523,296.52576462003725,114.67937754515374,-1040.9453803117294,677747.8977228251
93400,ANL_020,9,10,15,Analog-only,ANL_016,0.9999999999974087,15.39902330397454,156744.73333324384,157046.17884808686,66.45073457411272,99.67741439628458,-49.665971802296866,-156744.73333324384
93400,ANL_020,9,10,15,Analog + Bass (Static),ANL_016,0.9999999999974087,70.72475753193434,719898.4663228681,755113.7073435235,314.8033495942022,117.61863852471181,-1170.3490704439866,719898.4663228681
93400,ANL_020,9,10,15,Analog + Bass (Adaptive),ANL_016,0.9999999999974087,70.72475753193434,719898.4663228681,755113.7073435235,314.8033495942022,117.61863852471181,-1170.3490704439866,719898.4663228681
93400,ANL_020,12,13,18,Naive,ANL_016,0.9999999999974087,2.8473544776222486,31233.666666666668,35538.43048963568,11.497814467472582,12.4090023679839,-3.39391996238105,-31233.666666666668
93400,ANL_020,12,13,18,Bass-only,ANL_016,0.9999999999974087,56.99434677810291,625191.715026021,661998.2065082234,243.632051589488,105.37651474800694,-1523.6469166200259,625191.715026021
93400,ANL_020,12,13,18,Analog-only,ANL_016,0.9999999999974087,16.670298544975253,182862.56666657716,183270.53553844168,69.70528387502533,107.30261242096005,-115.85329201575392,-182862.56666657716
93400,ANL_020,12,13,18,Analog + Bass (Static),ANL_016,0.9999999999974087,63.7412367280515,699200.8043015343,737522.7179527128,272.2714641281392,110.96294329322846,-1891.3717626050814,699200.8043015343
93400,ANL_020,12,13,18,Analog + Bass (Adaptive),ANL_016,0.9999999999974087,63.7412367280515,699200.8043015343,737522.7179527128,272.2714641281392,110.96294329322846,-1891.3717626050814,699200.8043015343
93400,ANL_020,18,19,24,Naive,ANL_016,0.9999999999974087,4.708557729643949,49218.0,52108.19499848368,15.161728328807907,16.53525290468749,-8.271781317652026,-49218.0
93400,ANL_020,18,19,24,Bass-only,ANL_016,0.9999999999974087,32.85305424438548,343409.11095135624,386301.28224644845,110.45466961168064,66.11886546226816,-508.56949327354545,343409.11095135624
93400,ANL_020,18,19,24,Analog-only,ANL_016,0.9999999999974087,22.91893201424025,239568.8999999105,239707.56132060266,75.11226372078342,120.50206326650246,-195.20704078038617,-239568.8999999105
93400,ANL_020,18,19,24,Analog + Bass (Static),ANL_016,0.9999999999974087,42.990414405155875,449373.744081282,492989.8113536541,144.09449439404318,78.75683571527297,-828.9023762296779,449373.744081282
93400,ANL_020,18,19,24,Analog + Bass (Adaptive),ANL_016,0.9999999999974087,42.990414405155875,449373.744081282,492989.8113536541,144.09449439404318,78.75683571527297,-828.9023762296779,449373.744081282
93400,ANL_021,6,7,12,Naive,ANL_035,0.9999999999944374,7.117187134776308,60897.5,70174.9838178345,42.38526025828935,56.427230238464,-3.049700516417195,-60897.5
93400,ANL_021,6,7,12,Bass-only,ANL_035,0.9999999999944374,12.91039490142272,110466.50293453336,135576.66091205223,109.58947396815921,58.516517643590845,-14.115695416900417,107958.25858742069
93400,ANL_021,6,7,12,Analog-only,ANL_035,0.9999999999944374,6.577902700511442,56283.1666666561,60308.874271966495,41.60586341015411,52.87594534588834,-1.9910295872977906,-56283.1666666561
93400,ANL_021,6,7,12,Analog + Bass (Static),ANL_035,0.9999999999944374,12.388244060358776,105998.77147805382,130204.37016433162,105.23436268733101,57.156274894974736,-12.941496283217242,102064.37966258846
93400,ANL_021,6,7,12,Analog + Bass (Adaptive),ANL_035,0.9999999999944374,12.388244060358776,105998.77147805382,130204.37016433162,105.23436268733101,57.156274894974736,-12.941496283217242,102064.37966258846
93400,ANL_021,9,10,15,Naive,ANL_035,0.9999999999944374,7.478455270966328,83907.33333333333,95002.96345202431,38.79063754003019,49.950642717643554,-3.5466026236227925,-83907.33333333333
93400,ANL_021,9,10,15,Bass-only,ANL_035,0.9999999999944374,13.50274738142896,151499.13777621026,189211.79463430986,92.99448455451001,53.214571383815056,-17.03470749715206,146843.69783528725
93400,ANL_021,9,10,15,Analog-only,ANL_035,0.9999999999944374,11.254136075490097,126269.99999998945,130163.41753317995,62.57016310658782,91.12534965201029,-7.534745566318733,-126269.99999998945
93400,ANL_021,9,10,15,Analog + Bass (Static),ANL_035,0.9999999999944374,12.255751693700416,137508.00203435696,172730.68336460926,84.58875409405678,50.15209787629313,-14.02974718836708,128553.8093774932
93400,ANL_021,9,10,15,Analog + Bass (Adaptive),ANL_035,0.9999999999944374,12.255751693700416,137508.00203435696,172730.68336460926,84.58875409405678,50.15209787629313,-14.02974718836708,128553.8093774932
93400,ANL_021,12,13,18,Naive,ANL_035,0.9999999999944374,7.140193388128804,99822.5,110359.91811266141,33.65293949138007,41.618495147374034,-4.499106646322657,-99822.5
93400,ANL_021,12,13,18,Bass-only,ANL_035,0.9999999999944374,12.196344784402534,170509.33512041447,210514.74311781154,70.2903219964713,45.56805254088831,-19.009417042824612,152126.1622872592
93400,ANL_021,12,13,18,Analog-only,ANL_035,0.9999999999944374,14.749985910973946,206210.16666665612,209043.02879777772,73.53761586842418,116.3287295381927,-18.730622229998993,-206210.16666665612
93400,ANL_021,12,13,18,Analog + Bass (Static),ANL_035,0.9999999999944374,10.265079014169169,143509.53737409014,180554.87250877274,59.18427816168803,40.47443450483401,-13.719322776260295,117043.82934201474
93400,ANL_021,12,13,18,Analog + Bass (Adaptive),ANL_035,0.9999999999944374,10.265079014169169,143509.53737409014,180554.87250877274,59.18427816168803,40.47443450483401,-13.719322776260295,117043.82934201474
93400,ANL_021,18,19,24,Naive,ANL_035,0.9999999999944374,2.999184162360857,57738.0,64470.42754369375,13.660241603897427,14.84528010422324,-2.0097887861114945,-52682.666666666664
93400,ANL_021,18,19,24,Bass-only,ANL_035,0.9999999999944374,7.3021914997380035,140576.20672416213,170564.7886612995,36.60990831554983,30.276775393582593,-20.066562693116687,78053.0615757475
93400,ANL_021,18,19,24,Analog-only,ANL_035,0.9999999999944374,17.27459709741006,332557.3333333228,333639.4805581508,81.84202824768451,138.63188832670542,-79.60644947332361,-332557.3333333228
93400,ANL_021,18,19,24,Analog + Bass (Static),ANL_035,0.9999999999944374,5.821976971342489,112080.2485522487,139173.04042106128,28.584536121828684,26.507111710376847,-13.02571950428786,20295.464428516327
93400,ANL_021,18,19,24,Analog + Bass (Adaptive),ANL_035,0.9999999999944374,5.821976971342489,112080.2485522487,139173.04042106128,28.584536121828684,26.507111710376847,-13.02571950428786,20295.464428516327
93400,ANL_022,6,7,12,Naive,ANL_030,0.9999999999836475,3.954301075268817,7355.0,8954.971803417362,12.436036549167369,13.632138333180984,-2.0730024473572928,-7355.0
93400,ANL_022,6,7,12,Bass-only,ANL_030,0.9999999999836475,93.15123083019148,173261.28934415616,180179.46784862172,318.8383027598992,119.06560305628602,-1243.0706962720005,173261.28934415616
93400,ANL_022,6,7,12,Analog-only,ANL_030,0.9999999999836475,2.7736200717141912,5158.933333388396,6215.563059552837,9.024179720920182,8.532746277967163,-0.4804556934933719,3994.600000070723
93400,ANL_022,6,7,12,Analog + Bass (Static),ANL_030,0.9999999999836475,93.64301501671305,174176.00793108626,181108.7247926531,320.5097482075148,119.31939263775114,-1255.9361185147463,174176.00793108626
93400,ANL_022,6,7,12,Analog + Bass (Adaptive),ANL_030,0.9999999999836475,93.64301501671305,174176.00793108626,181108.7247926531,320.5097482075148,119.31939263775114,-1255.9361185147463,174176.00793108626
93400,ANL_022,9,10,15,Naive,ANL_030,0.9999999999836475,8.567229667221737,13505.166666666666,14580.848677860513,20.084886334223626,22.634671052674264,-6.037065136081514,-13505.166666666666
93400,ANL_022,9,10,15,Bass-only,ANL_030,0.9999999999836475,118.63231067159114,187009.0087349295,196016.81205067548,293.46844311008573,114.7807241610193,-1270.7818089253203,187009.0087349295
93400,ANL_022,9,10,15,Analog-only,ANL_030,0.9999999999836475,3.586265958259105,5653.2999999506965,7268.60384433347,8.573717512916469,9.238169135314429,-0.7487509531534318,-5466.566666595943
93400,ANL_022,9,10,15,Analog + Bass (Static),ANL_030,0.9999999999836475,120.69999181228411,190268.44959308938,199338.06918390308,298.54914585391725,115.6262257132187,-1314.244395687305,190268.44959308938
93400,ANL_022,9,10,15,Analog + Bass (Adaptive),ANL_030,0.9999999999836475,120.69999181228411,190268.44959308938,199338.06918390308,298.54914585391725,115.6262257132187,-1314.244395687305,190268.44959308938
93400,ANL_022,12,13,18,Naive,ANL_030,0.9999999999836475,4.489213998852553,13041.166666666666,13710.218798399974,17.73554536569997,19.612633450593204,-9.50225437929049,-13041.166666666666
93400,ANL_022,12,13,18,Bass-only,ANL_030,0.9999999999836475,59.378558899890585,172494.71360418215,182398.54011006307,242.619524143337,105.52462687053274,-1857.8163247596858,172494.71360418215
93400,ANL_022,12,13,18,Analog-only,ANL_030,0.9999999999836475,4.283843947193096,12444.566666595943,13241.360238970536,17.31272496495784,19.226782328525605,-8.796229792148688,-12444.566666595943
93400,ANL_022,12,13,18,Analog + Bass (Static),ANL_030,0.9999999999836475,61.215295057090216,177830.4321408471,187843.28086692738,250.08469068869456,107.05042458581369,-1970.4469361469353,177830.4321408471
93400,ANL_022,12,13,18,Analog + Bass (Adaptive),ANL_030,0.9999999999836475,61.215295057090216,177830.4321408471,187843.28086692738,250.08469068869456,107.05042458581369,-1970.4469361469353,177830.4321408471
93400,ANL_022,18,19,24,Naive,ANL_030,0.9999999999836475,3.2820384241702447,12320.0,13434.084362794014,13.641858542362275,14.797813290464134,-5.2900188933893215,-12320.0
93400,ANL_022,18,19,24,Bass-only,ANL_030,0.9999999999836475,25.14163142770105,94375.76870160676,106374.47392772447,109.9692954163802,65.85801349494048,-393.3761637032744,94375.76870160676
93400,ANL_022,18,19,24,Analog-only,ANL_030,0.9999999999836475,7.5669100824082145,28404.399999929283,28553.007490326036,32.309930149140456,38.69379450747882,-27.41446778850506,-28404.399999929283
93400,ANL_022,18,19,24,Analog + Bass (Static),ANL_030,0.9999999999836475,27.69863010256069,103974.14008028281,115992.28412161834,120.99861673872635,70.29470668540682,-467.91487397317366,103974.14008028281
93400,ANL_022,18,19,24,Analog + Bass (Adaptive),ANL_030,0.9999999999836475,27.69863010256069,103974.14008028281,115992.28412161834,120.99861673872635,70.29470668540682,-467.91487397317366,103974.14008028281
93400,ANL_023,6,7,12,Naive,ANL_031,0.9999999999920208,2.1126739030729245,13819.0,16622.07647477695,12.286317877590857,13.396841500699816,-2.2379907180547485,-13819.0
93400,ANL_023,6,7,12,Bass-only,ANL_031,0.9999999999920208,51.54039342546526,337125.71339596825,350636.9117725367,323.3100552922709,119.72250080786341,-1439.8551149499015,337125.71339596825
93400,ANL_023,6,7,12,Analog-only,ANL_031,0.9999999999920208,5.890699689144999,38531.06666669744,38690.88392049258,36.161411195331226,44.31144023076865,-16.54374679014509,-38531.06666669744
93400,ANL_023,6,7,12,Analog + Bass (Static),ANL_031,0.9999999999920208,52.25679362042344,341811.6870711897,355397.6273826205,327.77412114751513,120.38488328598389,-1479.2466797737948,341811.6870711897
93400,ANL_023,6,7,12,Analog + Bass (Adaptive),ANL_031,0.9999999999920208,52.25679362042344,341811.6870711897,355397.6273826205,327.77412114751513,120.38488328598389,-1479.2466797737948,341811.6870711897
93400,ANL_023,9,10,15,Naive,ANL_031,0.9999999999920208,3.383918565558461,18117.5,21047.960491062626,14.200050673740606,15.66549578280716,-2.859943360653617,-18117.5
93400,ANL_023,9,10,15,Bass-only,ANL_031,0.9999999999920208,69.11879404986597,370062.0233429824,387728.36293130164,314.3627805763302,117.73894192687442,-1308.8333239494439,370062.0233429824
93400,ANL_023,9,10,15,Analog-only,ANL_031,0.9999999999920208,9.891028514512037,52956.56666669744,53413.891111300734,43.62566694624775,56.04946160482515,-23.858179847238823,-52956.56666669744
93400,ANL_023,9,10,15,Analog + Bass (Static),ANL_031,0.9999999999920208,70.76121683395847,378855.55492901366,396690.4301364173,321.7729993640558,118.87612184540386,-1370.0848732899306,378855.55492901366
93400,ANL_023,9,10,15,Analog + Bass (Adaptive),ANL_031,0.9999999999920208,70.76121683395847,378855.55492901366,396690.4301364173,321.7729993640558,118.87612184540386,-1370.0848732899306,378855.55492901366
93400,ANL_023,12,13,18,Naive,ANL_031,0.9999999999920208,2.452040004545971,14383.666666666666,17479.91726715738,9.849966986665985,10.59815053421035,-1.6704757247828996,-13825.0
93400,ANL_023,12,13,18,Bass-only,ANL_031,0.9999999999920208,56.704217637089265,332626.9406591656,352488.81196346553,245.79314524592033,105.60752374243422,-1084.9268288351375,332626.9406591656
93400,ANL_023,12,13,18,Analog-only,ANL_031,0.9999999999920208,11.994215251738398,70358.06666669744,70660.19321856115,50.71448031391833,68.17634963236557,-42.637466686015365,-70358.06666669744
93400,ANL_023,12,13,18,Analog + Bass (Static),ANL_031,0.9999999999920208,59.208727454458284,347318.3952478523,367471.125268423,256.56357044766816,107.76827133459588,-1179.2019488631033,347318.3952478523
93400,ANL_023,12,13,18,Analog + Bass (Adaptive),ANL_031,0.9999999999920208,59.208727454458284,347318.3952478523,367471.125268423,256.56357044766816,107.76827133459588,-1179.2019488631033,347318.3952478523
93400,ANL_023,18,19,24,Naive,ANL_031,0.9999999999920208,3.3987326099383828,25297.166666666668,28218.216158479376,14.256211104318192,15.575077997853523,-4.093796140415194,-25297.166666666668
93400,ANL_023,18,19,24,Bass-only,ANL_031,0.9999999999920208,24.089431329964416,179300.47143966984,203417.279576569,107.9061329860124,64.6898301383184,-263.7025542070006,179300.47143966984
93400,ANL_023,18,19,24,Analog-only,ANL_031,0.9999999999920208,13.91261541785297,103553.23333336411,103718.58548328285,60.25810681363052,86.3910975897236,-67.8169813719312,-103553.23333336411
93400,ANL_023,18,19,24,Analog + Bass (Static),ANL_031,0.9999999999920208,26.83128983415817,199708.44685797268,223811.8334887555,119.97539089834608,69.5903880466752,-319.4413392680231,199708.44685797268
93400,ANL_023,18,19,24,Analog + Bass (Adaptive),ANL_031,0.9999999999920208,26.83128983415817,199708.44685797268,223811.8334887555,119.97539089834608,69.5903880466752,-319.4413392680231,199708.44685797268
93400,ANL_024,6,7,12,Naive,ANL_031,0.9999999999895094,5.083510709697213,17673.333333333332,20654.546101685864,30.23528350634523,37.18393380327748,-2.7335635384699555,-17673.333333333332
93400,ANL_024,6,7,12,Bass-only,ANL_031,0.9999999999895094,24.699834498336816,85871.44461691777,93988.5974778863,181.30446769815558,86.17856930396431,-76.31122836515655,85871.44461691777
93400,ANL_024,6,7,12,Analog-only,ANL_031,0.9999999999895094,9.70459644479258,33738.99999996588,34012.79833216255,66.97573135128209,49.2609733190678,-9.124578775471875,33738.99999996588
93400,ANL_024,6,7,12,Analog + Bass (Static),ANL_031,0.9999999999895094,24.299063019992957,84478.12249530751,92604.02352530601,178.49466102922952,85.3851499490883,-74.05021641396623,84478.12249530751
93400,ANL_024,6,7,12,Analog + Bass (Adaptive),ANL_031,0.9999999999895094,24.299063019992957,84478.12249530751,92604.02352530601,178.49466102922952,85.3851499490883,-74.05021641396623,84478.12249530751
93400,ANL_024,9,10,15,Naive,ANL_031,0.9999999999895094,5.692506298540404,22782.833333333332,25799.989951548432,29.09092458454478,35.180536391970016,-3.5410728562643,-22782.833333333332
93400,ANL_024,9,10,15,Bass-only,ANL_031,0.9999999999895094,26.053185106514512,104271.36009254771,115751.97132190697,157.90617103766215,79.80829493900896,-90.40631230958155,104271.36009254771
93400,ANL_024,9,10,15,Analog-only,ANL_031,0.9999999999895094,3.4966581297934622,13994.499999965885,15138.968569633673,20.902220444908338,18.439914699156855,-0.5635507086991529,13994.499999965885
93400,ANL_024,9,10,15,Analog + Bass (Static),ANL_031,0.9999999999895094,25.11437938485403,100514.02489303204,112017.908075933,152.4510075331991,78.05629116943226,-84.60405001436777,100514.02489303204
93400,ANL_024,9,10,15,Analog + Bass (Adaptive),ANL_031,0.9999999999895094,25.11437938485403,100514.02489303204,112017.908075933,152.4510075331991,78.05629116943226,-84.60405001436777,100514.02489303204
93400,ANL_024,12,13,18,Naive,ANL_031,0.9999999999895094,5.573667741504646,26556.5,30816.941706903148,25.338465273900756,30.076568216061396,-2.8852014593158772,-26556.5
93400,ANL_024,12,13,18,Bass-only,ANL_031,0.9999999999895094,20.901942419779107,99590.154923913,116424.01557948241,114.60727292137982,64.23679381215615,-54.45230692697465,99590.154923913
93400,ANL_024,12,13,18,Analog-only,ANL_031,0.9999999999895094,2.277788377762308,10852.833333354574,13657.740565482969,10.11061258392495,10.90542796780124,0.23688113967916014,-10172.166666700781
93400,ANL_024,12,13,18,Analog + Bass (Static),ANL_031,0.9999999999895094,19.40164104286352,92441.76442704728,109485.97631011247,106.8248260438172,61.014923622094585,-48.040112784050535,92441.76442704728
93400,ANL_024,12,13,18,Analog + Bass (Adaptive),ANL_031,0.9999999999895094,19.40164104286352,92441.76442704728,109485.97631011247,106.8248260438172,61.014923622094585,-48.040112784050535,92441.76442704728
93400,ANL_024,18,19,24,Naive,ANL_031,0.9999999999895094,4.710745504440762,31605.5,36527.03831182229,19.362101107812933,22.088093803467657,-2.978995802028588,-31605.5
93400,ANL_024,18,19,24,Bass-only,ANL_031,0.9999999999895094,8.8917455724948,59656.813221296434,72470.46263243422,41.8546889634045,33.44597388808565,-14.66269994745439,34822.1335098062
93400,ANL_024,18,19,24,Analog-only,ANL_031,0.9999999999895094,9.927087625782839,66603.16666670078,67665.70760750643,42.94592571990769,54.787521915388325,-12.654689098650811,-66603.16666670078
93400,ANL_024,18,19,24,Analog + Bass (Static),ANL_031,0.9999999999895094,7.905640588592346,53040.802859592775,64295.82345949149,36.72827663707276,31.244219184472826,-11.328495653299791,21950.49559333707
93400,ANL_024,18,19,24,Analog + Bass (Adaptive),ANL_031,0.9999999999895094,7.905640588592346,53040.802859592775,64295.82345949149,36.72827663707276,31.244219184472826,-11.328495653299791,21950.49559333707
93400,ANL_025,6,7,12,Naive,ANL_029,0.9999999993756807,7.934935485843575,8650.666666666666,9864.200592715728,41.03454890023855,53.91238209825636,-3.3306318494161413,-8650.666666666666
93400,ANL_025,6,7,12,Bass-only,ANL_029,0.9999999993756807,20.34815353857749,22183.55698775718,25689.083673670582,140.78914294523835,70.72305287007555,-28.371403643282697,22183.55698775718
93400,ANL_025,6,7,12,Analog-only,ANL_029,0.9999999993756807,29.371430318006244,32020.733332690408,32051.193817566145,175.93847807086436,92.20575043261984,-44.7210184539742,32020.733332690408
93400,ANL_025,6,7,12,Analog + Bass (Static),ANL_029,0.9999999993756807,19.78006534701672,21564.22724131763,25093.259046291343,137.19753687681313,69.46028731907433,-27.024741482477324,21564.22724131763
93400,ANL_025,6,7,12,Analog + Bass (Adaptive),ANL_029,0.9999999993756807,19.78006534701672,21564.22724131763,25093.259046291343,137.19753687681313,69.46028731907433,-27.024741482477324,21564.22724131763
93400,ANL_025,9,10,15,Naive,ANL_029,0.9999999993756807,6.21707149282955,9790.333333333334,10868.835202847942,33.549541090712644,41.39763940006982,-4.301908969408832,-9790.333333333334
93400,ANL_025,9,10,15,Bass-only,ANL_029,0.9999999993756807,18.172924925179032,28617.81352592568,33208.44954549931,117.16612977887951,65.25919979442796,-48.49524269499098,28617.81352592568
93400,ANL_025,9,10,15,Analog-only,ANL_029,0.9999999993756807,15.071641000808855,23734.066666023744,23751.4351750637,87.95833243217768,60.84191040917215,-24.318966428744684,23734.066666023744
93400,ANL_025,9,10,15,Analog + Bass (Static),ANL_029,0.9999999993756807,16.9521833310123,26695.45070051162,31346.733007444695,109.74336734645227,62.237447420562766,-43.10124285264656,26695.45070051162
93400,ANL_025,9,10,15,Analog + Bass (Adaptive),ANL_029,0.9999999993756807,16.9521833310123,26695.45070051162,31346.733007444695,109.74336734645227,62.237447420562766,-43.10124285264656,26695.45070051162
93400,ANL_025,12,13,18,Naive,ANL_029,0.9999999993756807,5.714882090503505,10868.666666666666,12629.17267018443,27.154550266011018,32.68008528892856,-2.855532441627005,-10868.666666666666
93400,ANL_025,12,13,18,Bass-only,ANL_029,0.9999999993756807,15.747493997265334,29948.870402071887,36994.79268990143,93.97919993479658,54.48324471858007,-32.08382809233655,29948.870402071887
93400,ANL_025,12,13,18,Analog-only,ANL_029,0.9999999993756807,7.53685787091752,14333.73333269041,14395.95646778443,40.42421789857442,33.3221694164414,-4.009744867077554,14333.73333269041
93400,ANL_025,12,13,18,Analog + Bass (Static),ANL_029,0.9999999993756807,14.102303166613305,26820.016567777304,33251.239488740845,84.27668298949693,50.895706337199606,-25.727001458836252,25942.55056388667
93400,ANL_025,12,13,18,Analog + Bass (Adaptive),ANL_029,0.9999999993756807,14.102303166613305,26820.016567777304,33251.239488740845,84.27668298949693,50.895706337199606,-25.727001458836252,25942.55056388667
93400,ANL_025,18,19,24,Naive,ANL_029,0.9999999993756807,5.839296624874746,14054.5,15900.359948755877,22.155211157783185,25.576887346521254,-3.5724384879579345,-14054.5
93400,ANL_025,18,19,24,Bass-only,ANL_029,0.9999999993756807,8.901624414039716,21425.162714662536,25094.617894683903,38.03458197450322,32.54957122851928,-10.389250219738342,8062.3457925741495
93400,ANL_025,18,19,24,Analog-only,ANL_029,0.9999999993756807,3.6765818611073557,8849.100000642922,9527.441081031757,14.406607131378038,15.653838291903915,-0.641672424691444,-8849.100000642922
93400,ANL_025,18,19,24,Analog + Bass (Static),ANL_029,0.9999999993756807,8.34138405821502,20076.730088822587,22294.18283536525,34.502251389692915,32.63810618587862,-7.989117905470808,1722.0193897481756
93400,ANL_025,18,19,24,Analog + Bass (Adaptive),ANL_029,0.9999999993756807,8.34138405821502,20076.730088822587,22294.18283536525,34.502251389692915,32.63810618587862,-7.989117905470808,1722.0193897481756
93400,ANL_026,6,7,12,Naive,ANL_027,0.999999999994578,5.6959626663549034,38976.333333333336,45640.50521923116,33.320098915138544,41.83446333242858,-2.694008590779409,-38976.333333333336
93400,ANL_026,6,7,12,Bass-only,ANL_027,0.999999999994578,20.968967905156543,143486.4535814052,160947.72200994287,156.97735022631008,77.93637810101006,-44.9374287834747,143486.4535814052
93400,ANL_026,6,7,12,Analog-only,ANL_027,0.999999999994578,6.619687847083237,45297.20000002118,46644.56242309483,42.406065014264186,53.92326431557617,-2.858327258861791,-45297.20000002118
93400,ANL_026,6,7,12,Analog + Bass (Static),ANL_027,0.999999999994578,20.803756916893498,142355.94783091883,159838.95163059758,155.81609997799927,77.56589618318671,-44.30668213987157,142355.94783091883
93400,ANL_026,6,7,12,Analog + Bass (Adaptive),ANL_027,0.999999999994578,20.803756916893498,142355.94783091883,159838.95163059758,155.81609997799927,77.56589618318671,-44.30668213987157,142355.94783091883
93400,ANL_026,9,10,15,Naive,ANL_027,0.999999999994578,6.232014388489208,51975.0,59723.841799848524,31.417082786856437,38.928694411238205,-3.1210701608942415,-51975.0
93400,ANL_026,9,10,15,Bass-only,ANL_027,0.999999999994578,21.533389773178754,179588.4707083108,206139.29356581913,137.13500727403706,71.13257251981544,-48.09486864486967,179588.4707083108
93400,ANL_026,9,10,15,Analog-only,ANL_027,0.999999999994578,10.887513988811492,90801.86666668784,92266.03068940004,59.834218293318074,85.44335981688894,-8.835540039300055,-90801.86666668784
93400,ANL_026,9,10,15,Analog + Bass (Static),ANL_027,0.999999999994578,21.13027287344484,176226.47576452998,202855.16183493932,134.732072906783,70.27317223541428,-46.54300869531026,176226.47576452998
93400,ANL_026,9,10,15,Analog + Bass (Adaptive),ANL_027,0.999999999994578,21.13027287344484,176226.47576452998,202855.16183493932,134.732072906783,70.27317223541428,-46.54300869531026,176226.47576452998
93400,ANL_026,12,13,18,Naive,ANL_027,0.999999999994578,6.741447858602535,66077.83333333333,74096.85068543737,30.04918404033313,36.40267534400685,-3.884372308294523,-66077.83333333333
93400,ANL_026,12,13,18,Bass-only,ANL_027,0.999999999994578,17.546758085974272,171988.5372792418,209588.7611968162,94.63532743154873,55.436202268244784,-38.079162010411224,171988.5372792418
93400,ANL_026,12,13,18,Analog-only,ANL_027,0.999999999994578,14.89571133102916,146003.70000002117,147368.1839349312,70.69136227313804,109.41484330929086,-18.3204271635139,-146003.70000002117
93400,ANL_026,12,13,18,Analog + Bass (Static),ANL_027,0.999999999994578,17.04875904344396,167107.28648228038,203607.81119194668,91.94436866467076,54.48526115962945,-35.880613040890815,165687.63905231562
93400,ANL_026,12,13,18,Analog + Bass (Adaptive),ANL_027,0.999999999994578,17.04875904344396,167107.28648228038,203607.81119194668,91.94436866467076,54.48526115962945,-35.880613040890815,165687.63905231562
93400,ANL_026,18,19,24,Naive,ANL_027,0.999999999994578,4.958744458744459,69353.0,77892.53682050247,20.060352341944828,22.756839073832204,-3.8251991359319515,-69353.0
93400,ANL_026,18,19,24,Bass-only,ANL_027,0.999999999994578,8.365486331336411,116999.69183007105,137749.97219376275,36.69373907975365,31.589899809644734,-14.090602674287567,52769.96357247862
93400,ANL_026,18,19,24,Analog-only,ANL_027,0.999999999994578,19.310872777540958,270081.8666666878,271019.13212745386,81.6903380450638,138.22895798374267,-57.41487413972842,-270081.8666666878
93400,ANL_026,18,19,24,Analog + Bass (Static),ANL_027,0.999999999994578,7.911177493174227,110645.72841953475,130649.47131130367,34.44083072953143,30.5437346374799,-12.574969363718138,40408.14551543189
93400,ANL_026,18,19,24,Analog + Bass (Adaptive),ANL_027,0.999999999994578,7.911177493174227,110645.72841953475,130649.47131130367,34.44083072953143,30.5437346374799,-12.574969363718138,40408.14551543189
93400,ANL_027,6,7,12,Naive,ANL_019,0.9999999999953876,4.910365289346181,30066.166666666668,33726.356624555025,30.695943308704788,37.42197898174902,-3.8715307686233205,-30066.166666666668
93400,ANL_027,6,7,12,Bass-only,ANL_019,0.9999999999953876,23.948017793023986,146633.71294668588,159385.4496140634,175.9176211275161,85.85447691534397,-107.79875802212241,146633.71294668588
93400,ANL_027,6,7,12,Analog-only,ANL_019,0.9999999999953876,3.9043606075476305,23906.400000014142,24097.45593074131,26.488642609044845,30.672667550599357,-1.4869610492305436,-23906.400000014142
93400,ANL_027,6,7,12,Analog + Bass (Static),ANL_019,0.9999999999953876,23.817342267663157,145833.5867049015,158587.31230572145,174.9926512284941,85.58761815916628,-106.71184666871629,145833.5867049015
93400,ANL_027,6,7,12,Analog + Bass (Adaptive),ANL_019,0.9999999999953876,23.817342267663157,145833.5867049015,158587.31230572145,174.9926512284941,85.58761815916628,-106.71184666871629,145833.5867049015
93400,ANL_027,9,10,15,Naive,ANL_019,0.9999999999953876,4.014321470602861,30272.5,36296.882205408954,22.75654665661664,26.831465949429095,-2.28512274013947,-30272.5
93400,ANL_027,9,10,15,Bass-only,ANL_019,0.9999999999953876,25.024732071852036,188714.63264534518,207904.7432646617,171.05520523739503,83.89531096470013,-106.78088661934919,188714.63264534518
93400,ANL_027,9,10,15,Analog-only,ANL_019,0.9999999999953876,7.137759065570122,53826.73333334748,54124.282605883694,44.58014744092688,57.45421485269624,-6.304613850997996,-53826.73333334748
93400,ANL_027,9,10,15,Analog + Bass (Static),ANL_019,0.9999999999953876,24.62839179489235,185725.7810742576,204920.99296521212,168.4475425444109,83.1205471781808,-103.7094454860509,185725.7810742576
93400,ANL_027,9,10,15,Analog + Bass (Adaptive),ANL_019,0.9999999999953876,24.62839179489235,185725.7810742576,204920.99296521212,168.4475425444109,83.1205471781808,-103.7094454860509,185725.7810742576
93400,ANL_027,12,13,18,Naive,ANL_019,0.9999999999953876,6.1336123465328045,46764.333333333336,53144.669795442955,27.076609887043702,32.3425891599875,-3.430688508042641,-46764.333333333336
93400,ANL_027,12,13,18,Bass-only,ANL_019,0.9999999999953876,23.086236748790622,176015.76521916574,203694.14970377722,121.62908229302276,66.91288587004894,-64.08919560732852,176015.76521916574
93400,ANL_027,12,13,18,Analog-only,ANL_019,0.9999999999953876,12.310232073801243,93856.56666668081,94580.64913943062,58.28423242768436,82.36850457769079,-13.033188975523636,-93856.56666668081
93400,ANL_027,12,13,18,Analog + Bass (Static),ANL_019,0.9999999999953876,22.945419797146148,174942.13837520508,202642.70340239664,120.92511623657296,66.63923306437057,-63.41896369363761,174942.13837520508
93400,ANL_027,12,13,18,Analog + Bass (Adaptive),ANL_019,0.9999999999953876,22.945419797146148,174942.13837520508,202642.70340239664,120.92511623657296,66.63923306437057,-63.41896369363761,174942.13837520508
93400,ANL_027,18,19,24,Naive,ANL_019,0.9999999999953876,6.6979246968417705,64397.0,68790.03320733801,24.424550128755417,28.19842923922832,-7.087692060436408,-64397.0
93400,ANL_027,18,19,24,Bass-only,ANL_019,0.9999999999953876,10.188146597838363,97953.63581354641,118085.98630070598,40.573436983832565,32.56542552839133,-22.832537858984313,61537.57210462084
93400,ANL_027,18,19,24,Analog-only,ANL_019,0.9999999999953876,19.602351643153746,188466.23333334748,188841.72293565163,73.70998763653823,116.96347619812624,-59.94940596767623,-188466.23333334748
93400,ANL_027,18,19,24,Analog + Bass (Static),ANL_019,0.9999999999953876,10.13475209032384,97440.27589147472,117360.47181981591,40.341417335284824,32.469105207779684,-22.540585616321334,60538.81565224552
93400,ANL_027,18,19,24,Analog + Bass (Adaptive),ANL_019,0.9999999999953876,10.13475209032384,97440.27589147472,117360.47181981591,40.341417335284824,32.469105207779684,-22.540585616321334,60538.81565224552
93400,ANL_028,6,7,12,Naive,ANL_032,0.9999999999956635,3.3071585098612126,16299.0,19736.255563471677,11.474633792633576,12.499301741248512,-1.7678074552935228,-15773.0
93400,ANL_028,6,7,12,Bass-only,ANL_032,0.9999999999956635,84.05432086515407,414253.31495182525,431027.8672135231,318.06044200710295,118.80633237009421,-1319.1310726860886,414253.31495182525
93400,ANL_028,6,7,12,Analog-only,ANL_032,0.9999999999956635,12.185834483127653,60056.66666664632,60455.531637043394,45.036307609085064,58.542740921902556,-24.97038833900836,-60056.66666664632
93400,ANL_028,6,7,12,Analog + Bass (Static),ANL_032,0.9999999999956635,86.39286488083735,425778.59527871874,442735.9564668978,326.8432728885251,120.12744154274675,-1391.823042684374,425778.59527871874
93400,ANL_028,6,7,12,Analog + Bass (Adaptive),ANL_032,0.9999999999956635,86.39286488083735,425778.59527871874,442735.9564668978,326.8432728885251,120.12744154274675,-1391.823042684374,425778.59527871874
93400,ANL_028,9,10,15,Naive,ANL_032,0.9999999999956635,3.332452513887113,19547.333333333332,21063.118857377223,12.641501058016821,13.613859680035425,-6.207253146158101,-19547.333333333332
93400,ANL_028,9,10,15,Bass-only,ANL_032,0.9999999999956635,77.39256674666511,453965.4483942509,474403.7629003918,303.3724588650807,117.04107620197826,-3655.1219210679765,453965.4483942509
93400,ANL_028,9,10,15,Analog-only,ANL_032,0.9999999999956635,13.230192217530524,77604.99999997967,78003.16683090647,51.33610953744825,69.6256258919626,-97.84367617511022,-77604.99999997967
93400,ANL_028,9,10,15,Analog + Bass (Static),ANL_032,0.9999999999956635,81.41123204480519,477537.934366816,498448.1320576102,319.06664458412195,119.49459503677076,-4035.12274285552,477537.934366816
93400,ANL_028,9,10,15,Analog + Bass (Adaptive),ANL_032,0.9999999999956635,81.41123204480519,477537.934366816,498448.1320576102,319.06664458412195,119.49459503677076,-4035.12274285552,477537.934366816
93400,ANL_028,12,13,18,Naive,ANL_032,0.9999999999956635,4.24435596779839,26457.0,29522.68275411298,15.131892945826465,16.63009875876019,-4.078716792684093,-26457.0
93400,ANL_028,12,13,18,Bass-only,ANL_032,0.9999999999956635,67.02818925989139,417817.1710156575,443076.4423367137,254.5887167872913,107.02038258421986,-1142.930596437105,417817.1710156575
93400,ANL_028,12,13,18,Analog-only,ANL_032,0.9999999999956635,15.249756932287797,95058.66666664633,95095.39278315652,56.46431203772938,78.9737576494924,-51.69401727503097,-95058.66666664633
93400,ANL_028,12,13,18,Analog + Bass (Static),ANL_032,0.9999999999956635,72.58615230547078,452462.4810255927,478411.34762326337,275.5109643988507,110.98352586611291,-1332.6605379746347,452462.4810255927
93400,ANL_028,12,13,18,Analog + Bass (Adaptive),ANL_032,0.9999999999956635,72.58615230547078,452462.4810255927,478411.34762326337,275.5109643988507,110.98352586611291,-1332.6605379746347,452462.4810255927
93400,ANL_028,18,19,24,Naive,ANL_032,0.9999999999956635,2.743438725262212,19084.166666666668,21871.800760339785,8.783560998637123,9.308631224822108,-3.1900202874919907,-19084.166666666668
93400,ANL_028,18,19,24,Bass-only,ANL_032,0.9999999999956635,31.909731618883022,221973.4783561323,250212.0957529507,107.69202776674192,65.01139505787286,-547.3573193241297,221973.4783561323
93400,ANL_028,18,19,24,Analog-only,ANL_032,0.9999999999956635,19.748278466951817,137374.833333313,137509.61341986648,65.098770074545,96.8902588693837,-164.62014705458014,-137374.833333313
93400,ANL_028,18,19,24,Analog + Bass (Static),ANL_032,0.9999999999956635,38.76942368620394,269691.513932907,298141.92799832264,130.54666879963418,74.02007202751011,-777.5619138423668,269691.513932907
93400,ANL_028,18,19,24,Analog + Bass (Adaptive),ANL_032,0.9999999999956635,38.76942368620394,269691.513932907,298141.92799832264,130.54666879963418,74.02007202751011,-777.5619138423668,269691.513932907
93400,ANL_029,6,7,12,Naive,ANL_030,0.9999999998929309,6.60528725914967,12501.166666666666,14458.766124166106,16.75191424195041,18.771700975590008,-2.9611366483073382,-12501.166666666666
93400,ANL_029,6,7,12,Bass-only,ANL_030,0.9999999998929309,110.94558941868317,209975.62253379976,218903.82447479072,307.52610822620954,116.83611500233798,-906.9544410414941,209975.62253379976
93400,ANL_029,6,7,12,Analog-only,ANL_030,0.9999999998929309,3.9567614222516405,7488.566667753455,8491.679083068862,10.37249825863378,11.099745908223333,-0.3662950809873231,-7488.566667753455
93400,ANL_029,6,7,12,Analog + Bass (Static),ANL_030,0.9999999998929309,111.6712841776696,211349.0724346575,220298.08462153035,309.51916856127133,117.1526191981603,-918.5573101170069,211349.0724346575
93400,ANL_029,6,7,12,Analog + Bass (Adaptive),ANL_030,0.9999999998929309,111.6712841776696,211349.0724346575,220298.08462153035,309.51916856127133,117.1526191981603,-918.5573101170069,211349.0724346575
93400,ANL_029,9,10,15,Naive,ANL_030,0.9999999998929309,5.622467771639043,18318.0,18608.49352670262,22.60972969577224,25.565301272086387,-31.281068585098865,-18318.0
93400,ANL_029,9,10,15,Bass-only,ANL_030,0.9999999998929309,70.95437409725172,231169.3508088461,241625.5645088336,290.4650802409568,115.12141478293114,-5441.660368920173,231169.3508088461
93400,ANL_029,9,10,15,Analog-only,ANL_030,0.9999999998929309,5.273910374796436,17182.40000108679,17686.963490195114,21.447795684780637,24.242193899593758,-28.16298871450071,-17182.40000108679
93400,ANL_029,9,10,15,Analog + Bass (Static),ANL_030,0.9999999998929309,71.7709186756783,233829.6530453599,244338.67890726856,293.79741040018513,115.6822807400538,-5564.573389883791,233829.6530453599
93400,ANL_029,9,10,15,Analog + Bass (Adaptive),ANL_030,0.9999999998929309,71.7709186756783,233829.6530453599,244338.67890726856,293.79741040018513,115.6822807400538,-5564.573389883791,233829.6530453599
93400,ANL_029,12,13,18,Naive,ANL_030,0.9999999998929309,2.2889687305180955,10569.833333333334,12651.688839834784,11.217959580555997,12.154990268765708,-2.3109737412288327,-10569.833333333334
93400,ANL_029,12,13,18,Bass-only,ANL_030,0.9999999998929309,46.69572519327173,215628.12374474885,228704.78573513284,246.50424535855703,105.58640928497826,-1080.955096681642,215628.12374474885
93400,ANL_029,12,13,18,Analog-only,ANL_030,0.9999999998929309,5.781899137289522,26699.233334420118,26956.954628159383,29.682247038567557,34.96421375785236,-14.031433070011799,-26699.233334420118
93400,ANL_029,12,13,18,Analog + Bass (Static),ANL_030,0.9999999998929309,47.386676166988856,218818.7469001999,231957.2659521061,250.1207945575402,106.32142578184836,-1111.947541261037,218818.7469001999
93400,ANL_029,12,13,18,Analog + Bass (Adaptive),ANL_030,0.9999999998929309,47.386676166988856,218818.7469001999,231957.2659521061,250.1207945575402,106.32142578184836,-1111.947541261037,218818.7469001999
93400,ANL_029,18,19,24,Naive,ANL_030,0.9999999998929309,3.1822139303482584,14799.166666666666,15869.798659718403,13.213789742492757,14.270298690163502,-6.6701435542215854,-14799.166666666666
93400,ANL_029,18,19,24,Bass-only,ANL_030,0.9999999998929309,25.310044542792173,117706.59538547938,132233.82224075904,109.59776965167538,65.92141978164528,-531.5320633414375,117706.59538547938
93400,ANL_029,18,19,24,Analog-only,ANL_030,0.9999999998929309,10.04336748484453,46707.566667753454,46885.67611898912,42.506262341212995,54.129932394706145,-65.94852680152198,-46707.566667753454
93400,ANL_029,18,19,24,Analog + Bass (Static),ANL_030,0.9999999998929309,26.844221349891015,124841.41999543433,139387.01739672586,116.1629869298823,68.60730065414816,-590.7050948971298,124841.41999543433
93400,ANL_029,18,19,24,Analog + Bass (Adaptive),ANL_030,0.9999999998929309,26.844221349891015,124841.41999543433,139387.01739672586,116.1629869298823,68.60730065414816,-590.7050948971298,124841.41999543433
93400,ANL_030,6,7,12,Naive,ANL_022,0.9999999999836475,3.480450320648642,8213.166666666666,9614.196057566816,16.21419632471226,18.134616199897735,-2.7007657957510687,-8213.166666666666
93400,ANL_030,6,7,12,Bass-only,ANL_022,0.9999999999836475,55.15690736315169,130159.26999556537,136239.49605865855,283.0487368114067,112.399490710875,-742.1418342662682,130159.26999556537
93400,ANL_030,6,7,12,Analog-only,ANL_022,0.9999999999836475,10.825126422949861,25545.133332877085,25624.072607152957,53.5342938004764,42.18896963615662,-25.288267511098997,25545.133332877085
93400,ANL_030,6,7,12,Analog + Bass (Static),ANL_022,0.9999999999836475,55.00325079427524,129796.67122433073,135871.86011538087,282.26902355883993,112.26217887284564,-738.1365782171174,129796.67122433073
93400,ANL_030,6,7,12,Analog + Bass (Adaptive),ANL_022,0.9999999999836475,55.00325079427524,129796.67122433073,135871.86011538087,282.26902355883993,112.26217887284564,-738.1365782171174,129796.67122433073
93400,ANL_030,9,10,15,Naive,ANL_022,0.9999999999836475,5.284154594992922,11353.666666666666,12528.645949715929,19.418603032011518,21.867437402630227,-4.5937323836326245,-11353.666666666666
93400,ANL_030,9,10,15,Bass-only,ANL_022,0.9999999999836475,68.00782067660201,146123.303701264,154092.07338199916,268.2930746526646,109.64308917339392,-845.1629578737835,146123.303701264
93400,ANL_030,9,10,15,Analog-only,ANL_022,0.9999999999836475,7.918847324627185,17014.633332877085,17092.184097353078,30.174428051157403,26.20330993777944,-9.410906247560163,17014.633332877085
93400,ANL_030,9,10,15,Analog + Bass (Static),ANL_022,0.9999999999836475,67.86597690891762,145818.5346359231,153782.10469382262,267.739131700319,109.53952145526438,-841.7621311666556,145818.5346359231
93400,ANL_030,9,10,15,Analog + Bass (Adaptive),ANL_022,0.9999999999836475,67.86597690891762,145818.5346359231,153782.10469382262,267.739131700319,109.53952145526438,-841.7621311666556,145818.5346359231
93400,ANL_030,12,13,18,Naive,ANL_022,0.9999999999836475,4.791201483704869,11899.166666666666,13995.037900389314,16.704653764387974,18.778014833022816,-2.237815421104637,-11634.833333333334
93400,ANL_030,12,13,18,Bass-only,ANL_022,0.9999999999836475,54.129216860571475,134432.37049217746,144870.65183701395,213.53505864071116,96.50309277957042,-345.9482951299195,134432.37049217746
93400,ANL_030,12,13,18,Analog-only,ANL_022,0.9999999999836475,2.6588869771336654,6603.466666210418,6810.295034771602,10.267390135099268,9.700559516138968,0.2332817815975481,6603.466666210418
93400,ANL_030,12,13,18,Analog + Bass (Static),ANL_022,0.9999999999836475,53.95291213396847,133994.5096898077,144426.8750157747,212.8532312901853,96.3397299411894,-343.82596340848653,133994.5096898077
93400,ANL_030,12,13,18,Analog + Bass (Adaptive),ANL_022,0.9999999999836475,53.95291213396847,133994.5096898077,144426.8750157747,212.8532312901853,96.3397299411894,-343.82596340848653,133994.5096898077
93400,ANL_030,18,19,24,Naive,ANL_022,0.9999999999836475,2.938698174981361,8887.833333333334,10956.808651853573,9.776262315753298,10.525293050247962,-1.9239475395894194,-8887.833333333334
93400,ANL_030,18,19,24,Bass-only,ANL_022,0.9999999999836475,23.612894929259408,71415.11722281603,83892.27966917538,85.99809867019643,54.6562471525014,-170.41365440438824,71415.11722281603
93400,ANL_030,18,19,24,Analog-only,ANL_022,0.9999999999836475,4.351105060282464,13159.53333378958,13486.244965841066,15.21160833399888,16.544721463764365,-3.429793788837401,-13159.53333378958
93400,ANL_030,18,19,24,Analog + Bass (Static),ANL_022,0.9999999999836475,23.670423037236716,71589.10590938387,84062.6039977437,86.20279698267392,54.755739582520505,-171.11039440396357,71589.10590938387
93400,ANL_030,18,19,24,Analog + Bass (Adaptive),ANL_022,0.9999999999836475,23.670423037236716,71589.10590938387,84062.6039977437,86.20279698267392,54.755739582520505,-171.11039440396357,71589.10590938387
93400,ANL_031,6,7,12,Naive,ANL_032,0.9999999999939456,3.5043191223806085,21338.5,25034.07300394138,17.501915028713753,19.733406276405532,-2.656958645923706,-21338.5
93400,ANL_031,6,7,12,Bass-only,ANL_032,0.9999999999939456,48.658093028766885,296288.8600707673,310730.44345448137,269.06989595268294,109.81430832872763,-562.410102615091,296288.8600707673
93400,ANL_031,6,7,12,Analog-only,ANL_032,0.9999999999939456,5.120048610653793,31176.999999993073,31454.718564939798,27.337142508970274,31.825761769210082,-4.773359854710339,-31176.999999993073
93400,ANL_031,6,7,12,Analog + Bass (Static),ANL_032,0.9999999999939456,48.872016529377085,297591.48305068293,312050.22245656414,270.2384419180897,110.03124119403952,-567.206259231666,297591.48305068293
93400,ANL_031,6,7,12,Analog + Bass (Adaptive),ANL_032,0.9999999999939456,48.872016529377085,297591.48305068293,312050.22245656414,270.2384419180897,110.03124119403952,-567.206259231666,297591.48305068293
93400,ANL_031,9,10,15,Naive,ANL_032,0.9999999999939456,5.940325828299469,37860.666666666664,41892.07565479021,25.482587578886047,29.833223961924197,-4.458348658246854,-37860.666666666664
93400,ANL_031,9,10,15,Bass-only,ANL_032,0.9999999999939456,51.961302641093745,331175.362383011,352106.8699586687,246.6201692197779,104.29750594633005,-384.6084234186077,331175.362383011
93400,ANL_031,9,10,15,Analog-only,ANL_032,0.9999999999939456,9.141784995161172,58265.16666665974,58689.55252256745,41.12898640064735,51.8749019382564,-9.713197503539163,-58265.16666665974
93400,ANL_031,9,10,15,Analog + Bass (Static),ANL_032,0.9999999999939456,52.9647550158565,337570.8660935614,358593.68210579484,251.30300104877753,105.25112951082767,-398.9473119633393,337570.8660935614
93400,ANL_031,9,10,15,Analog + Bass (Adaptive),ANL_032,0.9999999999939456,52.9647550158565,337570.8660935614,358593.68210579484,251.30300104877753,105.25112951082767,-398.9473119633393,337570.8660935614
93400,ANL_031,12,13,18,Naive,ANL_032,0.9999999999939456,4.56162760877795,33958.0,37767.082258672475,19.286978875912233,21.777808519548117,-4.2207808307900265,-33958.0
93400,ANL_031,12,13,18,Bass-only,ANL_032,0.9999999999939456,41.16631176603888,306453.2519623296,330651.51497557847,189.5459582568379,91.47527219633443,-399.17469928671244,306453.2519623296
93400,ANL_031,12,13,18,Analog-only,ANL_032,0.9999999999939456,11.453301500847802,85261.49999999309,85585.01640142474,50.583039793111595,67.88737981505723,-25.81044793080955,-85261.49999999309
93400,ANL_031,12,13,18,Analog + Bass (Static),ANL_032,0.9999999999939456,42.750558697297464,318246.8181859634,342602.75947139587,196.72491324545663,93.36292268806397,-428.62575342562207,318246.8181859634
93400,ANL_031,12,13,18,Analog + Bass (Adaptive),ANL_032,0.9999999999939456,42.750558697297464,318246.8181859634,342602.75947139587,196.72491324545663,93.36292268806397,-428.62575342562207,318246.8181859634
93400,ANL_031,18,19,24,Naive,ANL_032,0.9999999999939456,4.92667654999518,48089.0,52103.21916478226,19.718850476914408,22.176116333729833,-5.749848691207883,-48089.0
93400,ANL_031,18,19,24,Bass-only,ANL_032,0.9999999999939456,15.27174367285481,149066.59165287268,186066.74278103487,66.97016340449662,44.35937042145194,-85.08003486473437,148124.4704997746
93400,ANL_031,18,19,24,Analog-only,ANL_032,0.9999999999939456,15.6980251422228,153227.49999999307,153484.22749704457,64.78597360061609,95.95567212312432,-57.572320407863614,-153227.49999999307
93400,ANL_031,18,19,24,Analog + Bass (Static),ANL_032,0.9999999999939456,16.98879471930299,165826.62591425065,202896.41450478314,74.26710149856957,48.1482144998709,-101.35608562425762,165826.62591425065
93400,ANL_031,18,19,24,Analog + Bass (Adaptive),ANL_032,0.9999999999939456,16.98879471930299,165826.62591425065,202896.41450478314,74.26710149856957,48.1482144998709,-101.35608562425762,165826.62591425065
93400,ANL_032,6,7,12,Naive,ANL_035,0.9999999999968479,5.476768030409122,43801.0,50486.831325934225,30.474401184297804,37.261066171670464,-3.043385653261507,-43801.0
93400,ANL_032,6,7,12,Bass-only,ANL_035,0.9999999999968479,30.083182005386085,240593.25640627576,260019.45537594784,200.1702324350574,91.96471097152093,-106.25082115860309,240593.25640627576
93400,ANL_032,6,7,12,Analog-only,ANL_035,0.9999999999968479,7.001683838479001,55996.66666661966,57325.61728565416,41.73914889316306,52.77537312387365,-4.212984303868137,-55996.66666661966
93400,ANL_032,6,7,12,Analog + Bass (Static),ANL_035,0.9999999999968479,29.728818810069978,237759.20131541567,257185.17485071125,197.89636738554398,91.38127550394385,-103.92543986595642,237759.20131541567
93400,ANL_032,6,7,12,Analog + Bass (Adaptive),ANL_035,0.9999999999968479,29.728818810069978,237759.20131541567,257185.17485071125,197.89636738554398,91.38127550394385,-103.92543986595642,237759.20131541567
93400,ANL_032,9,10,15,Naive,ANL_035,0.9999999999968479,4.993274463497279,48629.5,55050.87664606259,25.875817338377566,30.73054293153945,-3.5520158747046366,-48629.5
93400,ANL_032,9,10,15,Bass-only,ANL_035,0.9999999999968479,29.693035569899866,289180.4734152548,315603.055397121,179.2960429075707,86.73793585240675,-148.60898881214735,289180.4734152548
93400,ANL_032,9,10,15,Analog-only,ANL_035,0.9999999999968479,10.139559160757743,98749.16666661967,99727.5407291149,56.09689148097825,78.02363610535164,-13.938448994764503,-98749.16666661967
93400,ANL_032,9,10,15,Analog + Bass (Static),ANL_035,0.9999999999968479,29.207833006294514,284455.0856483023,310864.53513584036,176.46060660822587,85.92903377424122,-144.1502026997803,284455.0856483023
93400,ANL_032,9,10,15,Analog + Bass (Adaptive),ANL_035,0.9999999999968479,29.207833006294514,284455.0856483023,310864.53513584036,176.46060660822587,85.92903377424122,-144.1502026997803,284455.0856483023
93400,ANL_032,12,13,18,Naive,ANL_035,0.9999999999968479,4.32521739357031,50297.166666666664,60938.900404421474,20.358711304065135,23.57733293666254,-2.137120590043689,-50297.166666666664
93400,ANL_032,12,13,18,Bass-only,ANL_035,0.9999999999968479,23.687308960271107,275455.4091155454,312803.68190161174,132.73155818175718,71.82942127024367,-81.65815342770043,275455.4091155454
93400,ANL_032,12,13,18,Analog-only,ANL_035,0.9999999999968479,12.935264012337294,150421.83333328634,152084.47941107937,66.0445811066075,98.6670522558669,-18.539424910764502,-150421.83333328634
93400,ANL_032,12,13,18,Analog + Bass (Static),ANL_035,0.9999999999968479,23.055795632955363,268111.65545279556,305546.84703716787,129.33644989364873,70.5851660830706,-77.86741372991308,268111.65545279556
93400,ANL_032,12,13,18,Analog + Bass (Adaptive),ANL_035,0.9999999999968479,23.055795632955363,268111.65545279556,305546.84703716787,129.33644989364873,70.5851660830706,-77.86741372991308,268111.65545279556
93400,ANL_032,18,19,24,Naive,ANL_035,0.9999999999968479,5.307117244963806,71275.83333333333,78287.70680104679,19.700240986197915,22.24367052231878,-4.84423050931074,-71275.83333333333
93400,ANL_032,18,19,24,Bass-only,ANL_035,0.9999999999968479,10.79603318513634,144993.2659194834,181650.4717462455,44.739220338882895,33.81217762433818,-30.463950735721653,110352.79752089195
93400,ANL_032,18,19,24,Analog-only,ANL_035,0.9999999999968479,20.2377318079452,271797.49999995297,272532.4256475321,77.95355194685249,127.81441334931496,-69.82336486711036,-271797.49999995297
93400,ANL_032,18,19,24,Analog + Bass (Static),ANL_035,0.9999999999968479,10.434538056309655,140138.30128166368,174190.11435357758,43.13499308971813,33.19336847655918,-27.932582610105243,100907.32456985116
93400,ANL_032,18,19,24,Analog + Bass (Adaptive),ANL_035,0.9999999999968479,10.434538056309655,140138.30128166368,174190.11435357758,43.13499308971813,33.19336847655918,-27.932582610105243,100907.32456985116
93400,ANL_033,6,7,12,Naive,ANL_036,0.9999999999815584,1.9948007624787407,11650.833333333334,14858.647588750016,9.92646325720977,10.77140220902488,-1.5610140601195255,-11600.5
93400,ANL_033,6,7,12,Bass-only,ANL_036,0.9999999999815584,60.70130792061503,354532.05904114415,368615.25958882895,330.77945488983585,120.72601982911084,-1575.1589684902594,354532.05904114415
93400,ANL_033,6,7,12,Analog-only,ANL_036,0.9999999999815584,10.175010558257059,59428.16666655618,59568.250422688434,53.941741120048015,73.92531332273232,-40.16073177327722,-59428.16666655618
93400,ANL_033,6,7,12,Analog + Bass (Static),ANL_036,0.9999999999815584,61.11506710224707,356948.66091738426,371070.6465517176,333.0185953595098,121.05095449769412,-1596.2268412788312,356948.66091738426
93400,ANL_033,6,7,12,Analog + Bass (Adaptive),ANL_036,0.9999999999815584,61.11506710224707,356948.66091738426,371070.6465517176,333.0185953595098,121.05095449769412,-1596.2268412788312,356948.66091738426
93400,ANL_033,9,10,15,Naive,ANL_036,0.9999999999815584,4.132350197519448,21226.333333333332,23885.075688945737,15.836368505823318,17.535415441156598,-3.756533910432381,-21226.333333333332
93400,ANL_033,9,10,15,Bass-only,ANL_036,0.9999999999815584,73.95000185013596,379853.4282534546,398396.87341888016,303.9940870680611,116.11703610113351,-1322.3331641118693,379853.4282534546
93400,ANL_033,9,10,15,Analog-only,ANL_036,0.9999999999815584,15.192855230796393,78039.99999988952,78321.27877222131,60.55175955050317,86.93317289715846,-50.14425926198746,-78039.99999988952
93400,ANL_033,9,10,15,Analog + Bass (Static),ANL_036,0.9999999999815584,75.71453999528745,388917.1990032934,407631.8883985069,311.1900833756384,117.26534057869216,-1384.3951255276306,388917.1990032934
93400,ANL_033,9,10,15,Analog + Bass (Adaptive),ANL_036,0.9999999999815584,75.71453999528745,388917.1990032934,407631.8883985069,311.1900833756384,117.26534057869216,-1384.3951255276306,388917.1990032934
93400,ANL_033,12,13,18,Naive,ANL_036,0.9999999999815584,3.6626446759259257,21096.833333333332,22168.09004327316,14.258959066920566,15.453752449895871,-9.60295844990128,-21096.833333333332
93400,ANL_033,12,13,18,Bass-only,ANL_036,0.9999999999815584,59.556294566460416,343044.256702812,362708.28944932134,238.44729912621872,104.81464579720597,-2837.4775802569884,343044.256702812
93400,ANL_033,12,13,18,Analog-only,ANL_036,0.9999999999815584,16.50720486109193,95081.49999988952,95154.44362935622,65.19052407497517,96.85079901987254,-194.35685472111183,-95081.49999988952
93400,ANL_033,12,13,18,Analog + Bass (Static),ANL_036,0.9999999999815584,62.14783841051494,357971.54924456606,377942.6839648161,248.77697716643917,106.95002211685222,-3080.9273128823606,357971.54924456606
93400,ANL_033,12,13,18,Analog + Bass (Adaptive),ANL_036,0.9999999999815584,62.14783841051494,357971.54924456606,377942.6839648161,248.77697716643917,106.95002211685222,-3080.9273128823606,357971.54924456606
93400,ANL_033,18,19,24,Naive,ANL_036,0.9999999999815584,3.903403240665474,24009.833333333332,26509.15037931871,13.153561637558065,14.262460257923177,-4.565647041359302,-24009.833333333332
93400,ANL_033,18,19,24,Bass-only,ANL_036,0.9999999999815584,30.663970722196392,188614.08391223,213170.93546518136,109.64735881888348,65.48198212214851,-358.8984908702448,188614.08391223
93400,ANL_033,18,19,24,Analog-only,ANL_036,0.9999999999815584,20.63396195738734,126919.49999988952,127112.86205103408,71.41760523589019,111.16749870365557,-126.96848786799613,-126919.49999988952
93400,ANL_033,18,19,24,Analog + Bass (Static),ANL_036,0.9999999999815584,34.50764264373846,212256.50990163526,236846.98948252498,123.17165467078068,70.89752066168211,-443.28308743972553,212256.50990163526
93400,ANL_033,18,19,24,Analog + Bass (Adaptive),ANL_036,0.9999999999815584,34.50764264373846,212256.50990163526,236846.98948252498,123.17165467078068,70.89752066168211,-443.28308743972553,212256.50990163526
93400,ANL_034,6,7,12,Naive,ANL_036,0.999999999995067,3.6813381977556228,20382.833333333332,22077.179458285274,14.089451088602495,15.320962109060735,-5.774931701085626,-20382.833333333332
93400,ANL_034,6,7,12,Bass-only,ANL_036,0.999999999995067,82.03922217190599,454234.7653214091,471003.8624350152,326.03568581001366,120.88811964506736,-3082.661387147906,454234.7653214091
93400,ANL_034,6,7,12,Analog-only,ANL_036,0.999999999995067,14.181241872591329,78518.70000016368,78684.44044828102,55.56331036242509,77.12068990971802,-85.05883588415075,-78518.70000016368
93400,ANL_034,6,7,12,Analog + Bass (Static),ANL_036,0.999999999995067,83.00097787994034,459559.81432565366,476418.3058347466,329.84330996671036,121.44575909035898,-3153.9655862335653,459559.81432565366
93400,ANL_034,6,7,12,Analog + Bass (Adaptive),ANL_036,0.999999999995067,83.00097787994034,459559.81432565366,476418.3058347466,329.84330996671036,121.44575909035898,-3153.9655862335653,459559.81432565366
93400,ANL_034,9,10,15,Naive,ANL_036,0.999999999995067,3.839234261631372,26038.166666666668,30537.95279375049,15.091959819240666,16.72944312797544,-1.8061907036733613,-24499.833333333332
93400,ANL_034,9,10,15,Bass-only,ANL_036,0.999999999995067,73.83777549939025,500777.0231588021,526142.0210664287,323.12928218330967,118.07491155331917,-831.9967752851168,500777.0231588021
93400,ANL_034,9,10,15,Analog-only,ANL_036,0.999999999995067,14.689009713056553,99622.70000016368,100349.68338697303,61.21204802714556,88.2907328243576,-29.30186478286498,-99622.70000016368
93400,ANL_034,9,10,15,Analog + Bass (Static),ANL_036,0.999999999995067,75.27382392244114,510516.4830699861,536060.4291958562,329.34067110311366,119.00441428721473,-863.6987719975338,510516.4830699861
93400,ANL_034,9,10,15,Analog + Bass (Adaptive),ANL_036,0.999999999995067,75.27382392244114,510516.4830699861,536060.4291958562,329.34067110311366,119.00441428721473,-863.6987719975338,510516.4830699861
93400,ANL_034,12,13,18,Naive,ANL_036,0.999999999995067,4.776787225042301,34219.166666666664,35603.54736773664,18.17319393303106,20.108689263857546,-12.113972841896175,-34219.166666666664
93400,ANL_034,12,13,18,Bass-only,ANL_036,0.999999999995067,61.56866337544996,441055.5158168597,466705.0265003279,241.4786350769333,105.22061171496826,-2252.3709662010183,441055.5158168597
93400,ANL_034,12,13,18,Analog-only,ANL_036,0.999999999995067,17.16377368868613,122955.033333497,123002.35930531392,66.21219679537943,99.09199763785396,-155.52172337729414,-122955.033333497
93400,ANL_034,12,13,18,Analog + Bass (Static),ANL_036,0.999999999995067,64.45490277259442,461731.48531640373,487801.92827681365,252.73784911184217,107.5143311969599,-2460.697944973558,461731.48531640373
93400,ANL_034,12,13,18,Analog + Bass (Adaptive),ANL_036,0.999999999995067,64.45490277259442,461731.48531640373,487801.92827681365,252.73784911184217,107.5143311969599,-2460.697944973558,461731.48531640373
93400,ANL_034,18,19,24,Naive,ANL_036,0.999999999995067,3.107016153639465,26754.333333333332,29291.22242811545,11.329500821911381,12.15219655945833,-4.535915929433063,-26514.0
93400,ANL_034,18,19,24,Bass-only,ANL_036,0.999999999995067,27.632050449289526,237937.96100409978,268628.54546063143,106.17615554033688,64.27759329785917,-464.60626322801136,237937.96100409978
93400,ANL_034,18,19,24,Analog-only,ANL_036,0.999999999995067,19.46266537330152,167591.86666683035,167815.3454818367,72.71345487940853,114.37169687532933,-180.7095845233498,-167591.86666683035
93400,ANL_034,18,19,24,Analog + Bass (Static),ANL_036,0.999999999995067,31.082514184736258,267649.70126157656,298395.62244174595,119.24890865331751,69.63763130792925,-573.5123750799746,267649.70126157656
93400,ANL_034,18,19,24,Analog + Bass (Adaptive),ANL_036,0.999999999995067,31.082514184736258,267649.70126157656,298395.62244174595,119.24890865331751,69.63763130792925,-573.5123750799746,267649.70126157656
93400,ANL_035,6,7,12,Naive,ANL_032,0.9999999999968479,4.073181084391004,58536.5,67445.30651695986,26.310522146380666,31.31106546679621,-3.05299536323429,-58536.5
93400,ANL_035,6,7,12,Bass-only,ANL_032,0.9999999999968479,27.007578757802765,388131.3158441351,416398.5084416446,202.82394426107948,93.67935071644146,-153.48665571074972,388131.3158441351
93400,ANL_035,6,7,12,Analog-only,ANL_032,0.9999999999968479,9.668123283606334,138942.53333336336,140689.57129712243,66.83031619495185,100.38391810014322,-16.635852341132765,-138942.53333336336
93400,ANL_035,6,7,12,Analog + Bass (Static),ANL_032,0.9999999999968479,26.798877161281208,385132.02346020454,413388.22527271905,201.30037705566616,93.29493778006899,-151.26105895779645,385132.02346020454
93400,ANL_035,6,7,12,Analog + Bass (Adaptive),ANL_032,0.9999999999968479,26.798877161281208,385132.02346020454,413388.22527271905,201.30037705566616,93.29493778006899,-151.26105895779645,385132.02346020454
93400,ANL_035,9,10,15,Naive,ANL_032,0.9999999999968479,5.887519930424699,81236.0,90079.83028403195,28.636843566718856,34.31770299171603,-4.355712102840792,-81236.0
93400,ANL_035,9,10,15,Bass-only,ANL_032,0.9999999999968479,34.137779160051586,471033.07685039175,511422.39671872195,190.05013356569665,89.92199461844697,-171.63211494554184,471033.07685039175
93400,ANL_035,9,10,15,Analog-only,ANL_032,0.9999999999968479,14.507177368702955,200170.03333336336,202064.33440368692,74.41733123555055,118.53335378542656,-25.94892427934398,-200170.03333336336
93400,ANL_035,9,10,15,Analog + Bass (Static),ANL_032,0.9999999999968479,33.752363423530554,465715.1105178746,506076.33091545897,187.96646024074758,89.3605064223932,-168.04181874287192,465715.1105178746
93400,ANL_035,9,10,15,Analog + Bass (Adaptive),ANL_032,0.9999999999968479,33.752363423530554,465715.1105178746,506076.33091545897,187.96646024074758,89.3605064223932,-168.04181874287192,465715.1105178746
93400,ANL_035,12,13,18,Naive,ANL_032,0.9999999999968479,4.62599698327781,77509.0,88607.37160078726,21.551132041860757,24.877350553750226,-3.258611374489055,-77509.0
93400,ANL_035,12,13,18,Bass-only,ANL_032,0.9999999999968479,26.91858185958045,451023.2862010758,503707.7039602215,143.78692730672248,76.18101972675073,-136.62124678259934,451023.2862010758
93400,ANL_035,12,13,18,Analog-only,ANL_032,0.9999999999968479,16.136291638183224,270365.03333336336,272194.5256472703,79.7525438427615,132.66727173265122,-39.18713765518243,-270365.03333336336
93400,ANL_035,12,13,18,Analog + Bass (Static),ANL_032,0.9999999999968479,26.55126710177772,444868.8940418404,497569.93067613314,141.88882607780454,75.52956344491578,-133.28779897573762,444868.8940418404
93400,ANL_035,12,13,18,Analog + Bass (Adaptive),ANL_032,0.9999999999968479,26.55126710177772,444868.8940418404,497569.93067613314,141.88882607780454,75.52956344491578,-133.28779897573762,444868.8940418404
93400,ANL_035,18,19,24,Naive,ANL_032,0.9999999999968479,5.182498331431524,99116.5,117094.78112124953,18.461290152650104,21.055664930843854,-2.2262892576464863,-97269.5
93400,ANL_035,18,19,24,Bass-only,ANL_032,0.9999999999968479,12.770179747133794,244232.6924121096,309749.40947451163,54.8132396937966,38.36766630838693,-21.576114446139005,202128.8240429248
93400,ANL_035,18,19,24,Analog-only,ANL_032,0.9999999999968479,22.532979422528214,430948.5333333633,434376.2938718594,86.23415664809485,151.6190904942751,-43.397698228603865,-430948.5333333633
93400,ANL_035,18,19,24,Analog + Bass (Static),ANL_032,0.9999999999968479,12.693895841079232,242773.74475966176,307378.7444779262,54.45690539496556,38.25344470159028,-21.2318645872486,199290.39954013182
93400,ANL_035,18,19,24,Analog + Bass (Adaptive),ANL_032,0.9999999999968479,12.693895841079232,242773.74475966176,307378.7444779262,54.45690539496556,38.25344470159028,-21.2318645872486,199290.39954013182
93400,ANL_036,6,7,12,Naive,ANL_034,0.999999999995067,6.225565213842638,40680.333333333336,47329.05698053434,37.96752067580025,49.04734081599778,-2.8281452552872945,-40680.333333333336
93400,ANL_036,6,7,12,Bass-only,ANL_034,0.999999999995067,14.728743531993116,96243.50173545581,114690.44142998896,121.52593371012068,64.163421754773,-21.479526241563892,96243.50173545581
93400,ANL_036,6,7,12,Analog-only,ANL_034,0.999999999995067,3.0543176624098898,19958.133333251182,25972.697321012165,17.519014314949146,20.144647992598784,-0.15283410076965165,-19222.799999876665
93400,ANL_036,6,7,12,Analog + Bass (Static),ANL_034,0.999999999995067,14.206155944154624,92828.70540148397,111465.13448948038,117.62380542220284,62.63384942126685,-20.232972356494923,92828.70540148397
93400,ANL_036,6,7,12,Analog + Bass (Adaptive),ANL_034,0.999999999995067,14.206155944154624,92828.70540148397,111465.13448948038,117.62380542220284,62.63384942126685,-20.232972356494923,92828.70540148397
93400,ANL_036,9,10,15,Naive,ANL_034,0.999999999995067,6.7952964060859085,54730.166666666664,61872.97956431924,35.48717664909351,44.739567463856595,-3.5964497636891997,-54730.166666666664
93400,ANL_036,9,10,15,Bass-only,ANL_034,0.999999999995067,16.241788179844438,130813.39222398958,157785.09362237068,108.45647874865276,59.917891377927965,-28.89182291039161,130813.39222398958
93400,ANL_036,9,10,15,Analog-only,ANL_034,0.999999999995067,8.074574622719414,65033.63333321,68664.98254047969,44.00464117125879,56.8955926285847,-4.66097301791202,-65033.63333321
93400,ANL_036,9,10,15,Analog + Bass (Static),ANL_034,0.999999999995067,14.982712486104798,120672.63920214881,148173.59456094823,100.74228853327179,56.609522576496886,-25.36101269010105,120645.88753175452
93400,ANL_036,9,10,15,Analog + Bass (Adaptive),ANL_034,0.999999999995067,14.982712486104798,120672.63920214881,148173.59456094823,100.74228853327179,56.609522576496886,-25.36101269010105,120645.88753175452
93400,ANL_036,12,13,18,Naive,ANL_034,0.999999999995067,5.70843316682139,58695.666666666664,66987.6662801942,27.983052585500364,33.655493768335056,-3.3057889006675207,-58695.666666666664
93400,ANL_036,12,13,18,Bass-only,ANL_034,0.999999999995067,13.676907907039572,140629.69716597372,172618.16081500868,82.4355466431623,50.643227394089585,-27.59143860504913,134643.41078280998
93400,ANL_036,12,13,18,Analog-only,ANL_034,0.999999999995067,11.444078216394589,117671.13333321,120395.77732478034,59.494289084717664,84.83590365433186,-12.90866823141839,-117671.13333321
93400,ANL_036,12,13,18,Analog + Bass (Static),ANL_034,0.999999999995067,12.188658950613338,125327.11550992016,154509.10775274798,73.47092533748435,47.03262105859252,-21.90715776872442,114759.91870544631
93400,ANL_036,12,13,18,Analog + Bass (Adaptive),ANL_034,0.999999999995067,12.188658950613338,125327.11550992016,154509.10775274798,73.47092533748435,47.03262105859252,-21.90715776872442,114759.91870544631
93400,ANL_036,18,19,24,Naive,ANL_034,0.999999999995067,4.708650517993293,61563.666666666664,66419.71851541278,19.46621796856815,21.845064290192965,-6.098345812852842,-61563.666666666664
93400,ANL_036,18,19,24,Bass-only,ANL_034,0.999999999995067,7.14061106696012,93360.54944888776,116641.66749973806,31.470040492962582,27.240932629470578,-20.8912485064251,43076.571878829425
93400,ANL_036,18,19,24,Analog-only,ANL_034,0.999999999995067,17.568594069612224,229702.13333321,230480.78836642863,74.55449011957089,118.88207363219682,-84.47370967186643,-229702.13333321
93400,ANL_036,18,19,24,Analog + Bass (Static),ANL_034,0.999999999995067,6.381857260219198,83440.15585378828,100294.79035933908,27.61856237676641,26.509934698195792,-15.185266010853343,8255.436363271467
93400,ANL_036,18,19,24,Analog + Bass (Adaptive),ANL_034,0.999999999995067,6.381857260219198,83440.15585378828,100294.79035933908,27.61856237676641,26.509934698195792,-15.185266010853343,8255.436363271467
94721,ANL_001,6,7,12,Naive,ANL_004,0.9999999999969584,4.038377501014453,25875.5,30044.51382809625,22.219261402695047,25.79491640959323,-2.87195013667353,-25875.5
94721,ANL_001,6,7,12,Bass-only,ANL_004,0.9999999999969584,35.69301030961163,228699.39425780554,242902.17078535387,223.52914457122478,99.41687327718728,-252.08254108058193,228699.39425780554
94721,ANL_001,6,7,12,Analog-only,ANL_004,0.9999999999969584,4.40940683169121,28252.833333378254,28815.218490162562,25.661660790351355,29.468201192297062,-2.561584299299055,-28252.833333378254
94721,ANL_001,6,7,12,Analog + Bass (Static),ANL_004,0.9999999999969584,35.46347847104873,227228.6919553976,241419.4650203161,222.1212364915693,99.09516889900289,-249.0022749476545,227228.6919553976
94721,ANL_001,6,7,12,Analog + Bass (Adaptive),ANL_004,0.9999999999969584,35.46347847104873,227228.6919553976,241419.4650203161,222.1212364915693,99.09516889900289,-249.0022749476545,227228.6919553976
94721,ANL_001,9,10,15,Naive,ANL_004,0.9999999999969584,5.5651592581878955,36072.666666666664,40509.153722749295,24.505055593750562,28.7359962010375,-3.8299366725223,-36072.666666666664
94721,ANL_001,9,10,15,Bass-only,ANL_004,0.9999999999969584,41.7029685996946,270313.42959214543,290489.0423995686,208.2512865870966,95.14909146845062,-247.36740832521653,270313.42959214543
94721,ANL_001,9,10,15,Analog-only,ANL_004,0.9999999999969584,8.989374216572353,58268.000000044914,59291.514996710466,41.61826919431269,52.68177160997411,-9.347136790839674,-58268.000000044914
94721,ANL_001,9,10,15,Analog + Bass (Static),ANL_004,0.9999999999969584,41.331312691117525,267904.4024497374,288056.6154758786,206.43828048937712,94.70215981754939,-243.22538504059153,267904.4024497374
94721,ANL_001,9,10,15,Analog + Bass (Adaptive),ANL_004,0.9999999999969584,41.331312691117525,267904.4024497374,288056.6154758786,206.43828048937712,94.70215981754939,-243.22538504059153,267904.4024497374
94721,ANL_001,12,13,18,Naive,ANL_004,0.9999999999969584,5.829594828571896,43259.833333333336,48020.31374498366,23.47838790152553,27.197221188657956,-4.306679669345496,-43259.833333333336
94721,ANL_001,12,13,18,Bass-only,ANL_004,0.9999999999969584,33.769678393776324,250595.57344792492,276634.8065735564,151.5541283957039,79.52379246623288,-175.11101975769645,250595.57344792492
94721,ANL_001,12,13,18,Analog-only,ANL_004,0.9999999999969584,12.83272692377404,95228.16666671158,96038.50667783436,53.98606212315794,74.01796190999411,-20.225781211923085,-95228.16666671158
94721,ANL_001,12,13,18,Analog + Bass (Static),ANL_004,0.9999999999969584,33.32292781581385,247280.35924993208,273311.02410209225,149.60029426211904,78.8824371066695,-170.90447616999987,247280.35924993208
94721,ANL_001,12,13,18,Analog + Bass (Adaptive),ANL_004,0.9999999999969584,33.32292781581385,247280.35924993208,273311.02410209225,149.60029426211904,78.8824371066695,-170.90447616999987,247280.35924993208
94721,ANL_001,18,19,24,Naive,ANL_004,0.9999999999969584,4.943844940327375,50018.333333333336,58081.5152034908,18.642388183171402,21.104736840507265,-2.8702973615046967,-50018.333333333336
94721,ANL_001,18,19,24,Bass-only,ANL_004,0.9999999999969584,13.398187206167682,135553.40060809438,165991.71683178714,57.50427952538569,40.80023497115099,-30.611222562358122,117413.6822217346
94721,ANL_001,18,19,24,Analog-only,ANL_004,0.9999999999969584,17.12262830874389,173234.6666667116,174454.4786925289,68.13137550716154,103.36769998373659,-33.9166609337346,-173234.6666667116
94721,ANL_001,18,19,24,Analog + Bass (Static),ANL_004,0.9999999999969584,13.036268617564597,131891.76380055325,161859.29797921117,55.9250621115995,40.01546411547862,-29.056870744899477,112686.93985176213
94721,ANL_001,18,19,24,Analog + Bass (Adaptive),ANL_004,0.9999999999969584,13.036268617564597,131891.76380055325,161859.29797921117,55.9250621115995,40.01546411547862,-29.056870744899477,112686.93985176213
94721,ANL_002,6,7,12,Naive,ANL_003,0.9999999999966309,2.0573082951181285,14176.5,16105.386381580542,12.417102496570246,13.449794710040083,-3.4407131868349303,-14176.5
94721,ANL_002,6,7,12,Bass-only,ANL_003,0.9999999999966309,47.472264339431305,327121.87911015324,340120.3707875306,302.07197108021836,116.90197735600564,-1979.5039604393407,327121.87911015324
94721,ANL_002,6,7,12,Analog-only,ANL_003,0.9999999999966309,6.041852905324742,41633.20000001173,42075.670386273334,37.848588677561814,47.04199071687135,-29.30906338974311,-41633.20000001173
94721,ANL_002,6,7,12,Analog + Bass (Static),ANL_003,0.9999999999966309,47.97507239062054,330586.628829288,343640.64746117074,305.2547224470547,117.41408399030912,-2020.7129117856268,330586.628829288
94721,ANL_002,6,7,12,Analog + Bass (Adaptive),ANL_003,0.9999999999966309,47.97507239062054,330586.628829288,343640.64746117074,305.2547224470547,117.41408399030912,-2020.7129117856268,330586.628829288
94721,ANL_002,9,10,15,Naive,ANL_003,0.9999999999966309,1.460589604344453,9413.5,10282.76816653311,7.6794459064113765,7.967548923526942,-0.6499654042387597,-6453.833333333333
94721,ANL_002,9,10,15,Bass-only,ANL_003,0.9999999999966309,58.72494097930552,378482.2446116241,395473.73486539605,322.6483887775665,119.61795378697191,-2439.5630974741316,378482.2446116241
94721,ANL_002,9,10,15,Analog-only,ANL_003,0.9999999999966309,7.915676234809164,51016.53333334506,51574.91021793301,42.66087533627014,54.63075336013856,-40.50799069241715,-51016.53333334506
94721,ANL_002,9,10,15,Analog + Bass (Static),ANL_003,0.9999999999966309,60.53938854482299,390176.3591713842,407401.39103734406,332.5643222980823,121.08061832629198,-2589.000002436005,390176.3591713842
94721,ANL_002,9,10,15,Analog + Bass (Adaptive),ANL_003,0.9999999999966309,60.53938854482299,390176.3591713842,407401.39103734406,332.5643222980823,121.08061832629198,-2589.000002436005,390176.3591713842
94721,ANL_002,12,13,18,Naive,ANL_003,0.9999999999966309,2.2051908370213757,15265.333333333334,21311.972097078833,9.938529672101842,10.948104859659512,-0.8866202482738235,-14610.0
94721,ANL_002,12,13,18,Bass-only,ANL_003,0.9999999999966309,48.73209412955625,337345.7065166654,359099.46386322216,253.20004422295162,105.95327765043672,-534.6322613920918,337345.7065166654
94721,ANL_002,12,13,18,Analog-only,ANL_003,0.9999999999966309,10.184494464655588,70501.70000001173,70811.14774964219,50.705300273876105,68.01127538248889,-19.82766007212066,-70501.70000001173
94721,ANL_002,12,13,18,Analog + Bass (Static),ANL_003,0.9999999999966309,52.16925802600241,361139.3173550914,383333.23398389237,270.8261001372227,109.34263833163205,-609.365755519831,361139.3173550914
94721,ANL_002,12,13,18,Analog + Bass (Adaptive),ANL_003,0.9999999999966309,52.16925802600241,361139.3173550914,383333.23398389237,270.8261001372227,109.34263833163205,-609.365755519831,361139.3173550914
94721,ANL_002,18,19,24,Naive,ANL_003,0.9999999999966309,1.2590848561456074,9492.166666666666,14935.664235870685,5.044831105341776,5.357419025293666,-0.5595854701762952,-8946.5
94721,ANL_002,18,19,24,Bass-only,ANL_003,0.9999999999966309,23.809427059541555,179497.87004735088,203283.6721062217,105.95017259069921,64.16535840258634,-287.91167436472625,179497.87004735088
94721,ANL_002,18,19,24,Analog-only,ANL_003,0.9999999999966309,14.02467502067851,105731.20000001171,106010.14495064059,60.64281520445206,87.28232043766066,-77.56967441859781,-105731.20000001171
94721,ANL_002,18,19,24,Analog + Bass (Static),ANL_003,0.9999999999966309,28.89834289846728,217862.9072090214,241734.8217652198,128.2594527934397,73.05798668821315,-407.543708104307,217862.9072090214
94721,ANL_002,18,19,24,Analog + Bass (Adaptive),ANL_003,0.9999999999966309,28.89834289846728,217862.9072090214,241734.8217652198,128.2594527934397,73.05798668821315,-407.543708104307,217862.9072090214
94721,ANL_003,6,7,12,Naive,ANL_004,0.9999999999975251,8.474096958174904,35659.0,40070.83658556016,44.42785688220849,58.92148181297997,-3.805851883327697,-35659.0
94721,ANL_003,6,7,12,Bass-only,ANL_004,0.9999999999975251,18.3985316748831,77421.02128790808,91141.52333205614,125.11397380719751,66.12810792393894,-23.86257628491653,77421.02128790808
94721,ANL_003,6,7,12,Analog-only,ANL_004,0.9999999999975251,3.208555133076713,13501.599999986807,15501.734161468168,21.449931899720497,18.569123696644105,0.2807595031625013,13061.333333315857
94721,ANL_003,6,7,12,Analog + Bass (Static),ANL_004,0.9999999999975251,17.826814694172775,75015.23623307903,88851.80684483629,121.56125957085086,64.76680538707271,-22.629040689914984,75015.23623307903
94721,ANL_003,6,7,12,Analog + Bass (Adaptive),ANL_004,0.9999999999975251,17.826814694172775,75015.23623307903,88851.80684483629,121.56125957085086,64.76680538707271,-22.629040689914984,75015.23623307903
94721,ANL_003,9,10,15,Naive,ANL_004,0.9999999999975251,7.86581970066133,45197.0,51149.56182282177,38.62747029787401,49.36593467702999,-3.561878344505476,-45197.0
94721,ANL_003,9,10,15,Bass-only,ANL_004,0.9999999999975251,18.262281477295016,104935.06936853715,124151.67865374003,112.8007022097689,62.66498594402519,-25.876026222583633,103332.06419002014
94721,ANL_003,9,10,15,Analog-only,ANL_004,0.9999999999975251,3.7251421278601016,21404.666666684145,25928.081307352342,17.80422416258989,20.04661815483465,-0.17219704964666804,-21404.666666684145
94721,ANL_003,9,10,15,Analog + Bass (Static),ANL_004,0.9999999999975251,17.16470004144444,98628.36643813975,116349.43875832179,105.84822603430804,60.52768593688166,-22.604154547184496,95087.63748573518
94721,ANL_003,9,10,15,Analog + Bass (Adaptive),ANL_004,0.9999999999975251,17.16470004144444,98628.36643813975,116349.43875832179,105.84822603430804,60.52768593688166,-22.604154547184496,95087.63748573518
94721,ANL_003,12,13,18,Naive,ANL_004,0.9999999999975251,5.699016654351162,45574.0,54854.304850819746,26.995942822150326,32.957929787540465,-2.2285168444542016,-45574.0
94721,ANL_003,12,13,18,Bass-only,ANL_004,0.9999999999975251,13.878731984003167,110985.69627025805,136498.50143037055,87.30046730003389,52.06778183928723,-18.99113223848359,103912.65177505188
94721,ANL_003,12,13,18,Analog-only,ANL_004,0.9999999999975251,7.9755054093506,63778.66666668414,67063.33458566446,40.870590308291995,51.74182965226892,-3.8256065923030844,-63778.66666668414
94721,ANL_003,12,13,18,Analog + Bass (Static),ANL_004,0.9999999999975251,12.278856814833055,98191.78542879906,121634.66058796653,77.2933983460866,48.18875973211363,-14.874363482435909,87288.8146623113
94721,ANL_003,12,13,18,Analog + Bass (Adaptive),ANL_004,0.9999999999975251,12.278856814833055,98191.78542879906,121634.66058796653,77.2933983460866,48.18875973211363,-14.874363482435909,87288.8146623113
94721,ANL_003,18,19,24,Naive,ANL_004,0.9999999999975251,3.440524099204492,36762.0,43134.749893019354,14.899427196232276,16.501074930756875,-2.654252737828507,-36762.0
94721,ANL_003,18,19,24,Bass-only,ANL_004,0.9999999999975251,7.480459645183618,79928.71130878697,95341.88012086335,35.44178145668419,30.440023238984278,-16.85300950899328,37072.89381285137
94721,ANL_003,18,19,24,Analog-only,ANL_004,0.9999999999975251,13.727717984715406,146680.66666668412,147223.3748843971,62.54852424602664,91.03623799429,-41.569402131118025,-146680.66666668412
94721,ANL_003,18,19,24,Analog + Bass (Static),ANL_004,0.9999999999975251,6.398510287991038,68368.08242718424,81453.58546680368,29.586222055551108,28.188785936885267,-12.03060033728353,8813.812773452582
94721,ANL_003,18,19,24,Analog + Bass (Adaptive),ANL_004,0.9999999999975251,6.398510287991038,68368.08242718424,81453.58546680368,29.586222055551108,28.188785936885267,-12.03060033728353,8813.812773452582
94721,ANL_004,6,7,12,Naive,ANL_003,0.9999999999975251,6.401509143565432,72648.16666666667,85044.2168002426,38.180961824655654,49.69140837335002,-2.6999472334684467,-72648.16666666667
94721,ANL_004,6,7,12,Bass-only,ANL_003,0.9999999999975251,16.596559498426103,188347.71512383848,220747.36381185582,136.4255797824826,68.86342934551945,-23.92854956296152,188347.71512383848
94721,ANL_004,6,7,12,Analog-only,ANL_003,0.9999999999975251,8.066457536613703,91543.00000001428,98509.2834533,51.21639305059119,69.70592320118834,-3.9643258337557032,-91543.00000001428
94721,ANL_004,6,7,12,Analog + Bass (Static),ANL_003,0.9999999999975251,16.010341437834118,181694.96084140427,214397.8982734748,132.05713106001792,67.2874930376568,-22.515109528360274,181694.96084140427
94721,ANL_004,6,7,12,Analog + Bass (Adaptive),ANL_003,0.9999999999975251,16.010341437834118,181694.96084140427,214397.8982734748,132.05713106001792,67.2874930376568,-22.515109528360274,181694.96084140427
94721,ANL_004,9,10,15,Naive,ANL_003,0.9999999999975251,6.0269409351042,93025.83333333333,109841.82519347234,32.38975262927615,40.771675667294154,-2.5367159125347194,-93025.83333333333
94721,ANL_004,9,10,15,Bass-only,ANL_003,0.9999999999975251,15.42968557073416,238157.19678428175,290295.2500190009,113.01119364759398,60.4598080695096,-23.702707402697023,238157.19678428175
94721,ANL_004,9,10,15,Analog-only,ANL_003,0.9999999999975251,11.574840729943697,178657.66666668095,185677.56504960894,68.0342758648266,103.46773273051417,-9.106099255772287,-178657.66666668095
94721,ANL_004,9,10,15,Analog + Bass (Static),ANL_003,0.9999999999975251,14.263175857664086,220152.11936304517,271809.70477027976,105.06469964301128,57.42346497767754,-20.656816292302345,218464.48254914503
94721,ANL_004,9,10,15,Analog + Bass (Adaptive),ANL_003,0.9999999999975251,14.263175857664086,220152.11936304517,271809.70477027976,105.06469964301128,57.42346497767754,-20.656816292302345,218464.48254914503
94721,ANL_004,12,13,18,Naive,ANL_003,0.9999999999975251,6.375876004987317,116839.66666666667,131456.45874204888,30.451017292626542,37.04308089948231,-3.7614786999290066,-116839.66666666667
94721,ANL_004,12,13,18,Bass-only,ANL_003,0.9999999999975251,13.496398466514503,247325.1827348237,300832.17810229363,78.56307998379553,49.46116169442589,-23.935987096070416,229909.35659534772
94721,ANL_004,12,13,18,Analog-only,ANL_003,0.9999999999975251,15.310522477652112,280569.5000000143,285516.73468430527,77.48945296203938,126.58336796316097,-21.46162253049819,-280569.5000000143
94721,ANL_004,12,13,18,Analog + Bass (Static),ANL_003,0.9999999999975251,11.93209675402524,218658.9272257182,267446.73178618954,69.40447297973373,45.62159388692766,-18.708454933647975,192661.7027605779
94721,ANL_004,12,13,18,Analog + Bass (Adaptive),ANL_003,0.9999999999975251,11.93209675402524,218658.9272257182,267446.73178618954,69.40447297973373,45.62159388692766,-18.708454933647975,192661.7027605779
94721,ANL_004,18,19,24,Naive,ANL_003,0.9999999999975251,3.906661444190655,104433.33333333333,114030.08472182535,17.918806062261762,20.000622529408805,-5.202059458943783,-104433.33333333333
94721,ANL_004,18,19,24,Bass-only,ANL_003,0.9999999999975251,6.58738564404818,176094.76802324233,213382.36665875991,33.00758339284335,28.408451427970306,-20.71771285908807,73499.67556447873
94721,ANL_004,18,19,24,Analog-only,ANL_003,0.9999999999975251,18.133511645681942,484747.16666668095,486315.380436873,85.81485437851185,150.31957262301788,-111.80621861940388,-484747.16666668095
94721,ANL_004,18,19,24,Analog + Bass (Static),ANL_003,0.9999999999975251,6.0560136224758985,161890.0686282166,184185.87027829114,29.554335357435185,28.489680807170913,-15.181160007638475,6709.219079945072
94721,ANL_004,18,19,24,Analog + Bass (Adaptive),ANL_003,0.9999999999975251,6.0560136224758985,161890.0686282166,184185.87027829114,29.554335357435185,28.489680807170913,-15.181160007638475,6709.219079945072
94721,ANL_005,6,7,12,Naive,ANL_008,0.9999999999969416,4.2187708750835,23156.833333333332,26807.250291043776,14.039157541092365,15.430529435866767,-2.9400718236649617,-23156.833333333332
94721,ANL_005,6,7,12,Bass-only,ANL_008,0.9999999999969416,86.4302085071351,474415.4144956646,494072.63466457766,309.56669125114604,117.49585277381375,-1337.385431194108,474415.4144956646
94721,ANL_005,6,7,12,Analog-only,ANL_008,0.9999999999969416,16.742606424968,91900.16666664934,91996.03897496602,58.440327419396986,82.74065976825979,-45.40212367999963,-91900.16666664934
94721,ANL_005,6,7,12,Analog + Bass (Static),ANL_008,0.9999999999969416,88.27847261953848,484560.53620864666,504376.0841709191,316.1374565784429,118.51989661282573,-1393.7891853974227,484560.53620864666
94721,ANL_005,6,7,12,Analog + Bass (Adaptive),ANL_008,0.9999999999969416,88.27847261953848,484560.53620864666,504376.0841709191,316.1374565784429,118.51989661282573,-1393.7891853974227,484560.53620864666
94721,ANL_005,9,10,15,Naive,ANL_008,0.9999999999969416,5.893162130193697,35913.666666666664,37452.24580271077,19.641469887865448,21.940419168065965,-11.42629237694049,-35913.666666666664
94721,ANL_005,9,10,15,Bass-only,ANL_008,0.9999999999969416,85.91174655569573,523556.9224787292,548301.7699575793,296.8647713765521,115.56236122388877,-2662.3309344878858,523556.9224787292
94721,ANL_005,9,10,15,Analog-only,ANL_008,0.9999999999969416,18.73361639283452,114164.99999998267,114245.61245513709,63.55267945272548,93.41162315958482,-114.62850171322125,-114164.99999998267
94721,ANL_005,9,10,15,Analog + Bass (Static),ANL_008,0.9999999999969416,91.12971856094681,555355.89612523,580720.8345995656,314.7966492706084,118.43392863721154,-2986.5876321206606,555355.89612523
94721,ANL_005,9,10,15,Analog + Bass (Adaptive),ANL_008,0.9999999999969416,91.12971856094681,555355.89612523,580720.8345995656,314.7966492706084,118.43392863721154,-2986.5876321206606,555355.89612523
94721,ANL_005,12,13,18,Naive,ANL_008,0.9999999999969416,3.0062223046641523,22099.833333333332,24563.49282641484,10.881950321697008,11.63797778398622,-4.24836303951497,-22099.833333333332
94721,ANL_005,12,13,18,Bass-only,ANL_008,0.9999999999969416,66.09569932903315,485893.52056747867,513527.1316462977,249.2193487730025,106.82548781388894,-2292.878511125298,485893.52056747867
94721,ANL_005,12,13,18,Analog-only,ANL_008,0.9999999999969416,18.018856530429016,132463.1666666493,132577.12295923734,66.88709297559828,100.76423435239701,-151.89060717175136,-132463.1666666493
94721,ANL_005,12,13,18,Analog + Bass (Static),ANL_008,0.9999999999969416,72.9572678448929,536335.4058433876,565027.3954939018,274.957507749775,111.74487585115233,-2776.043197592724,536335.4058433876
94721,ANL_005,12,13,18,Analog + Bass (Adaptive),ANL_008,0.9999999999969416,72.9572678448929,536335.4058433876,565027.3954939018,274.957507749775,111.74487585115233,-2776.043197592724,536335.4058433876
94721,ANL_005,18,19,24,Naive,ANL_008,0.9999999999969416,3.6375444526339042,28740.666666666668,32171.672337632685,11.784548516956422,12.673331416288356,-3.9524552649628317,-28740.666666666668
94721,ANL_005,18,19,24,Bass-only,ANL_008,0.9999999999969416,34.017919696041936,268779.58562662685,300399.7998673555,115.80799341206487,68.47972882932794,-430.78998556042046,268779.58562662685
94721,ANL_005,18,19,24,Analog-only,ANL_008,0.9999999999969416,21.745024903399408,171809.99999998265,172021.6167719842,72.34787811199098,113.56820102442371,-140.59220266379975,-171809.99999998265
94721,ANL_005,18,19,24,Analog + Bass (Static),ANL_008,0.9999999999969416,44.0006589219742,347654.3826906266,379971.1067751681,149.40569118461121,80.69716706795896,-689.8351639588199,347654.3826906266
94721,ANL_005,18,19,24,Analog + Bass (Adaptive),ANL_008,0.9999999999969416,44.0006589219742,347654.3826906266,379971.1067751681,149.40569118461121,80.69716706795896,-689.8351639588199,347654.3826906266
94721,ANL_006,6,7,12,Naive,ANL_008,0.9999999999944444,3.459109709369078,16670.833333333332,18725.362146030715,15.05757923496637,16.597835173335902,-3.8216050157560026,-16670.833333333332
94721,ANL_006,6,7,12,Bass-only,ANL_008,0.9999999999944444,64.112804654035,308985.2507496563,321580.9794647773,297.3805641398846,115.86137282880549,-1421.040240859236,308985.2507496563
94721,ANL_006,6,7,12,Analog-only,ANL_008,0.9999999999944444,6.9730602702951066,33605.966666660235,34457.40077902306,31.57258117334979,37.860117285242886,-15.326617095899842,-33605.966666660235
94721,ANL_006,6,7,12,Analog + Bass (Static),ANL_008,0.9999999999944444,64.73687634050161,311992.9018354134,324635.8222859746,300.2559129025328,116.33409296514915,-1448.1857689077774,311992.9018354134
94721,ANL_006,6,7,12,Analog + Bass (Adaptive),ANL_008,0.9999999999944444,64.73687634050161,311992.9018354134,324635.8222859746,300.2559129025328,116.33409296514915,-1448.1857689077774,311992.9018354134
94721,ANL_006,9,10,15,Naive,ANL_008,0.9999999999944444,1.247038120766917,7618.0,9879.252316513297,6.084739817017982,6.353635544362511,-0.39194255784762055,-5242.333333333333
94721,ANL_006,9,10,15,Bass-only,ANL_008,0.9999999999944444,57.88984155804212,353641.80584788456,370282.21448971564,302.6326259330717,116.41581430641833,-1954.4146435381354,353641.80584788456
94721,ANL_006,9,10,15,Analog-only,ANL_008,0.9999999999944444,7.613753214243252,46511.46666666024,46733.72700251989,39.104021793935686,48.83144057937429,-30.148274472236878,-46511.46666666024
94721,ANL_006,9,10,15,Analog + Bass (Static),ANL_008,0.9999999999944444,59.281369621382964,362142.47684582585,378947.6443886686,309.86519398066116,117.57175056750296,-2047.007684720988,362142.47684582585
94721,ANL_006,9,10,15,Analog + Bass (Adaptive),ANL_008,0.9999999999944444,59.281369621382964,362142.47684582585,378947.6443886686,309.86519398066116,117.57175056750296,-2047.007684720988,362142.47684582585
94721,ANL_006,12,13,18,Naive,ANL_008,0.9999999999944444,4.22673736836385,22391.333333333332,24060.68929464269,16.21298521029039,17.840045973623305,-6.465562722545445,-22391.333333333332
94721,ANL_006,12,13,18,Bass-only,ANL_008,0.9999999999944444,60.74471639806004,321797.89624219574,340937.4865206797,244.14935019100534,105.39208183584702,-1497.9803126162128,321797.89624219574
94721,ANL_006,12,13,18,Analog-only,ANL_008,0.9999999999944444,11.708151859922479,62024.46666666024,62276.05200352584,46.079834769023414,60.11711525283426,-49.013651547299474,-62024.46666666024
94721,ANL_006,12,13,18,Analog + Bass (Static),ANL_008,0.9999999999944444,64.54545539940676,341932.4838626937,361475.630687293,259.3153874603341,108.42752212425381,-1684.017699190028,341932.4838626937
94721,ANL_006,12,13,18,Analog + Bass (Adaptive),ANL_008,0.9999999999944444,64.54545539940676,341932.4838626937,361475.630687293,259.3153874603341,108.42752212425381,-1684.017699190028,341932.4838626937
94721,ANL_006,18,19,24,Naive,ANL_008,0.9999999999944444,2.4768400791128062,16501.0,18874.909986540333,9.940972828941918,10.615303034447987,-3.2422661409144213,-16501.0
94721,ANL_006,18,19,24,Bass-only,ANL_008,0.9999999999944444,26.976013582366612,179717.3761343831,201056.4503540273,114.34262806797713,67.82145441254565,-480.35352222657366,179717.3761343831
94721,ANL_006,18,19,24,Analog-only,ANL_008,0.9999999999944444,13.234100327281181,88167.13333332691,88450.64798827382,54.78646028597649,75.7291979730753,-92.16014807692473,-88167.13333332691
94721,ANL_006,18,19,24,Analog + Bass (Static),ANL_008,0.9999999999944444,32.03851800160164,213444.37616408206,235013.0138750282,135.54502205276424,75.8881614000101,-656.6759434604005,213444.37616408206
94721,ANL_006,18,19,24,Analog + Bass (Adaptive),ANL_008,0.9999999999944444,32.03851800160164,213444.37616408206,235013.0138750282,135.54502205276424,75.8881614000101,-656.6759434604005,213444.37616408206
94721,ANL_007,6,7,12,Naive,ANL_009,0.9999999999883165,2.7295991085542513,7022.166666666667,7936.0635183109935,10.5856379413619,11.33125543259207,-3.6071555665444306,-7022.166666666667
94721,ANL_007,6,7,12,Bass-only,ANL_009,0.9999999999883165,78.44985582695772,201820.09910043143,209544.27643707726,318.5557502950864,119.56916020879702,-3210.990206693302,201820.09910043143
94721,ANL_007,6,7,12,Analog-only,ANL_009,0.9999999999883165,2.6896784057603096,6919.466666658972,8193.273018752481,10.725462478150506,10.747715615762354,-3.9106327998797594,455.5333332849453
94721,ANL_007,6,7,12,Analog + Bass (Static),ANL_009,0.9999999999883165,80.14593437755828,206183.43077970642,213979.6356894846,325.4119354146065,120.59743514607828,-3348.403688698797,206183.43077970642
94721,ANL_007,6,7,12,Analog + Bass (Adaptive),ANL_009,0.9999999999883165,80.14593437755828,206183.43077970642,213979.6356894846,325.4119354146065,120.59743514607828,-3348.403688698797,206183.43077970642
94721,ANL_007,9,10,15,Naive,ANL_009,0.9999999999883165,4.852469997209043,10866.5,12327.710445712673,14.249496360275819,15.636868392156837,-3.4840710845183276,-10866.5
94721,ANL_007,9,10,15,Bass-only,ANL_009,0.9999999999883165,99.61810549827432,223082.29500019806,233761.33892727084,313.01698137400894,117.60938368664891,-1611.3265695736416,223082.29500019806
94721,ANL_007,9,10,15,Analog-only,ANL_009,0.9999999999883165,4.30283747326627,9635.666666695653,10665.338501928272,13.6256891972857,14.924083349474278,-2.3562702724257125,-8440.800000048388
94721,ANL_007,9,10,15,Analog + Bass (Static),ANL_009,0.9999999999883165,105.32903061583814,235871.19793534253,246797.27880435842,330.82974879789504,120.30054564703458,-1796.1667386379133,235871.19793534253
94721,ANL_007,9,10,15,Analog + Bass (Adaptive),ANL_009,0.9999999999883165,105.32903061583814,235871.19793534253,246797.27880435842,330.82974879789504,120.30054564703458,-1796.1667386379133,235871.19793534253
94721,ANL_007,12,13,18,Naive,ANL_009,0.9999999999883165,6.396147764841167,14832.666666666666,15584.49448436918,17.460049121008648,19.275781908209037,-9.620583307696787,-14832.666666666666
94721,ANL_007,12,13,18,Bass-only,ANL_009,0.9999999999883165,86.14164716502397,199762.4797756906,211545.373173325,244.06813074659772,105.5119935320514,-1955.9061263078638,199762.4797756906
94721,ANL_007,12,13,18,Analog-only,ANL_009,0.9999999999883165,8.045263763137152,18656.966666715056,20047.481504211013,22.7966438993819,26.4278110461241,-16.57448363460128,-18656.966666715056
94721,ANL_007,12,13,18,Analog + Bass (Static),ANL_009,0.9999999999883165,96.07537784826486,222798.8012301262,235053.67320817502,272.0332151134101,110.95784263241349,-2415.0004752876334,222798.8012301262
94721,ANL_007,12,13,18,Analog + Bass (Adaptive),ANL_009,0.9999999999883165,96.07537784826486,222798.8012301262,235053.67320817502,272.0332151134101,110.95784263241349,-2415.0004752876334,222798.8012301262
94721,ANL_007,18,19,24,Naive,ANL_009,0.9999999999883165,3.1381762184384625,8770.833333333334,10895.971266176013,8.807971699912752,9.279222461848828,-0.28615653715275946,-5139.5
94721,ANL_007,18,19,24,Bass-only,ANL_009,0.9999999999883165,41.94233228873058,117223.88435496802,131441.90435152611,131.14669300935654,72.88308941293828,-186.1671451301213,117223.88435496802
94721,ANL_007,18,19,24,Analog-only,ANL_009,0.9999999999883165,10.421118430762583,29125.800000048388,29872.381739036988,31.251695839957677,37.54916439702769,-8.667220662784786,-29125.800000048388
94721,ANL_007,18,19,24,Analog + Bass (Static),ANL_009,0.9999999999883165,52.533365119905696,146824.57511423997,161243.76674734178,163.51888478623448,83.71660759903422,-280.6617030039652,146824.57511423997
94721,ANL_007,18,19,24,Analog + Bass (Adaptive),ANL_009,0.9999999999883165,52.533365119905696,146824.57511423997,161243.76674734178,163.51888478623448,83.71660759903422,-280.6617030039652,146824.57511423997
94721,ANL_008,6,7,12,Naive,ANL_005,0.9999999999969416,8.056503547740244,27856.166666666668,29209.135891018756,19.70815823112679,22.042704250654563,-10.050384159927168,-27856.166666666668
94721,ANL_008,6,7,12,Bass-only,ANL_005,0.9999999999969416,116.53665954317844,402937.1540364938,419229.57778535236,296.0562814232892,115.86177949204155,-2275.3749051475693,402937.1540364938
94721,ANL_008,6,7,12,Analog-only,ANL_005,0.9999999999969416,18.17905483572223,62855.899999993184,62950.76794548115,45.41648984884317,58.936004091824024,-50.326544024813856,-62855.899999993184
94721,ANL_008,6,7,12,Analog + Bass (Static),ANL_005,0.9999999999969416,118.15374415659956,408528.38579585863,424909.6145092234,300.14209435258164,116.53414668850878,-2337.476844954928,408528.38579585863
94721,ANL_008,6,7,12,Analog + Bass (Adaptive),ANL_005,0.9999999999969416,118.15374415659956,408528.38579585863,424909.6145092234,300.14209435258164,116.53414668850878,-2337.476844954928,408528.38579585863
94721,ANL_008,9,10,15,Naive,ANL_005,0.9999999999969416,2.0292320477098302,12107.666666666666,14197.999143071767,7.67499695482512,8.08363288867794,-1.7013593321992238,-11267.666666666666
94721,ANL_008,9,10,15,Bass-only,ANL_005,0.9999999999969416,77.84068679369463,464446.1878404282,485650.25949728367,309.7219439625236,117.76405538053183,-3159.6420695933152,464446.1878404282
94721,ANL_008,9,10,15,Analog-only,ANL_005,0.9999999999969416,12.856916598578456,76712.39999999318,76825.8130397956,50.35200648561068,67.49417718981596,-78.09379179018453,-76712.39999999318
94721,ANL_008,9,10,15,Analog + Bass (Static),ANL_005,0.9999999999969416,79.6751914045081,475391.9889139231,496812.65516433655,316.98645066941646,118.89298745915886,-3306.602916058972,475391.9889139231
94721,ANL_008,9,10,15,Analog + Bass (Adaptive),ANL_005,0.9999999999969416,79.6751914045081,475391.9889139231,496812.65516433655,316.98645066941646,118.89298745915886,-3306.602916058972,475391.9889139231
94721,ANL_008,12,13,18,Naive,ANL_005,0.9999999999969416,3.8241284730793494,21124.833333333332,24066.363286407304,11.96631525737833,12.944020368191927,-3.3570628044145296,-21124.833333333332
94721,ANL_008,12,13,18,Bass-only,ANL_005,0.9999999999969416,76.91078331360106,424862.1589137244,449791.21830826375,255.56084123302946,107.51419998237182,-1520.9305255393185,424862.1589137244
94721,ANL_008,12,13,18,Analog-only,ANL_005,0.9999999999969416,17.11803231026509,94561.56666665984,94685.34277943289,55.53553787460057,77.03171065209506,-66.44323525028634,-94561.56666665984
94721,ANL_008,12,13,18,Analog + Bass (Static),ANL_005,0.9999999999969416,80.66106769734945,445579.07078449446,470927.2278673481,267.9281172010294,109.88671007546176,-1667.3243391784147,445579.07078449446
94721,ANL_008,12,13,18,Analog + Bass (Adaptive),ANL_005,0.9999999999969416,80.66106769734945,445579.07078449446,470927.2278673481,267.9281172010294,109.88671007546176,-1667.3243391784147,445579.07078449446
94721,ANL_008,18,19,24,Naive,ANL_005,0.9999999999969416,3.21248144236803,20577.833333333332,23154.199579485936,9.728464851938217,10.3530288471892,-3.7583050180804927,-20577.833333333332
94721,ANL_008,18,19,24,Bass-only,ANL_005,0.9999999999969416,36.27627917664761,232370.90711417896,259742.3418955271,115.38063565632044,68.25559807142346,-597.7950986855409,232370.90711417896
94721,ANL_008,18,19,24,Analog-only,ANL_005,0.9999999999969416,20.328900622923157,130218.56666665986,130342.45491368075,63.200901523113615,92.57660843288717,-149.78721702233753,-130218.56666665986
94721,ANL_008,18,19,24,Analog + Bass (Static),ANL_005,0.9999999999969416,41.91863738335386,268513.5304623717,296126.3202936921,133.1217036078202,75.02846593482205,-777.2995030542231,268513.5304623717
94721,ANL_008,18,19,24,Analog + Bass (Adaptive),ANL_005,0.9999999999969416,41.91863738335386,268513.5304623717,296126.3202936921,133.1217036078202,75.02846593482205,-777.2995030542231,268513.5304623717
94721,ANL_009,6,7,12,Naive,ANL_010,0.9999999999976261,5.172168974085907,25254.666666666668,30867.383136033197,27.233884973431493,33.38400970098481,-2.024774452467812,-25254.666666666668
94721,ANL_009,6,7,12,Bass-only,ANL_010,0.9999999999976261,30.07979328255226,146873.61464004617,159770.2553173727,202.6038224085247,91.22928202495109,-80.03734977620627,146873.61464004617
94721,ANL_009,6,7,12,Analog-only,ANL_010,0.9999999999976261,2.595518964523157,12673.399999973672,15596.478443944676,18.46911814141242,16.042370799592607,0.22777035486151087,12374.933333299921
94721,ANL_009,6,7,12,Analog + Bass (Static),ANL_010,0.9999999999976261,29.743392078529393,145231.03484104332,158132.80841354263,200.43939332484837,90.67849066334269,-78.3847971035888,145231.03484104332
94721,ANL_009,6,7,12,Analog + Bass (Adaptive),ANL_010,0.9999999999976261,29.743392078529393,145231.03484104332,158132.80841354263,200.43939332484837,90.67849066334269,-78.3847971035888,145231.03484104332
94721,ANL_009,9,10,15,Naive,ANL_010,0.9999999999976261,7.219350502550942,39385.166666666664,44677.18244809088,31.592044153637506,38.89693471211705,-3.486925932736905,-39385.166666666664
94721,ANL_009,9,10,15,Bass-only,ANL_010,0.9999999999976261,30.436796966655997,166047.9458515918,185170.22750499527,161.61410129455228,80.11448338877204,-76.07608864020749,166047.9458515918
94721,ANL_009,9,10,15,Analog-only,ANL_010,0.9999999999976261,3.964017963526788,21625.70000002039,25104.534649234018,17.221892673464634,19.269573709178204,-0.4167124098012538,-20985.56666670008
94721,ANL_009,9,10,15,Analog + Bass (Static),ANL_010,0.9999999999976261,29.606416076005523,161517.80290264814,180677.20054058914,157.41412679689145,78.79554890733279,-72.38107217130461,161517.80290264814
94721,ANL_009,9,10,15,Analog + Bass (Adaptive),ANL_010,0.9999999999976261,29.606416076005523,161517.80290264814,180677.20054058914,157.41412679689145,78.79554890733279,-72.38107217130461,161517.80290264814
94721,ANL_009,12,13,18,Naive,ANL_010,0.9999999999976261,6.179023516401158,40973.666666666664,44016.24286934692,26.9523909571642,31.684646430859694,-6.492333622535811,-40973.666666666664
94721,ANL_009,12,13,18,Bass-only,ANL_010,0.9999999999976261,24.728223407138717,163975.09743304658,185740.8936823118,119.74540816443862,68.04519582593583,-132.4154822868148,163975.09743304658
94721,ANL_009,12,13,18,Analog-only,ANL_010,0.9999999999976261,7.822553992675015,51872.066666700084,52605.58051946642,35.06235524928118,42.59301907305842,-9.701750064693181,-51872.066666700084
94721,ANL_009,12,13,18,Analog + Bass (Static),ANL_010,0.9999999999976261,23.183726322215843,153733.39685409708,175616.43018421694,112.50871426951659,65.1412788230028,-118.26731946712111,153733.39685409708
94721,ANL_009,12,13,18,Analog + Bass (Adaptive),ANL_010,0.9999999999976261,23.183726322215843,153733.39685409708,175616.43018421694,112.50871426951659,65.1412788230028,-118.26731946712111,153733.39685409708
94721,ANL_009,18,19,24,Naive,ANL_010,0.9999999999976261,7.657991969694677,59536.833333333336,65862.90389260609,25.29140565996974,29.63172650226164,-4.468284373518412,-59536.833333333336
94721,ANL_009,18,19,24,Bass-only,ANL_010,0.9999999999976261,12.133609626187926,94332.39116792667,117826.56894117374,46.022246583457175,34.87152690630232,-16.500715499475977,65754.12396105027
94721,ANL_009,18,19,24,Analog-only,ANL_010,0.9999999999976261,16.677564325675547,129659.23333336673,131406.32032096136,57.403671213372654,80.62539185929175,-20.76716405155949,-129659.23333336673
94721,ANL_009,18,19,24,Analog + Bass (Static),ANL_010,0.9999999999976261,10.96451138508325,85243.27127770075,105117.74497450185,41.192757636467206,32.97477172693184,-12.929047304205303,48070.98052409841
94721,ANL_009,18,19,24,Analog + Bass (Adaptive),ANL_010,0.9999999999976261,10.96451138508325,85243.27127770075,105117.74497450185,41.192757636467206,32.97477172693184,-12.929047304205303,48070.98052409841
94721,ANL_010,6,7,12,Naive,ANL_009,0.9999999999976261,6.59600063734863,41396.5,46113.15597346741,31.697630122722487,38.72662354343666,-4.151806176538214,-41396.5
94721,ANL_010,6,7,12,Bass-only,ANL_009,0.9999999999976261,34.46477514923775,216300.92883661613,233285.54684205906,191.98464946185823,90.53963821135845,-130.85162571254725,216300.92883661613
94721,ANL_010,6,7,12,Analog-only,ANL_009,0.9999999999976261,2.3246547694999444,14589.533333381652,17604.57874801836,10.899814421508939,11.679050458364033,0.2491363194013536,-12664.466666739972
94721,ANL_010,6,7,12,Analog + Bass (Static),ANL_009,0.9999999999976261,34.14781810061986,214311.7063994902,231293.9224815023,190.2750833043494,90.08415325447402,-128.609926876992,214311.7063994902
94721,ANL_010,6,7,12,Analog + Bass (Adaptive),ANL_009,0.9999999999976261,34.14781810061986,214311.7063994902,231293.9224815023,190.2750833043494,90.08415325447402,-128.609926876992,214311.7063994902
94721,ANL_010,9,10,15,Naive,ANL_009,0.9999999999976261,5.382638466896889,45396.5,53070.8379982202,25.664758897531886,30.63264648884451,-2.7271662990413628,-45396.5
94721,ANL_010,9,10,15,Bass-only,ANL_009,0.9999999999976261,31.55226929018255,266107.8951597384,292014.01699277526,180.16133101683582,86.36343855656521,-111.8429099765239,266107.8951597384
94721,ANL_010,9,10,15,Analog-only,ANL_009,0.9999999999976261,6.255187166840862,52755.46666673998,56275.892348628084,31.131096459007296,37.27561531624449,-3.1909420955988974,-52755.46666673998
94721,ANL_010,9,10,15,Analog + Bass (Static),ANL_009,0.9999999999976261,30.612211206926585,258179.56279281795,284086.82427844463,174.9914700016294,84.88707689831605,-105.79946175286985,258179.56279281795
94721,ANL_010,9,10,15,Analog + Bass (Adaptive),ANL_009,0.9999999999976261,30.612211206926585,258179.56279281795,284086.82427844463,174.9914700016294,84.88707689831605,-105.79946175286985,258179.56279281795
94721,ANL_010,12,13,18,Naive,ANL_009,0.9999999999976261,6.608913937108895,61191.333333333336,69065.19739106424,26.951132291690865,32.12140521112887,-3.6508367489708364,-61191.333333333336
94721,ANL_010,12,13,18,Bass-only,ANL_009,0.9999999999976261,26.874058734938263,248824.46673054472,284591.2440848229,129.38156683544457,70.02190944526009,-77.96882007950234,248824.46673054472
94721,ANL_010,12,13,18,Analog-only,ANL_009,0.9999999999976261,11.116568808428307,102927.30000007329,105759.98856093161,47.508236383927674,62.55337041409664,-9.905745810458713,-102927.30000007329
94721,ANL_010,12,13,18,Analog + Bass (Static),ANL_009,0.9999999999976261,25.338604470669807,234607.83528443438,270607.1691730271,122.33121474133084,67.35346955769565,-70.3988434505324,234607.83528443438
94721,ANL_010,12,13,18,Analog + Bass (Adaptive),ANL_009,0.9999999999976261,25.338604470669807,234607.83528443438,270607.1691730271,122.33121474133084,67.35346955769565,-70.3988434505324,234607.83528443438
94721,ANL_010,18,19,24,Naive,ANL_009,0.9999999999976261,6.1244423071152525,76037.83333333333,83038.42409692034,21.716411649184327,24.813070666981275,-5.19181741852715,-76037.83333333333
94721,ANL_010,18,19,24,Bass-only,ANL_009,0.9999999999976261,9.731016905376029,120815.15418231652,161504.96952862738,39.07008133600504,29.731920889494486,-22.422417873077045,89117.34271419136
94721,ANL_010,18,19,24,Analog-only,ANL_009,0.9999999999976261,18.2827383293199,226988.8000000733,228753.33131751296,67.04366513892292,100.94698878987765,-45.988848159524515,-226988.8000000733
94721,ANL_010,18,19,24,Analog + Bass (Static),ANL_009,0.9999999999976261,9.0644018700782,112538.81481790089,143549.2778355554,36.03341610979756,29.135949626277537,-17.503844431196967,63846.03399013973
94721,ANL_010,18,19,24,Analog + Bass (Adaptive),ANL_009,0.9999999999976261,9.0644018700782,112538.81481790089,143549.2778355554,36.03341610979756,29.135949626277537,-17.503844431196967,63846.03399013973
94721,ANL_011,6,7,12,Naive,ANL_014,0.9999999999913483,4.002808748223124,15581.333333333334,17259.503169751635,15.252596522165248,16.798638510246175,-4.405133918083772,-15581.333333333334
94721,ANL_011,6,7,12,Bass-only,ANL_014,0.9999999999913483,74.22902680687622,288943.9097484464,300731.3624435354,300.134985033263,116.2756213349699,-1639.995243392773,288943.9097484464
94721,ANL_011,6,7,12,Analog-only,ANL_014,0.9999999999913483,2.4538611724965387,9551.900000060026,11113.345427058204,9.886436128926533,10.606642393781035,-1.2409878674008676,-9551.900000060026
94721,ANL_011,6,7,12,Analog + Bass (Static),ANL_014,0.9999999999913483,74.66726794803208,290649.80721450964,302464.0690632202,301.89524175016066,116.56252689023849,-1658.9593748322286,290649.80721450964
94721,ANL_011,6,7,12,Analog + Bass (Adaptive),ANL_014,0.9999999999913483,74.66726794803208,290649.80721450964,302464.0690632202,301.89524175016066,116.56252689023849,-1658.9593748322286,290649.80721450964
94721,ANL_011,9,10,15,Naive,ANL_014,0.9999999999913483,2.3965521974251285,10913.0,12857.66342173673,9.647239948972102,10.320840093861094,-2.4249802751943506,-10819.0
94721,ANL_011,9,10,15,Bass-only,ANL_014,0.9999999999913483,72.75883160209243,331316.43455407815,346656.96833546343,310.71203331799626,117.72379532975039,-2488.624436196466,331316.43455407815
94721,ANL_011,9,10,15,Analog-only,ANL_014,0.9999999999913483,4.341500818957796,19769.566666726692,20389.843559535657,18.400811728129447,20.463285515287236,-7.6131449536123466,-19769.566666726692
94721,ANL_011,9,10,15,Analog + Bass (Static),ANL_014,0.9999999999913483,73.46895352910511,334550.0635139712,349953.8658701348,313.72789508487904,118.19491721948584,-2536.205006502081,334550.0635139712
94721,ANL_011,9,10,15,Analog + Bass (Adaptive),ANL_014,0.9999999999913483,73.46895352910511,334550.0635139712,349953.8658701348,313.72789508487904,118.19491721948584,-2536.205006502081,334550.0635139712
94721,ANL_011,12,13,18,Naive,ANL_014,0.9999999999913483,3.649598824033809,16251.0,18420.7296362911,12.920107282774204,14.049371831115318,-3.510581437464576,-16251.0
94721,ANL_011,12,13,18,Bass-only,ANL_014,0.9999999999913483,68.03501484398848,302947.5510975818,320886.5242778688,256.43672427479834,107.55017397829982,-1367.7427437610754,302947.5510975818
94721,ANL_011,12,13,18,Analog-only,ANL_014,0.9999999999913483,7.258676493619845,32321.566666726692,32726.802767515164,26.784463042857183,31.115151956869607,-13.237247334052253,-32321.566666726692
94721,ANL_011,12,13,18,Analog + Bass (Static),ANL_014,0.9999999999913483,69.97475242481634,311584.84986544814,329696.24619377725,263.68825938623974,108.95197037735949,-1443.9302272703112,311584.84986544814
94721,ANL_011,12,13,18,Analog + Bass (Adaptive),ANL_014,0.9999999999913483,69.97475242481634,311584.84986544814,329696.24619377725,263.68825938623974,108.95197037735949,-1443.9302272703112,311584.84986544814
94721,ANL_011,18,19,24,Naive,ANL_014,0.9999999999913483,3.0919166882033693,15482.5,17550.21134250715,9.974171866950275,10.637423467892955,-3.5095226124553838,-15482.5
94721,ANL_011,18,19,24,Bass-only,ANL_014,0.9999999999913483,32.24583677651907,161468.1824375272,181743.1405117407,109.77033463534431,65.84111994121893,-482.59513631686707,161468.1824375272
94721,ANL_011,18,19,24,Analog-only,ANL_014,0.9999999999913483,12.360890131503345,61896.066666726685,62223.61672457964,41.091346223914556,51.965171758121464,-55.68607265045079,-61896.066666726685
94721,ANL_011,18,19,24,Analog + Bass (Static),ANL_014,0.9999999999913483,35.96176315886569,180075.35592127065,200405.84384340892,122.25482024661483,70.85073418869555,-587.0125975546679,180075.35592127065
94721,ANL_011,18,19,24,Analog + Bass (Adaptive),ANL_014,0.9999999999913483,35.96176315886569,180075.35592127065,200405.84384340892,122.25482024661483,70.85073418869555,-587.0125975546679,180075.35592127065
94721,ANL_012,6,7,12,Naive,ANL_015,0.9999999999106065,6.0344466182224705,8636.5,9737.478344006728,29.85099662824514,36.31780501068038,-3.68717353517832,-8636.5
94721,ANL_012,6,7,12,Bass-only,ANL_015,0.9999999999106065,37.160639867937306,53184.307778991875,56894.62695591315,215.4426781453393,96.25258427301227,-159.01493950220373,53184.307778991875
94721,ANL_012,6,7,12,Analog-only,ANL_015,0.9999999999106065,10.743571827809387,15376.199999960794,16021.016348508994,56.656221200856024,43.78175682833263,-11.68814550595373,15376.199999960794
94721,ANL_012,6,7,12,Analog + Bass (Static),ANL_015,0.9999999999106065,37.733241690186276,54003.8155069946,57718.4028576923,218.66412633854515,97.01252046839164,-163.68218988291446,54003.8155069946
94721,ANL_012,6,7,12,Analog + Bass (Adaptive),ANL_015,0.9999999999106065,37.733241690186276,54003.8155069946,57718.4028576923,218.66412633854515,97.01252046839164,-163.68218988291446,54003.8155069946
94721,ANL_012,9,10,15,Naive,ANL_015,0.9999999999106065,3.7445186610815506,8268.833333333334,9212.652196843208,22.66402284312671,26.131518062214226,-4.144016621026024,-8268.833333333334
94721,ANL_012,9,10,15,Bass-only,ANL_015,0.9999999999106065,28.418883410634013,62755.99929153256,67574.52986913019,190.39437727456547,91.39706544010551,-275.757295305822,62755.99929153256
94721,ANL_012,9,10,15,Analog-only,ANL_015,0.9999999999106065,3.416219479962623,7543.866666627462,8808.4473947741,20.655739016354204,18.280314361832385,-3.702531809173875,7543.866666627462
94721,ANL_012,9,10,15,Analog + Bass (Static),ANL_015,0.9999999999106065,29.25175188429833,64595.18109850179,69430.99643188763,195.86379838029643,92.83584655294828,-291.172817068507,64595.18109850179
94721,ANL_012,9,10,15,Analog + Bass (Adaptive),ANL_015,0.9999999999106065,29.25175188429833,64595.18109850179,69430.99643188763,195.86379838029643,92.83584655294828,-291.172817068507,64595.18109850179
94721,ANL_012,12,13,18,Naive,ANL_015,0.9999999999106065,4.612646248171898,9939.833333333334,10886.29838374826,22.5097573148632,25.819485350135874,-5.01239181758215,-9939.833333333334
94721,ANL_012,12,13,18,Bass-only,ANL_015,0.9999999999106065,28.540346720367875,61501.85260541819,67593.52763179979,152.42219665140857,80.27332623726839,-230.79124721142898,61501.85260541819
94721,ANL_012,12,13,18,Analog-only,ANL_015,0.9999999999106065,1.8432332096102482,3972.0000000546656,4464.4212734780485,9.295689367122957,9.385770918140155,-0.011153630259688851,-157.1333333725379
94721,ANL_012,12,13,18,Analog + Bass (Static),ANL_015,0.9999999999106065,29.966620217415503,64575.34233032883,70685.20099789707,159.87504705438823,82.64619135453287,-252.48006049964167,64575.34233032883
94721,ANL_012,12,13,18,Analog + Bass (Adaptive),ANL_015,0.9999999999106065,29.966620217415503,64575.34233032883,70685.20099789707,159.87504705438823,82.64619135453287,-252.48006049964167,64575.34233032883
94721,ANL_012,18,19,24,Naive,ANL_015,0.9999999999106065,4.258759084499403,11547.5,12525.307201821439,18.29496329127683,20.4402887534454,-5.664948585383665,-11547.5
94721,ANL_012,18,19,24,Bass-only,ANL_015,0.9999999999106065,11.21759318169476,30416.173982954115,39279.24075963827,53.223263005918355,37.04051279882923,-64.54600094836405,28919.03505986489
94721,ANL_012,18,19,24,Analog-only,ANL_015,0.9999999999106065,6.9607245905340385,18873.800000039206,19418.901404951,31.305850923159845,37.7508318341325,-15.020252032797963,-18873.800000039206
94721,ANL_012,18,19,24,Analog + Bass (Static),ANL_015,0.9999999999106065,12.720013595375,34489.94274581239,44094.796006879355,60.21060842703033,40.489211503931635,-81.60278809861155,34177.7913016679
94721,ANL_012,18,19,24,Analog + Bass (Adaptive),ANL_015,0.9999999999106065,12.720013595375,34489.94274581239,44094.796006879355,60.21060842703033,40.489211503931635,-81.60278809861155,34177.7913016679
94721,ANL_013,6,7,12,Naive,ANL_019,0.99999999986307,5.240102858509747,8762.5,10276.014816065614,36.84771347021041,47.45365042945453,-2.6646263543811624,-8762.5
94721,ANL_013,6,7,12,Bass-only,ANL_019,0.99999999986307,11.402495904024107,19067.253650709114,23105.572327658636,110.47229627484947,59.94416531733123,-17.52736758395355,18871.724368880143
94721,ANL_013,6,7,12,Analog-only,ANL_019,0.99999999986307,4.6291312840708265,7740.833333223236,7788.151961732001,39.23127384249639,32.28207203883242,-1.1049854132869363,7740.833333223236
94721,ANL_013,6,7,12,Analog + Bass (Static),ANL_019,0.99999999986307,10.87340474760905,18182.507418951853,22024.437348675012,105.35409991209382,58.35511057132571,-15.834099968550689,17704.55771618973
94721,ANL_013,6,7,12,Analog + Bass (Adaptive),ANL_019,0.99999999986307,10.87340474760905,18182.507418951853,22024.437348675012,105.35409991209382,58.35511057132571,-15.834099968550689,17704.55771618973
94721,ANL_013,9,10,15,Naive,ANL_019,0.99999999986307,7.682374429223745,14020.333333333334,15789.253370568224,39.372693065714905,50.921515668165775,-3.727799296509068,-14020.333333333334
94721,ANL_013,9,10,15,Bass-only,ANL_019,0.99999999986307,14.288948323922533,26077.330691158622,32447.15325569336,97.55368464538422,54.634247278153595,-18.965907005189738,25609.749609334467
94721,ANL_013,9,10,15,Analog-only,ANL_019,0.99999999986307,2.1152146120010022,3860.2666669018295,4777.495328758529,10.356488635168787,11.183812065738284,0.5671510323881851,-3756.0000001100966
94721,ANL_013,9,10,15,Analog + Bass (Static),ANL_019,0.99999999986307,12.987377108273819,23701.96322259972,29615.405739943613,88.85616618022652,51.58080630344276,-15.633024139039446,22504.5545166836
94721,ANL_013,9,10,15,Analog + Bass (Adaptive),ANL_019,0.99999999986307,12.987377108273819,23701.96322259972,29615.405739943613,88.85616618022652,51.58080630344276,-15.633024139039446,22504.5545166836
94721,ANL_013,12,13,18,Naive,ANL_019,0.99999999986307,7.015895727165818,16270.5,17679.123257861705,33.76153245574336,41.46736729146127,-5.535692840902663,-16270.5
94721,ANL_013,12,13,18,Bass-only,ANL_019,0.99999999986307,11.964386667643199,27746.50035377982,34646.05594171697,68.18622462878785,44.581451270969595,-24.10023517323436,25637.038896711543
94721,ANL_013,12,13,18,Analog-only,ANL_019,0.99999999986307,7.29430942118951,16916.166666776764,17102.64192610249,36.6733933168196,44.93719178056188,-5.116410035219803,-16916.166666776764
94721,ANL_013,12,13,18,Analog + Bass (Static),ANL_019,0.99999999986307,10.200960738248282,23656.955312064878,29837.17434518417,58.11846439014919,40.06788224613133,-17.61596569361597,20113.977850227508
94721,ANL_013,12,13,18,Analog + Bass (Adaptive),ANL_019,0.99999999986307,10.200960738248282,23656.955312064878,29837.17434518417,58.11846439014919,40.06788224613133,-17.61596569361597,20113.977850227508
94721,ANL_013,18,19,24,Naive,ANL_019,0.99999999986307,4.7654462242562925,14455.0,15885.416477595627,19.840147582607067,22.39860526764808,-4.814510627808144,-14455.0
94721,ANL_013,18,19,24,Bass-only,ANL_019,0.99999999986307,7.262421406096512,22029.060130986632,27445.295458645975,32.79020446075384,28.223172476181823,-16.35608541138822,9666.833353938524
94721,ANL_013,18,19,24,Analog-only,ANL_019,0.99999999986307,13.568307282612668,41156.66666677676,41265.87925664548,58.640796757458105,83.12608627893371,-38.237214070062365,-41156.66666677676
94721,ANL_013,18,19,24,Analog + Bass (Static),ANL_019,0.99999999986307,6.6062378893882485,20038.662529658497,23419.65032029348,28.958431364109344,28.295655839013982,-11.637954002196937,307.98944732404317
94721,ANL_013,18,19,24,Analog + Bass (Adaptive),ANL_019,0.99999999986307,6.6062378893882485,20038.662529658497,23419.65032029348,28.958431364109344,28.295655839013982,-11.637954002196937,307.98944732404317
94721,ANL_014,6,7,12,Naive,ANL_011,0.9999999999913483,4.946429531644889,24530.333333333332,28792.742974576075,29.132976744963358,35.60974102305339,-2.647503343200378,-24530.333333333332
94721,ANL_014,6,7,12,Bass-only,ANL_011,0.9999999999913483,26.02871451172276,129081.60100653551,140632.13409502053,188.26118718165873,88.2771964637426,-86.0159272149885,129081.60100653551
94721,ANL_014,6,7,12,Analog-only,ANL_011,0.9999999999913483,2.4932717642491555,12364.633333264412,12675.367413150347,15.9673652413071,17.365256182392756,0.2931118011104692,-12364.633333264412
94721,ANL_014,6,7,12,Analog + Bass (Static),ANL_011,0.9999999999913483,25.81382983265972,128015.94490612608,139570.44561054913,186.77190930543304,87.87242701431778,-84.70705016153532,128015.94490612608
94721,ANL_014,6,7,12,Analog + Bass (Adaptive),ANL_011,0.9999999999913483,25.81382983265972,128015.94490612608,139570.44561054913,186.77190930543304,87.87242701431778,-84.70705016153532,128015.94490612608
94721,ANL_014,9,10,15,Naive,ANL_011,0.9999999999913483,7.387836366464458,39580.333333333336,45691.56638082495,33.15668154166546,41.30150818162204,-3.006243195933269,-39580.333333333336
94721,ANL_014,9,10,15,Bass-only,ANL_011,0.9999999999913483,27.822416706137723,149058.59750313286,168463.60897182804,155.72148644295612,77.54744803734509,-53.45997235953205,149058.59750313286
94721,ANL_014,9,10,15,Analog-only,ANL_011,0.9999999999913483,8.488778970278005,45478.63333326441,46744.836620251095,41.05152076145159,51.69799751065584,-3.193073820892449,-45478.63333326441
94721,ANL_014,9,10,15,Analog + Bass (Static),ANL_011,0.9999999999913483,27.49639711185274,147311.94752675106,166742.86051345948,153.99931951718565,76.99361392323212,-52.35310648746031,147311.94752675106
94721,ANL_014,9,10,15,Analog + Bass (Adaptive),ANL_011,0.9999999999913483,27.49639711185274,147311.94752675106,166742.86051345948,153.99931951718565,76.99361392323212,-52.35310648746031,147311.94752675106
94721,ANL_014,12,13,18,Naive,ANL_011,0.9999999999913483,6.907327968961325,45964.5,51884.65398843862,29.465413294570958,35.5620888037433,-3.6471615623404103,-45964.5
94721,ANL_014,12,13,18,Bass-only,ANL_011,0.9999999999913483,20.931635958945417,139288.62005080414,165007.07860149743,106.66853084817099,61.04498797391473,-46.001863002372545,139288.62005080414
94721,ANL_014,12,13,18,Analog-only,ANL_011,0.9999999999913483,12.352898263627125,82201.79999993109,83190.05562174464,56.05907404841696,78.00312214778003,-10.946831847872332,-82201.79999993109
94721,ANL_014,12,13,18,Analog + Bass (Static),ANL_011,0.9999999999913483,20.426234716727002,135925.45045724543,161760.35569132937,104.24087890638604,60.007204394393064,-44.17041785699907,135925.45045724543
94721,ANL_014,12,13,18,Analog + Bass (Adaptive),ANL_011,0.9999999999913483,20.426234716727002,135925.45045724543,161760.35569132937,104.24087890638604,60.007204394393064,-44.17041785699907,135925.45045724543
94721,ANL_014,18,19,24,Naive,ANL_011,0.9999999999913483,3.130950841182811,32750.666666666668,41591.74047812859,13.608558545488425,15.217419123989407,-1.5855803594095361,-32570.333333333332
94721,ANL_014,18,19,24,Bass-only,ANL_011,0.9999999999913483,8.672664967587316,90718.62634477734,110344.66203323647,44.37349237035871,34.6317316645456,-17.198957412482557,58159.36901703715
94721,ANL_014,18,19,24,Analog-only,ANL_011,0.9999999999913483,15.001072777536875,156915.6333332644,157519.9400771385,71.0149949118835,110.21533921286107,-36.086421239584986,-156915.6333332644
94721,ANL_014,18,19,24,Analog + Bass (Static),ANL_011,0.9999999999913483,8.157913871559323,85334.17848294333,102932.9619118539,41.46516491132117,33.47161311024955,-14.836266101355543,47683.77126724968
94721,ANL_014,18,19,24,Analog + Bass (Adaptive),ANL_011,0.9999999999913483,8.157913871559323,85334.17848294333,102932.9619118539,41.46516491132117,33.47161311024955,-14.836266101355543,47683.77126724968
94721,ANL_015,6,7,12,Naive,ANL_014,0.9999999999791311,6.763986078204493,49103.833333333336,56758.18714364769,44.43037550876143,59.767163000701274,-2.9756516094208934,-49103.833333333336
94721,ANL_015,6,7,12,Bass-only,ANL_014,0.9999999999791311,9.927379067436455,72068.80107796169,86320.28220256067,91.88301539795307,54.08015358259364,-8.195534781255466,61749.714245768184
94721,ANL_015,6,7,12,Analog-only,ANL_014,0.9999999999791311,5.603687990163982,40680.53333339444,43689.81891644602,39.07836778583142,48.8262203865862,-1.355655499316811,-40680.53333339444
94721,ANL_015,6,7,12,Analog + Bass (Static),ANL_014,0.9999999999791311,9.257220328804594,67203.71669898984,80923.87028477882,85.61697617051203,51.77143476072086,-7.08173449999042,55331.64311323253
94721,ANL_015,6,7,12,Analog + Bass (Adaptive),ANL_014,0.9999999999791311,9.257220328804594,67203.71669898984,80923.87028477882,85.61697617051203,51.77143476072086,-7.08173449999042,55331.64311323253
94721,ANL_015,9,10,15,Naive,ANL_014,0.9999999999791311,5.333667615191439,53185.333333333336,61047.758948766226,32.982261220888695,41.2614565457569,-3.149454133536838,-53185.333333333336
94721,ANL_015,9,10,15,Bass-only,ANL_014,0.9999999999791311,11.109718510074815,110781.94683802477,135218.29983972144,89.85211061672295,52.916977032602105,-19.35740698429994,105634.15093311861
94721,ANL_015,9,10,15,Analog-only,ANL_014,0.9999999999791311,8.848811836926725,88237.03333339444,90143.93289359141,59.46210981355673,84.72453697328012,-8.047415195555836,-88237.03333339444
94721,ANL_015,9,10,15,Analog + Bass (Static),ANL_014,0.9999999999791311,9.671770019183885,96443.26371754451,118356.04872630561,78.29423422399319,48.50094434018792,-14.59668973952969,86889.93175434739
94721,ANL_015,9,10,15,Analog + Bass (Adaptive),ANL_014,0.9999999999791311,9.671770019183885,96443.26371754451,118356.04872630561,78.29423422399319,48.50094434018792,-14.59668973952969,86889.93175434739
94721,ANL_015,12,13,18,Naive,ANL_014,0.9999999999791311,3.779357974420775,45901.333333333336,53120.93930833678,22.08797020200597,25.661205330510246,-2.94716341132072,-45901.333333333336
94721,ANL_015,12,13,18,Bass-only,ANL_014,0.9999999999791311,10.93978973859838,132866.72995429696,163062.00587233357,76.2285025612036,48.40710779762635,-36.192825763733296,128670.50487113484
94721,ANL_015,12,13,18,Analog-only,ANL_014,0.9999999999791311,11.097159887628099,134778.03333339444,135579.12830593312,69.48603316380611,106.59056570913961,-24.71220307165639,-134778.03333339444
94721,ANL_015,12,13,18,Analog + Bass (Static),ANL_014,0.9999999999791311,8.961016600006625,108833.99052069864,134711.65087988967,62.431369951098844,42.376925545039676,-24.384226344936295,97443.43516056333
94721,ANL_015,12,13,18,Analog + Bass (Adaptive),ANL_014,0.9999999999791311,8.961016600006625,108833.99052069864,134711.65087988967,62.431369951098844,42.376925545039676,-24.384226344936295,97443.43516056333
94721,ANL_015,18,19,24,Naive,ANL_014,0.9999999999791311,2.0594228679155124,27717.166666666668,31803.60862910581,10.503591274192052,11.058679974242793,-0.6704492886427211,-20148.5
94721,ANL_015,18,19,24,Bass-only,ANL_014,0.9999999999791311,7.6723167514249635,103259.45459367817,132964.76720459881,42.936962921924774,31.913143819710715,-28.19803669794364,90348.27639687348
94721,ANL_015,18,19,24,Analog-only,ANL_014,0.9999999999791311,14.585592531407787,196303.2000000611,197695.20951059292,76.57031184911989,124.49526960315478,-63.54651317568653,-196303.2000000611
94721,ANL_015,18,19,24,Analog + Bass (Static),ANL_014,0.9999999999791311,5.814355000278257,78253.69384433322,104414.73378687959,32.70145902348919,26.072114445002388,-17.00545357316105,54498.604066251
94721,ANL_015,18,19,24,Analog + Bass (Adaptive),ANL_014,0.9999999999791311,5.814355000278257,78253.69384433322,104414.73378687959,32.70145902348919,26.072114445002388,-17.00545357316105,54498.604066251
94721,ANL_016,6,7,12,Naive,ANL_022,0.9999999999943742,2.9205811918577878,42278.333333333336,45081.88481714875,16.25725424691005,17.862291010889606,-7.298161530472488,-42278.333333333336
94721,ANL_016,6,7,12,Bass-only,ANL_022,0.9999999999943742,57.38001962158712,830633.1640420951,861640.2264915892,331.6227772100663,121.51769962173799,-3030.3053553862924,830633.1640420951
94721,ANL_016,6,7,12,Analog-only,ANL_022,0.9999999999943742,10.858158331025255,157182.69999992158,157413.83102017627,61.652010469946994,89.18166847453915,-100.17274457104314,-157182.69999992158
94721,ANL_016,6,7,12,Analog + Bass (Static),ANL_022,0.9999999999943742,57.659863297529064,834684.1810950307,865758.8488014493,333.2330964814532,121.74994101191348,-3059.353767997892,834684.1810950307
94721,ANL_016,6,7,12,Analog + Bass (Adaptive),ANL_022,0.9999999999943742,57.659863297529064,834684.1810950307,865758.8488014493,333.2330964814532,121.74994101191348,-3059.353767997892,834684.1810950307
94721,ANL_016,9,10,15,Naive,ANL_022,0.9999999999943742,3.693646327014218,49879.0,55434.8536782892,16.58119356232442,18.381880306746638,-4.2520579185205785,-49879.0
94721,ANL_016,9,10,15,Bass-only,ANL_022,0.9999999999943742,66.74823652581793,901368.1860446454,944138.2289786156,319.29163843373556,118.55786231540522,-1522.473350111728,901368.1860446454
94721,ANL_016,9,10,15,Analog-only,ANL_022,0.9999999999943742,14.286831062395457,192929.36666658826,193515.1574000761,66.3448347259638,99.28761672768661,-63.00201846071759,-192929.36666658826
94721,ANL_016,9,10,15,Analog + Bass (Static),ANL_022,0.9999999999943742,67.64400493204536,913464.6426023407,956467.564728189,323.5455601025627,119.20122233809793,-1562.5226956804643,913464.6426023407
94721,ANL_016,9,10,15,Analog + Bass (Adaptive),ANL_022,0.9999999999943742,67.64400493204536,913464.6426023407,956467.564728189,323.5455601025627,119.20122233809793,-1562.5226956804643,913464.6426023407
94721,ANL_016,12,13,18,Naive,ANL_022,0.9999999999943742,3.8320221462456674,58894.0,64728.83473898373,16.926421058561417,18.791793697210753,-4.808557859172278,-58894.0
94721,ANL_016,12,13,18,Bass-only,ANL_022,0.9999999999943742,51.968190817226734,798694.4002889743,848660.6015218615,245.34300428521516,104.97943617676353,-997.4833417969404,798694.4002889743
94721,ANL_016,12,13,18,Analog-only,ANL_022,0.9999999999943742,15.55753666394061,239102.36666658832,239828.40524293395,70.94643546376535,109.9714053848098,-78.73958686618643,-239102.36666658832
94721,ANL_016,12,13,18,Analog + Bass (Static),ANL_022,0.9999999999943742,53.209079340100395,817765.503188972,868092.4575355443,251.14163700689787,106.16083030345138,-1043.7315440638697,817765.503188972
94721,ANL_016,12,13,18,Analog + Bass (Adaptive),ANL_022,0.9999999999943742,53.209079340100395,817765.503188972,868092.4575355443,251.14163700689787,106.16083030345138,-1043.7315440638697,817765.503188972
94721,ANL_016,18,19,24,Naive,ANL_022,0.9999999999943742,3.393234226852394,51156.0,62019.85411140532,11.740439035699419,12.805437454651337,-2.0474334784283315,-50835.666666666664
94721,ANL_016,18,19,24,Bass-only,ANL_022,0.9999999999943742,28.899919237998045,435691.78244155995,498187.05695193243,111.19641422672804,65.1330808667281,-195.633556416619,435691.78244155995
94721,ANL_016,18,19,24,Analog-only,ANL_022,0.9999999999943742,20.90995577925527,315236.0333332549,316359.98564192164,76.29580787029295,123.36175643300777,-78.29318231776558,-315236.0333332549
94721,ANL_016,18,19,24,Analog + Bass (Static),ANL_022,0.9999999999943742,30.435046951840814,458835.18725219305,521200.682979854,116.95403032987292,67.4708227414324,-214.22003909336493,458835.18725219305
94721,ANL_016,18,19,24,Analog + Bass (Adaptive),ANL_022,0.9999999999943742,30.435046951840814,458835.18725219305,521200.682979854,116.95403032987292,67.4708227414324,-214.22003909336493,458835.18725219305
94721,ANL_017,6,7,12,Naive,ANL_020,0.9999999998245441,4.4563492063492065,2246.0,2612.3285270680126,26.216222332034082,31.31535157798013,-2.8344048667664437,-2246.0
94721,ANL_017,6,7,12,Bass-only,ANL_020,0.9999999998245441,29.212251476658455,14722.974744235862,15826.50674578062,202.8554862760751,93.28442321616195,-139.73836959779024,14722.974744235862
94721,ANL_017,6,7,12,Analog-only,ANL_020,0.9999999998245441,7.378835972835211,3718.9333303089466,3732.7074915326375,47.71382823241806,38.4091639282671,-6.828711661774571,3718.9333303089466
94721,ANL_017,6,7,12,Analog + Bass (Static),ANL_020,0.9999999998245441,28.846582639134184,14538.677650123629,15641.710780562402,200.39372787488347,92.6610811473113,-136.47093420127686,14538.677650123629
94721,ANL_017,6,7,12,Analog + Bass (Adaptive),ANL_020,0.9999999998245441,28.846582639134184,14538.677650123629,15641.710780562402,200.39372787488347,92.6610811473113,-136.47093420127686,14538.677650123629
94721,ANL_017,9,10,15,Naive,ANL_020,0.9999999998245441,5.553026710921448,2927.8333333333335,3264.313838057446,26.945824730382302,31.926683074271555,-4.114258027465985,-2927.8333333333335
94721,ANL_017,9,10,15,Bass-only,ANL_020,0.9999999998245441,33.61567216761282,17723.86315037386,19243.682194510337,185.01734869330727,88.99798303052891,-176.73590723998373,17723.86315037386
94721,ANL_017,9,10,15,Analog-only,ANL_020,0.9999999998245441,2.5397818814141546,1339.099996975613,1379.9431141994685,13.14038185840489,12.272384567601764,0.08605262294909222,1339.099996975613
94721,ANL_017,9,10,15,Analog + Bass (Static),ANL_020,0.9999999998245441,32.86019781692843,17325.539298975513,18843.353777734454,180.9704948994481,87.8763941028141,-169.41790701565392,17325.539298975513
94721,ANL_017,9,10,15,Analog + Bass (Adaptive),ANL_020,0.9999999998245441,32.86019781692843,17325.539298975513,18843.353777734454,180.9704948994481,87.8763941028141,-169.41790701565392,17325.539298975513
94721,ANL_017,12,13,18,Naive,ANL_020,0.9999999998245441,5.1980112408127965,3279.0,3892.6812524702473,22.54312736416849,26.49196913919513,-2.442974862722641,-3279.0
94721,ANL_017,12,13,18,Bass-only,ANL_020,0.9999999998245441,26.56358995656541,16756.795518964307,19028.547827106086,139.2299051873303,73.32159314310701,-81.27112902124459,16756.795518964307
94721,ANL_017,12,13,18,Analog-only,ANL_020,0.9999999998245441,2.747331512696583,1733.0666696910537,1839.086979314576,12.546537745555723,13.443082085578059,0.23150560531109243,-1733.0666696910537
94721,ANL_017,12,13,18,Analog + Bass (Static),ANL_020,0.9999999998245441,25.49543612677239,16082.984662152148,18362.778481818223,133.88500647318884,71.41995146075575,-75.61484993477646,16082.984662152148
94721,ANL_017,12,13,18,Analog + Bass (Adaptive),ANL_020,0.9999999998245441,25.49543612677239,16082.984662152148,18362.778481818223,133.88500647318884,71.41995146075575,-75.61484993477646,16082.984662152148
94721,ANL_017,18,19,24,Naive,ANL_020,0.9999999998245441,3.9560755645991916,3087.8333333333335,3624.8428241787256,14.994834083607774,16.646408443143276,-2.645026607447512,-3087.8333333333335
94721,ANL_017,18,19,24,Bass-only,ANL_020,0.9999999998245441,11.478983496114042,8959.68423587866,11470.236148755346,49.85905828730476,35.77008896987788,-35.4978314586459,7728.055104183474
94721,ANL_017,18,19,24,Analog-only,ANL_020,0.9999999998245441,10.085334241571678,7871.900003024387,7916.410633686158,40.41944567345639,50.77522951490011,-16.385171125042124,-7871.900003024387
94721,ANL_017,18,19,24,Analog + Bass (Static),ANL_020,0.9999999998245441,10.77074355231402,8406.88212915616,10570.37143374232,46.5779278043414,34.60460309817605,-29.995799254442698,6652.562750304959
94721,ANL_017,18,19,24,Analog + Bass (Adaptive),ANL_020,0.9999999998245441,10.77074355231402,8406.88212915616,10570.37143374232,46.5779278043414,34.60460309817605,-29.995799254442698,6652.562750304959
94721,ANL_018,6,7,12,Naive,ANL_030,0.9999999999777717,6.586441580168054,11548.666666666666,12648.594809964728,24.417566327845428,28.406762424549186,-5.011101054683606,-11548.666666666666
94721,ANL_018,6,7,12,Bass-only,ANL_030,0.9999999999777717,65.04050384519557,114042.01944216593,119743.82680638558,264.0621020463199,108.60269044353774,-537.7356743533448,114042.01944216593
94721,ANL_018,6,7,12,Analog-only,ANL_030,0.9999999999777717,34.47707311507027,60452.099999964215,60752.626865255945,133.69960806431385,80.05721354974538,-137.67545204771153,60452.099999964215
94721,ANL_018,6,7,12,Analog + Bass (Static),ANL_030,0.9999999999777717,65.01250178237784,113992.92062522132,119694.10223805235,263.9499821320119,108.58132339605137,-537.2883387783877,113992.92062522132
94721,ANL_018,6,7,12,Analog + Bass (Adaptive),ANL_030,0.9999999999777717,65.01250178237784,113992.92062522132,119694.10223805235,263.9499821320119,108.58132339605137,-537.2883387783877,113992.92062522132
94721,ANL_018,9,10,15,Naive,ANL_030,0.9999999999777717,2.1909230406043436,6187.166666666667,7261.553128176735,11.100221422884891,11.95189864167832,-1.4646690198309003,-5597.833333333333
94721,ANL_018,9,10,15,Bass-only,ANL_030,0.9999999999777717,47.15922061944745,133177.6390293196,140578.4682461421,259.47709853799915,107.96305687413931,-922.71326770698,133177.6390293196
94721,ANL_018,9,10,15,Analog-only,ANL_030,0.9999999999777717,18.61824834748497,52577.93333329755,52963.44366758619,98.51963129402552,65.9626241263531,-130.11488486641267,52577.93333329755
94721,ANL_018,9,10,15,Analog + Bass (Static),ANL_030,0.9999999999777717,46.877391000615454,132381.75218573803,139769.2494776168,257.9425191979685,107.6644456358915,-912.1094430007038,132381.75218573803
94721,ANL_018,9,10,15,Analog + Bass (Adaptive),ANL_030,0.9999999999777717,46.877391000615454,132381.75218573803,139769.2494776168,257.9425191979685,107.6644456358915,-912.1094430007038,132381.75218573803
94721,ANL_018,12,13,18,Naive,ANL_030,0.9999999999777717,3.6334329226672035,9839.666666666666,10656.980967109463,15.70088762438234,17.24995398507117,-5.779480992845061,-9839.666666666666
94721,ANL_018,12,13,18,Bass-only,ANL_030,0.9999999999777717,46.180459205271184,125060.88175143847,133497.24854548296,210.4944042983037,97.65404242196003,-1062.8311350935478,125060.88175143847
94721,ANL_018,12,13,18,Analog-only,ANL_030,0.9999999999777717,16.49689818388017,44675.099999964215,45276.70810358021,72.75829885620558,53.199912605881,-121.37078726322129,44675.099999964215
94721,ANL_018,12,13,18,Analog + Bass (Static),ANL_030,0.9999999999777717,45.97530020030435,124505.29251516967,132932.15835562316,209.56805878284547,97.42998493313553,-1053.8438608745805,124505.29251516967
94721,ANL_018,12,13,18,Analog + Bass (Adaptive),ANL_030,0.9999999999777717,45.97530020030435,124505.29251516967,132932.15835562316,209.56805878284547,97.42998493313553,-1053.8438608745805,124505.29251516967
94721,ANL_018,18,19,24,Naive,ANL_030,0.9999999999777717,6.674296214626976,17804.666666666668,19186.174345085055,20.966669054412346,23.745020228940483,-6.20326288423233,-17804.666666666668
94721,ANL_018,18,19,24,Bass-only,ANL_030,0.9999999999777717,23.55707925322523,62841.97318433906,75785.96301570204,80.98462396709293,51.37131439162873,-111.39061267508649,62841.97318433906
94721,ANL_018,18,19,24,Analog-only,ANL_030,0.9999999999777717,8.709210584330581,23233.099999964226,23723.957488124557,28.0274432137105,24.505337603762854,-10.013535748368675,23233.099999964226
94721,ANL_018,18,19,24,Analog + Bass (Static),ANL_030,0.9999999999777717,23.66615555646599,63132.95026386662,76066.93422431865,81.346697490244,51.55332356428486,-112.22551831251658,63132.95026386662
94721,ANL_018,18,19,24,Analog + Bass (Adaptive),ANL_030,0.9999999999777717,23.66615555646599,63132.95026386662,76066.93422431865,81.346697490244,51.55332356428486,-112.22551831251658,63132.95026386662
94721,ANL_019,6,7,12,Naive,ANL_013,0.99999999986307,3.6401846770329724,5571.666666666667,6388.963374445028,15.346989952030258,16.953525352302787,-3.1756778921274957,-5571.666666666667
94721,ANL_019,6,7,12,Bass-only,ANL_013,0.99999999986307,69.30057477531093,106071.45975109091,110382.31633227611,312.92456997497504,118.17336487938334,-1245.4222697383675,106071.45975109091
94721,ANL_019,6,7,12,Analog-only,ANL_013,0.99999999986307,6.158761270566775,9426.600000729506,9741.978723004293,27.502814200783206,32.462103279435,-8.708688042785921,-9426.600000729506
94721,ANL_019,6,7,12,Analog + Bass (Static),ANL_013,0.99999999986307,71.3241123390173,109168.68634609987,113528.48685441873,321.99949289806204,119.56088289459237,-1317.4871216770825,109168.68634609987
94721,ANL_019,6,7,12,Analog + Bass (Adaptive),ANL_013,0.99999999986307,71.3241123390173,109168.68634609987,113528.48685441873,321.99949289806204,119.56088289459237,-1317.4871216770825,109168.68634609987
94721,ANL_019,9,10,15,Naive,ANL_013,0.99999999986307,3.625132198827036,6284.166666666667,7157.83795336739,15.420184647881264,17.075873286363233,-3.3626625435467155,-6284.166666666667
94721,ANL_019,9,10,15,Bass-only,ANL_013,0.99999999986307,68.14969551005316,118137.49716667716,123844.13714877794,312.7359177051974,117.40824855419018,-1304.9868383856456,118137.49716667716
94721,ANL_019,9,10,15,Analog-only,ANL_013,0.99999999986307,7.860455725831846,13626.100000729506,13811.43014604004,35.3415282634412,43.411479369349884,-15.242960916678694,-13626.100000729506
94721,ANL_019,9,10,15,Analog + Bass (Static),ANL_013,0.99999999986307,72.89805959027541,126368.78629974242,132233.56679539214,334.3482841264542,120.65728398791464,-1487.9198568422237,126368.78629974242
94721,ANL_019,9,10,15,Analog + Bass (Adaptive),ANL_013,0.99999999986307,72.89805959027541,126368.78629974242,132233.56679539214,334.3482841264542,120.65728398791464,-1487.9198568422237,126368.78629974242
94721,ANL_019,12,13,18,Naive,ANL_013,0.99999999986307,1.6780400205233452,3270.5,3920.543946104078,7.384785076033127,7.719207962091041,-0.6869531466956853,-2501.8333333333335
94721,ANL_019,12,13,18,Bass-only,ANL_013,0.99999999986307,55.843700251322495,108839.37178982755,115145.65165282569,261.1140591340212,108.55862307658883,-1454.142254646269,108839.37178982755
94721,ANL_019,12,13,18,Analog-only,ANL_013,0.99999999986307,8.93523174314837,17414.766667396172,17576.163594034795,41.06046678769963,52.21419800542086,-32.90459340391823,-17414.766667396172
94721,ANL_019,12,13,18,Analog + Bass (Static),ANL_013,0.99999999986307,62.82849726629464,122452.74117200826,129042.10251105549,293.52314657335677,114.39408458550548,-1826.5666699958613,122452.74117200826
94721,ANL_019,12,13,18,Analog + Bass (Adaptive),ANL_013,0.99999999986307,62.82849726629464,122452.74117200826,129042.10251105549,293.52314657335677,114.39408458550548,-1826.5666699958613,122452.74117200826
94721,ANL_019,18,19,24,Naive,ANL_013,0.99999999986307,2.319558275187359,4927.833333333333,5866.040331149,9.050108536656367,9.652048238605616,-2.397927362026199,-4927.833333333333
94721,ANL_019,18,19,24,Bass-only,ANL_013,0.99999999986307,27.555116171485075,58540.03386172676,65713.67943473413,114.86372791809742,67.76294244504814,-425.41804153118113,58540.03386172676
94721,ANL_019,18,19,24,Analog-only,ANL_013,0.99999999986307,12.753185107590403,27093.766667396176,27209.922901368896,51.87484998109832,70.57685761278341,-72.11030975303895,-27093.766667396176
94721,ANL_019,18,19,24,Analog + Bass (Static),ANL_013,0.99999999986307,35.828375428421126,76116.32982193278,83420.73968580842,148.86645594881733,80.19292266348937,-686.1824733665691,76116.32982193278
94721,ANL_019,18,19,24,Analog + Bass (Adaptive),ANL_013,0.99999999986307,35.828375428421126,76116.32982193278,83420.73968580842,148.86645594881733,80.19292266348937,-686.1824733665691,76116.32982193278
94721,ANL_020,6,7,12,Naive,ANL_017,0.9999999998245441,2.700861364817703,2424.8333333333335,2952.7280324021267,17.21830273592001,19.513000845366875,-1.3243999208990855,-2228.8333333333335
94721,ANL_020,6,7,12,Bass-only,ANL_017,0.9999999998245441,32.35032111662653,29044.118298507296,30799.160524098148,242.63399742257542,102.89570885526157,-251.89585797650446,29044.118298507296
94721,ANL_020,6,7,12,Analog-only,ANL_017,0.9999999998245441,2.2171975968479183,1990.600002450061,2079.0883987832167,15.099929454464492,16.391754241989357,-0.15241756163809872,-1990.600002450061
94721,ANL_020,6,7,12,Analog + Bass (Static),ANL_017,0.9999999998245441,32.142735360583735,28857.747806732077,30611.133231536973,241.1124347988207,102.57522372675724,-248.8174510670152,28857.747806732077
94721,ANL_020,6,7,12,Analog + Bass (Adaptive),ANL_017,0.9999999998245441,32.142735360583735,28857.747806732077,30611.133231536973,241.1124347988207,102.57522372675724,-248.8174510670152,28857.747806732077
94721,ANL_020,9,10,15,Naive,ANL_017,0.9999999998245441,4.067531285551763,3724.3333333333335,4069.9432018968846,22.367252602680786,25.621808158564214,-5.149145252786153,-3724.3333333333335
94721,ANL_020,9,10,15,Bass-only,ANL_017,0.9999999998245441,36.464810335467945,33388.09196341284,35596.74570924133,217.5690815466344,98.59970738278035,-469.3906138380376,33388.09196341284
94721,ANL_020,9,10,15,Analog-only,ANL_017,0.9999999998245441,5.620313995849896,5146.100002450061,5152.819268967097,32.20502457895875,38.42794703812722,-8.8566168619691,-5146.100002450061
94721,ANL_020,9,10,15,Analog + Bass (Static),ANL_017,0.9999999998245441,36.34476958919813,33278.17965510954,35485.39316813189,216.86347072114347,98.4344604743523,-466.4522966568697,33278.17965510954
94721,ANL_020,9,10,15,Analog + Bass (Adaptive),ANL_017,0.9999999998245441,36.34476958919813,33278.17965510954,35485.39316813189,216.86347072114347,98.4344604743523,-466.4522966568697,33278.17965510954
94721,ANL_020,12,13,18,Naive,ANL_017,0.9999999998245441,4.208097386185495,3985.8333333333335,4536.183546404033,19.48611127688239,22.15943159010561,-3.387324010938256,-3985.8333333333335
94721,ANL_020,12,13,18,Bass-only,ANL_017,0.9999999998245441,33.77013271866289,31986.455708704423,34880.10467421041,174.81138070479645,86.61660356664954,-258.4024240288649,31986.455708704423
94721,ANL_020,12,13,18,Analog-only,ANL_017,0.9999999998245441,8.975679050479958,8501.60000245006,8550.177787738152,43.83079697539123,56.18460289261639,-14.58722346135917,-8501.60000245006
94721,ANL_020,12,13,18,Analog + Bass (Static),ANL_017,0.9999999998245441,33.55239018189497,31780.213936833065,34672.11872951814,173.70916045433484,86.29722593266422,-255.31807529517067,31780.213936833065
94721,ANL_020,12,13,18,Analog + Bass (Adaptive),ANL_017,0.9999999998245441,33.55239018189497,31780.213936833065,34672.11872951814,173.70916045433484,86.29722593266422,-255.31807529517067,31780.213936833065
94721,ANL_020,18,19,24,Naive,ANL_017,0.9999999998245441,4.053756952460909,4544.5,5433.958210488311,15.847422879444077,17.75066991852099,-2.194489356515556,-4503.833333333333
94721,ANL_020,18,19,24,Bass-only,ANL_017,0.9999999998245441,15.193893034768116,17033.247850388867,20815.833992570966,68.90925936021551,45.73625726657377,-45.87664146222897,15940.171757659644
94721,ANL_020,18,19,24,Analog-only,ANL_017,0.9999999998245441,14.265620738883989,15992.60000245006,16081.878850817478,59.46169973479961,84.6520106166966,-26.979659781236748,-15992.60000245006
94721,ANL_020,18,19,24,Analog + Bass (Static),ANL_017,0.9999999998245441,15.19429268061443,17033.695876891165,20816.36738865226,68.91108855493843,45.73706048851205,-45.87904387735437,15940.750107169057
94721,ANL_020,18,19,24,Analog + Bass (Adaptive),ANL_017,0.9999999998245441,15.19429268061443,17033.695876891165,20816.36738865226,68.91108855493843,45.73706048851205,-45.87904387735437,15940.750107169057
94721,ANL_021,6,7,12,Naive,ANL_017,0.9999999994231745,2.5520040588533734,1341.3333333333333,1612.6379010800906,10.770988579676022,11.637102892540456,-2.2449675460391223,-1341.3333333333333
94721,ANL_021,6,7,12,Bass-only,ANL_017,0.9999999994231745,70.08673734645838,36837.589149298525,38300.255721548085,316.9480322360969,118.9641682316122,-1829.374596919656,36837.589149298525
94721,ANL_021,6,7,12,Analog-only,ANL_017,0.9999999994231745,3.577054804900816,1880.100005455869,2074.830736681586,16.30532471361807,18.192236198119737,-4.371579138586445,-1880.100005455869
94721,ANL_021,6,7,12,Analog + Bass (Static),ANL_017,0.9999999994231745,71.18195567378054,37413.23590213905,38885.15667545674,321.87121820779817,119.7111402102809,-1885.706469853574,37413.23590213905
94721,ANL_021,6,7,12,Analog + Bass (Adaptive),ANL_017,0.9999999994231745,71.18195567378054,37413.23590213905,38885.15667545674,321.87121820779817,119.7111402102809,-1885.706469853574,37413.23590213905
94721,ANL_021,9,10,15,Naive,ANL_017,0.9999999994231745,3.245704467353952,1574.1666666666667,1883.2266193955522,11.196399795034402,12.158810639356625,-2.319048895944772,-1574.1666666666667
94721,ANL_021,9,10,15,Bass-only,ANL_017,0.9999999994231745,84.60643638022216,41034.12164440775,42966.36530463604,315.20068849257433,118.06292696784992,-1726.6895839668193,41034.12164440775
94721,ANL_021,9,10,15,Analog-only,ANL_017,0.9999999994231745,6.938006884101449,3364.9333387892025,3519.3205833941597,25.480881906959503,29.705409313841187,-10.591139723599573,-3364.9333387892025
94721,ANL_021,9,10,15,Analog + Bass (Static),ANL_017,0.9999999994231745,88.36123895402969,42855.2008927044,44822.88169604178,329.0913311701081,120.159251206375,-1879.2172391306601,42855.2008927044
94721,ANL_021,9,10,15,Analog + Bass (Adaptive),ANL_017,0.9999999994231745,88.36123895402969,42855.2008927044,44822.88169604178,329.0913311701081,120.159251206375,-1879.2172391306601,42855.2008927044
94721,ANL_021,12,13,18,Naive,ANL_017,0.9999999994231745,3.012043580683157,1549.8333333333333,1861.7058933497883,9.823003165310412,10.538527684765803,-2.257576419368454,-1549.8333333333333
94721,ANL_021,12,13,18,Bass-only,ANL_017,0.9999999994231745,71.83807689506551,36963.9559296428,39099.95996779488,249.29058929754117,106.63321454553343,-1435.8951901136995,36963.9559296428
94721,ANL_021,12,13,18,Analog-only,ANL_017,0.9999999994231745,9.951696123677486,5120.60000545587,5221.979004283803,34.095385706452035,41.6295554557113,-24.629651932431678,-5120.60000545587
94721,ANL_021,12,13,18,Analog + Bass (Static),ANL_017,0.9999999994231745,77.94632987621287,40106.929736305894,42307.63650297569,270.3542246697456,110.70008137723886,-1681.3253697598102,40106.929736305894
94721,ANL_021,12,13,18,Analog + Bass (Adaptive),ANL_017,0.9999999994231745,77.94632987621287,40106.929736305894,42307.63650297569,270.3542246697456,110.70008137723886,-1681.3253697598102,40106.929736305894
94721,ANL_021,18,19,24,Naive,ANL_017,0.9999999994231745,2.2778781161918835,1632.1666666666667,2075.745769597038,8.453530358392088,9.047735692365528,-1.6196771689167884,-1632.1666666666667
94721,ANL_021,18,19,24,Bass-only,ANL_017,0.9999999994231745,28.263333180464357,20251.50949830802,22832.480026269273,114.26715377145484,67.24150484976602,-315.96085152900116,20251.50949830802
94721,ANL_021,18,19,24,Analog-only,ANL_017,0.9999999994231745,11.633762971793486,8335.933338789202,8384.97705563259,45.654345011474135,59.57255713319783,-41.74676062866296,-8335.933338789202
94721,ANL_021,18,19,24,Analog + Bass (Static),ANL_017,0.9999999994231745,34.53892204472766,24748.153495695744,27348.85205405601,139.21384709279573,76.63042303007293,-453.7551812851672,24748.153495695744
94721,ANL_021,18,19,24,Analog + Bass (Adaptive),ANL_017,0.9999999994231745,34.53892204472766,24748.153495695744,27348.85205405601,139.21384709279573,76.63042303007293,-453.7551812851672,24748.153495695744
94721,ANL_022,6,7,12,Naive,ANL_016,0.9999999999943742,2.407779865178473,21788.0,28081.49330668391,8.375087994940573,8.976130516945425,-1.5125439503737947,-21788.0
94721,ANL_022,6,7,12,Bass-only,ANL_016,0.9999999999943742,88.02367728904933,796526.2557886074,826465.2062861485,329.6192056593162,121.15545730324177,-2175.3183264192644,796526.2557886074
94721,ANL_022,6,7,12,Analog-only,ANL_016,0.9999999999943742,16.829704939758507,152291.99999987474,152812.5386540494,61.78488663253125,89.56407049495567,-73.40313773417475,-152291.99999987474
94721,ANL_022,6,7,12,Analog + Bass (Static),ANL_016,0.9999999999943742,88.61666662017417,801892.2162459561,831920.1410445828,331.82908027853676,121.4763818485902,-2204.141930409745,801892.2162459561
94721,ANL_022,6,7,12,Analog + Bass (Adaptive),ANL_016,0.9999999999943742,88.61666662017417,801892.2162459561,831920.1410445828,331.82908027853676,121.4763818485902,-2204.141930409745,801892.2162459561
94721,ANL_022,9,10,15,Naive,ANL_016,0.9999999999943742,7.824493571952659,51098.833333333336,55869.32998673482,17.523395517452645,19.49980102765356,-5.116863537370373,-51098.833333333336
94721,ANL_022,9,10,15,Bass-only,ANL_016,0.9999999999943742,131.92750449477458,861569.0590411873,901034.8248584259,311.8512351711174,117.90570628240091,-1589.9810946630344,861569.0590411873
94721,ANL_022,9,10,15,Analog-only,ANL_016,0.9999999999943742,28.87944619897913,188600.83333320808,189365.84018468772,66.65631616382652,100.11834685913146,-69.27245786598488,-188600.83333320808
94721,ANL_022,9,10,15,Analog + Bass (Static),ANL_016,0.9999999999943742,134.76511923667147,880100.4568149876,919929.9864165881,318.51956169846966,118.93591522686589,-1657.4081243838052,880100.4568149876
94721,ANL_022,9,10,15,Analog + Bass (Adaptive),ANL_016,0.9999999999943742,134.76511923667147,880100.4568149876,919929.9864165881,318.51956169846966,118.93591522686589,-1657.4081243838052,880100.4568149876
94721,ANL_022,12,13,18,Naive,ANL_016,0.9999999999943742,4.378723142321257,54968.5,57874.08782722483,16.935029499693144,18.646899035621214,-9.215538698746691,-54968.5
94721,ANL_022,12,13,18,Bass-only,ANL_016,0.9999999999943742,61.7636628702745,775352.9492812123,818736.7640540086,246.45120235457304,106.4799497494896,-2043.4737534595783,775352.9492812123
94721,ANL_022,12,13,18,Analog-only,ANL_016,0.9999999999943742,17.936486613695678,225166.49999987474,225550.2167853316,70.50809754501225,109.03359594451423,-154.15988641540872,-225166.49999987474
94721,ANL_022,12,13,18,Analog + Bass (Static),ANL_016,0.9999999999943742,64.41454309693131,808630.8947011043,852710.0513833088,256.9811815686588,108.58103264354335,-2216.663864078758,808630.8947011043
94721,ANL_022,12,13,18,Analog + Bass (Adaptive),ANL_016,0.9999999999943742,64.41454309693131,808630.8947011043,852710.0513833088,256.9811815686588,108.58103264354335,-2216.663864078758,808630.8947011043
94721,ANL_022,18,19,24,Naive,ANL_016,0.9999999999943742,3.7355879592695813,61423.833333333336,63753.8121513791,15.683125456638377,17.114695184819944,-12.9358532887803,-61423.833333333336
94721,ANL_022,18,19,24,Bass-only,ANL_016,0.9999999999943742,25.861878043371277,425243.8180932664,475361.3489680546,112.17477764725412,67.12523294559546,-773.7631967898024,425243.8180932664
94721,ANL_022,18,19,24,Analog-only,ANL_016,0.9999999999943742,17.817912154604844,292977.83333320805,293172.86927811033,75.6929466344005,121.88101479592154,-293.6923103610506,-292977.83333320805
94721,ANL_022,18,19,24,Analog + Bass (Static),ANL_016,0.9999999999943742,29.08665755726248,478268.4882543543,528709.5574672726,126.01994808575839,72.58106182541536,-957.4193450573915,478268.4882543543
94721,ANL_022,18,19,24,Analog + Bass (Adaptive),ANL_016,0.9999999999943742,29.08665755726248,478268.4882543543,528709.5574672726,126.01994808575839,72.58106182541536,-957.4193450573915,478268.4882543543
94721,ANL_023,6,7,12,Naive,ANL_036,0.9999999999958296,3.5573866666666665,33350.5,36124.48849234178,17.461365707379542,19.392564759841516,-5.771272226226085,-33350.5
94721,ANL_023,6,7,12,Bass-only,ANL_036,0.9999999999958296,59.97975821742583,562310.2332883672,584931.0611246115,310.22445118651996,117.88214803258836,-1774.318297975291,562310.2332883672
94721,ANL_023,6,7,12,Analog-only,ANL_036,0.9999999999958296,10.410254222200443,97596.13333312915,97715.40117675123,52.682800995331945,71.67425044413466,-48.54420912542203,-97596.13333312915
94721,ANL_023,6,7,12,Analog + Bass (Static),ANL_036,0.9999999999958296,60.720935649810244,569258.7717169711,591990.2222635163,314.0338330164765,118.47664836049935,-1817.4272409033485,569258.7717169711
94721,ANL_023,6,7,12,Analog + Bass (Adaptive),ANL_036,0.9999999999958296,60.720935649810244,569258.7717169711,591990.2222635163,314.0338330164765,118.47664836049935,-1817.4272409033485,569258.7717169711
94721,ANL_023,9,10,15,Naive,ANL_036,0.9999999999958296,1.9849161275953877,24509.0,29843.63937256983,10.983438173488125,11.918822657361794,-2.071693384964456,-24509.0
94721,ANL_023,9,10,15,Bass-only,ANL_036,0.9999999999958296,50.669211570889296,625644.423523002,656289.2082791653,304.0182418244021,116.14137176828166,-1484.4732023971494,625644.423523002
94721,ANL_023,9,10,15,Analog-only,ANL_036,0.9999999999958296,10.029996321813236,123846.63333312915,124039.48917000671,58.52967002259767,82.8654360761547,-52.06329737558804,-123846.63333312915
94721,ANL_023,9,10,15,Analog + Bass (Static),ANL_036,0.9999999999958296,51.8244542222394,639908.9265658788,670823.110257071,310.89663473432745,117.2388052494038,-1550.995034673428,639908.9265658788
94721,ANL_023,9,10,15,Analog + Bass (Adaptive),ANL_036,0.9999999999958296,51.8244542222394,639908.9265658788,670823.110257071,310.89663473432745,117.2388052494038,-1550.995034673428,639908.9265658788
94721,ANL_023,12,13,18,Naive,ANL_036,0.9999999999958296,2.955189869724423,30692.333333333332,32502.0118197833,12.94276696000208,13.934708757031814,-8.237210625357775,-30692.333333333332
94721,ANL_023,12,13,18,Bass-only,ANL_036,0.9999999999958296,55.23784610922856,573695.2480680742,605767.2539727341,249.07308474654485,106.9873201610344,-3207.7209104847334,573695.2480680742
94721,ANL_023,12,13,18,Analog-only,ANL_036,0.9999999999958296,14.00878492127522,145493.96666646248,145649.58548452499,62.33940420890405,90.80748236508059,-184.49784327601967,-145493.96666646248
94721,ANL_023,12,13,18,Analog + Bass (Static),ANL_036,0.9999999999958296,57.89538004044511,601296.1538836956,633947.9236188951,261.0038070720791,109.33463538536832,-3513.2085098938646,601296.1538836956
94721,ANL_023,12,13,18,Analog + Bass (Adaptive),ANL_036,0.9999999999958296,57.89538004044511,601296.1538836956,633947.9236188951,261.0038070720791,109.33463538536832,-3513.2085098938646,601296.1538836956
94721,ANL_023,18,19,24,Naive,ANL_036,0.9999999999958296,3.048536683398297,31974.666666666668,35289.69982870356,11.051435635272828,11.831557445488079,-4.584997654411513,-31974.666666666668
94721,ANL_023,18,19,24,Bass-only,ANL_036,0.9999999999958296,29.98687380393115,314518.20785940846,351996.92298873694,114.00705907408677,67.69051215944309,-554.6544548862321,314518.20785940846
94721,ANL_023,18,19,24,Analog-only,ANL_036,0.9999999999958296,18.546384565752668,194524.29999979585,194683.8908764508,68.87175272720522,105.21204499024297,-168.97580280560447,-194524.29999979585
94721,ANL_023,18,19,24,Analog + Bass (Static),ANL_036,0.9999999999958296,34.11102324141642,357774.4705329856,395504.7380882414,129.50252702002945,73.69640379066645,-700.504478145484,357774.4705329856
94721,ANL_023,18,19,24,Analog + Bass (Adaptive),ANL_036,0.9999999999958296,34.11102324141642,357774.4705329856,395504.7380882414,129.50252702002945,73.69640379066645,-700.504478145484,357774.4705329856
94721,ANL_024,6,7,12,Naive,ANL_029,0.9999999999930375,6.3927617691966105,70060.83333333333,81822.80144006315,42.617462478375565,57.383725018311914,-2.7476386582801657,-70060.83333333333
94721,ANL_024,6,7,12,Bass-only,ANL_029,0.9999999999930375,9.526453487749679,104404.21435364382,128030.39682313499,94.84718067261939,53.5717846546221,-8.175615446962967,91713.73878555512
94721,ANL_024,6,7,12,Analog-only,ANL_029,0.9999999999930375,6.639864712784071,72768.93333328575,78760.35717588494,47.359643261855474,62.75456897259107,-2.472357041578328,-72768.93333328575
94721,ANL_024,6,7,12,Analog + Bass (Static),ANL_029,0.9999999999930375,8.865886355635684,97164.79492595371,119989.37029054477,88.3861827548994,51.253418514714944,-7.059248906979562,82163.41956683794
94721,ANL_024,6,7,12,Analog + Bass (Adaptive),ANL_029,0.9999999999930375,8.865886355635684,97164.79492595371,119989.37029054477,88.3861827548994,51.253418514714944,-7.059248906979562,82163.41956683794
94721,ANL_024,9,10,15,Naive,ANL_029,0.9999999999930375,6.698808760733384,90138.33333333333,99546.7452623808,38.559356907383716,49.268112919770104,-4.552705463210267,-90138.33333333333
94721,ANL_024,9,10,15,Bass-only,ANL_029,0.9999999999930375,11.504886758687894,154808.31811405945,191437.01983555648,84.25939864557589,50.48641355877589,-19.53536171170411,147627.1826397505
94721,ANL_024,9,10,15,Analog-only,ANL_029,0.9999999999930375,10.827718995107027,145696.43333328576,148783.62118134074,66.00703021485246,98.56674354216466,-11.40397140774581,-145696.43333328576
94721,ANL_024,9,10,15,Analog + Bass (Static),ANL_029,0.9999999999930375,10.037685787862799,135065.84525075834,168409.1613237762,73.66273765696599,46.254923085756744,-14.892123575212915,121818.86848905294
94721,ANL_024,9,10,15,Analog + Bass (Adaptive),ANL_029,0.9999999999930375,10.037685787862799,135065.84525075834,168409.1613237762,73.66273765696599,46.254923085756744,-14.892123575212915,121818.86848905294
94721,ANL_024,12,13,18,Naive,ANL_029,0.9999999999930375,4.306681747151709,74077.66666666667,80954.19745551597,24.945079538530997,29.07313538314234,-5.14735625841079,-74077.66666666667
94721,ANL_024,12,13,18,Bass-only,ANL_029,0.9999999999930375,11.001455432889113,189232.03437187732,234502.7798583629,72.87916851994049,46.74769804478643,-50.58288516956467,187705.64615810625
94721,ANL_024,12,13,18,Analog-only,ANL_029,0.9999999999930375,12.278369369699906,211195.7666666191,212250.15214182186,74.12069271919012,117.81709265447546,-41.257680922180676,-211195.7666666191
94721,ANL_024,12,13,18,Analog + Bass (Static),ANL_029,0.9999999999930375,8.889591621921868,152906.63290990645,191245.1722798562,58.958921349723546,40.46549886218496,-33.3076207596933,140506.03968579395
94721,ANL_024,12,13,18,Analog + Bass (Adaptive),ANL_029,0.9999999999930375,8.889591621921868,152906.63290990645,191245.1722798562,58.958921349723546,40.46549886218496,-33.3076207596933,140506.03968579395
94721,ANL_024,18,19,24,Naive,ANL_029,0.9999999999930375,1.8540802722089993,35557.333333333336,36334.842052773536,9.646646248855008,10.155246176154986,-22.618899598611243,-35557.333333333336
94721,ANL_024,18,19,24,Bass-only,ANL_029,0.9999999999930375,7.706862277089725,147801.29806034706,190888.73196120508,40.81369359408226,30.778880206898833,-650.8890599840416,140513.84841945415
94721,ANL_024,18,19,24,Analog-only,ANL_029,0.9999999999930375,15.273241744981531,292908.4333332858,293077.66454102023,79.80748274210666,133.0276598466597,-1535.6627046266897,-292908.4333332858
94721,ANL_024,18,19,24,Analog + Bass (Static),ANL_029,0.9999999999930375,5.762953823226608,110521.25042727245,141045.00646121925,30.56703014101242,25.18586068202583,-354.90044975489724,81802.80773335304
94721,ANL_024,18,19,24,Analog + Bass (Adaptive),ANL_029,0.9999999999930375,5.762953823226608,110521.25042727245,141045.00646121925,30.56703014101242,25.18586068202583,-354.90044975489724,81802.80773335304
94721,ANL_025,6,7,12,Naive,ANL_018,0.9999999999651938,2.866978257383096,8342.333333333334,9564.231472871548,13.080375263847358,14.248305859598121,-2.2379420332066093,-7951.333333333333
94721,ANL_025,6,7,12,Bass-only,ANL_018,0.9999999999651938,65.97432840452133,191972.10079147617,199690.2184056483,323.86573699798294,119.6654015491688,-1410.5052469527946,191972.10079147617
94721,ANL_025,6,7,12,Analog-only,ANL_018,0.9999999999651938,10.311361605509264,30003.999999710857,30377.81331096127,48.9303104653239,39.24348900101097,-31.66494494160397,30003.999999710857
94721,ANL_025,6,7,12,Analog + Bass (Static),ANL_018,0.9999999999651938,66.077425848257,192272.09373325823,199994.97321764668,324.36812935861883,119.74047238657386,-1414.8168378123721,192272.09373325823
94721,ANL_025,6,7,12,Analog + Bass (Adaptive),ANL_018,0.9999999999651938,66.077425848257,192272.09373325823,199994.97321764668,324.36812935861883,119.74047238657386,-1414.8168378123721,192272.09373325823
94721,ANL_025,9,10,15,Naive,ANL_018,0.9999999999651938,2.68004813095852,8445.166666666666,9694.19860019383,11.70567454257628,12.625893443411993,-1.7211490892278447,-7709.833333333333
94721,ANL_025,9,10,15,Bass-only,ANL_018,0.9999999999651938,67.26369344420566,211956.30600437254,222015.35421173665,316.25124356184017,118.06334046934256,-1426.2318632729402,211956.30600437254
94721,ANL_025,9,10,15,Analog-only,ANL_018,0.9999999999651938,6.959895275405088,21931.499999710857,22889.851103203055,31.75642359230438,27.15696954772219,-14.171008335854923,21931.499999710857
94721,ANL_025,9,10,15,Analog + Bass (Static),ANL_018,0.9999999999651938,67.77739969527791,213575.0586147826,223665.18103505432,318.64777880764217,118.43187327132686,-1447.5225926109897,213575.0586147826
94721,ANL_025,9,10,15,Analog + Bass (Adaptive),ANL_018,0.9999999999651938,67.77739969527791,213575.0586147826,223665.18103505432,318.64777880764217,118.43187327132686,-1447.5225926109897,213575.0586147826
94721,ANL_025,12,13,18,Naive,ANL_018,0.9999999999651938,2.994895753372685,10285.833333333334,11986.567252554003,12.343606706724998,13.435163070947606,-2.7930297618596587,-10285.833333333334
94721,ANL_025,12,13,18,Bass-only,ANL_018,0.9999999999651938,54.991123993014334,188864.5157574626,200308.1046354935,242.95226238730825,104.95344406228375,-1058.2382148638997,188864.5157574626
94721,ANL_025,12,13,18,Analog-only,ANL_018,0.9999999999651938,3.2915949777465565,11304.833333117014,13011.841137967283,14.189137217428144,12.967852778106248,-3.469656026711074,11197.499999710859
94721,ANL_025,12,13,18,Analog + Bass (Static),ANL_018,0.9999999999651938,56.206094079965354,193037.27529518283,204561.886744377,248.27610963993484,106.04739980542975,-1103.7042859172122,193037.27529518283
94721,ANL_025,12,13,18,Analog + Bass (Adaptive),ANL_018,0.9999999999651938,56.206094079965354,193037.27529518283,204561.886744377,248.27610963993484,106.04739980542975,-1103.7042859172122,193037.27529518283
94721,ANL_025,18,19,24,Naive,ANL_018,0.9999999999651938,2.371859542709188,9016.833333333334,10693.212060305672,9.035237513439348,9.618822943286876,-2.4606413564434964,-9016.833333333334
94721,ANL_025,18,19,24,Bass-only,ANL_018,0.9999999999651938,27.50296635275525,104554.95332232433,117312.31338914711,111.04348712824212,66.55130205516367,-415.51191795741636,104554.95332232433
94721,ANL_025,18,19,24,Analog-only,ANL_018,0.9999999999651938,2.164191952845004,8227.366666853768,8878.558941407613,8.714143924087486,9.052604018728095,-1.385751462681589,-5387.500000289142
94721,ANL_025,18,19,24,Analog + Bass (Static),ANL_018,0.9999999999651938,29.035020304083282,110379.19159952884,123153.26012080174,117.15641332092075,69.03195320550857,-458.0204775393176,110379.19159952884
94721,ANL_025,18,19,24,Analog + Bass (Adaptive),ANL_018,0.9999999999651938,29.035020304083282,110379.19159952884,123153.26012080174,117.15641332092075,69.03195320550857,-458.0204775393176,110379.19159952884
94721,ANL_026,6,7,12,Naive,ANL_027,0.9999999999936859,4.55369487835731,41278.333333333336,46473.48465523109,24.828583841665257,29.08977885360117,-3.7375755737462724,-41278.333333333336
94721,ANL_026,6,7,12,Bass-only,ANL_027,0.9999999999936859,38.75099616343836,351270.030022336,371163.89340668725,235.86212648359782,102.60623007950613,-301.1879334671364,351270.030022336
94721,ANL_026,6,7,12,Analog-only,ANL_027,0.9999999999936859,10.52260391845451,95385.30000000643,96017.53567306271,60.71660646699316,87.39996961833127,-19.223056080617813,-95385.30000000643
94721,ANL_026,6,7,12,Analog + Bass (Static),ANL_027,0.9999999999936859,39.327093227119555,356492.2346851933,376439.86187640415,239.30782444024405,103.34157496986347,-309.8399898507743,356492.2346851933
94721,ANL_026,6,7,12,Analog + Bass (Adaptive),ANL_027,0.9999999999936859,39.327093227119555,356492.2346851933,376439.86187640415,239.30782444024405,103.34157496986347,-309.8399898507743,356492.2346851933
94721,ANL_026,9,10,15,Naive,ANL_027,0.9999999999936859,4.327320773183264,55268.0,60414.789593829315,26.918408369478225,31.723237432512878,-5.130294911070107,-55268.0
94721,ANL_026,9,10,15,Bass-only,ANL_027,0.9999999999936859,32.005709466514006,408772.92059263354,437245.8385957126,220.01549950207138,98.43348400556086,-320.1043601988573,408772.92059263354
94721,ANL_026,9,10,15,Analog-only,ANL_027,0.9999999999936859,10.561328439768875,134887.9666666731,135429.74957813017,68.67679394848449,104.70851519647697,-29.805125603634874,-134887.9666666731
94721,ANL_026,9,10,15,Analog + Bass (Static),ANL_027,0.9999999999936859,33.10560376907443,422820.6331381475,451464.51885987126,227.43343880225856,100.12323473057883,-341.327731060379,422820.6331381475
94721,ANL_026,9,10,15,Analog + Bass (Adaptive),ANL_027,0.9999999999936859,33.10560376907443,422820.6331381475,451464.51885987126,227.43343880225856,100.12323473057883,-341.327731060379,422820.6331381475
94721,ANL_026,12,13,18,Naive,ANL_027,0.9999999999936859,3.2947763864042936,46044.5,52295.665580428366,18.311822089780172,20.663259981933027,-3.4487648601043217,-46044.5
94721,ANL_026,12,13,18,Bass-only,ANL_027,0.9999999999936859,27.660920180454188,386561.3595218473,421482.17031444266,170.6112965241486,85.65166075982135,-287.97912885522544,386561.3595218473
94721,ANL_026,12,13,18,Analog-only,ANL_027,0.9999999999936859,12.680820512820972,177214.46666667308,177766.54649969697,74.19736338870652,118.1220340641836,-50.40532780829601,-177214.46666667308
94721,ANL_026,12,13,18,Analog + Bass (Static),ANL_027,0.9999999999936859,29.400859888404042,410877.0169404465,446031.2438184589,181.1202098989584,88.67127445155764,-322.62243784001663,410877.0169404465
94721,ANL_026,12,13,18,Analog + Bass (Adaptive),ANL_027,0.9999999999936859,29.400859888404042,410877.0169404465,446031.2438184589,181.1202098989584,88.67127445155764,-322.62243784001663,410877.0169404465
94721,ANL_026,18,19,24,Naive,ANL_027,0.9999999999936859,5.07784068921974,73328.5,78967.21305178921,20.683309725352046,23.379756701130468,-6.26149343295054,-73328.5
94721,ANL_026,18,19,24,Bass-only,ANL_027,0.9999999999936859,13.156043595749459,189984.87779638314,238713.98452382482,58.953088388848464,40.54952162943572,-65.35719977977415,179999.29715423414
94721,ANL_026,18,19,24,Analog-only,ANL_027,0.9999999999936859,19.577229407252457,282712.4666666731,283221.1923784958,82.10139551014667,139.38466294571225,-92.40794567753137,-282712.4666666731
94721,ANL_026,18,19,24,Analog + Bass (Static),ANL_027,0.9999999999936859,14.971635232486099,216203.62302348088,270127.5209595128,67.05022009851486,44.30344548180735,-83.9708559126648,213844.61291499026
94721,ANL_026,18,19,24,Analog + Bass (Adaptive),ANL_027,0.9999999999936859,14.971635232486099,216203.62302348088,270127.5209595128,67.05022009851486,44.30344548180735,-83.9708559126648,213844.61291499026
94721,ANL_027,6,7,12,Naive,ANL_026,0.9999999999936859,5.190381558028617,32647.5,37616.79825778194,27.884900092779922,33.52357224161702,-3.052601293635809,-32647.5
94721,ANL_027,6,7,12,Bass-only,ANL_026,0.9999999999936859,32.05377632513808,201618.25308511851,216837.0759141631,202.25571997700507,93.15342281219844,-133.65959596072105,201618.25308511851
94721,ANL_027,6,7,12,Analog-only,ANL_026,0.9999999999936859,1.6036459989472667,10086.933333378307,10367.083880619095,9.818416918799855,9.327158081519439,0.6921894876855503,8387.266666734138
94721,ANL_027,6,7,12,Analog + Bass (Static),ANL_026,0.9999999999936859,31.642557131618094,199031.68435787782,214244.259257565,199.74051622075294,92.51494054363606,-130.45848115460043,199031.68435787782
94721,ANL_027,6,7,12,Analog + Bass (Adaptive),ANL_026,0.9999999999936859,31.642557131618094,199031.68435787782,214244.259257565,199.74051622075294,92.51494054363606,-130.45848115460043,199031.68435787782
94721,ANL_027,9,10,15,Naive,ANL_026,0.9999999999936859,5.63621197419267,41386.0,48133.88589825952,26.311901157346234,31.5646194771184,-2.835434742654955,-41386.0
94721,ANL_027,9,10,15,Bass-only,ANL_026,0.9999999999936859,32.99978045932517,242313.26294026733,265487.3471212746,185.39947557951214,87.5568295581695,-115.6810706056112,242313.26294026733
94721,ANL_027,9,10,15,Analog-only,ANL_026,0.9999999999936859,3.7647697030476297,27644.233333265864,29820.110278404998,18.257445019122876,20.251063256461112,-0.47207941602270354,-27644.233333265864
94721,ANL_027,9,10,15,Analog + Bass (Static),ANL_026,0.9999999999936859,32.06041503119674,235415.62002219874,258584.86844580117,180.3200233789151,86.14246125972805,-109.69269601644605,235415.62002219874
94721,ANL_027,9,10,15,Analog + Bass (Adaptive),ANL_026,0.9999999999936859,32.06041503119674,235415.62002219874,258584.86844580117,180.3200233789151,86.14246125972805,-109.69269601644605,235415.62002219874
94721,ANL_027,12,13,18,Naive,ANL_026,0.9999999999936859,5.14492976994133,45520.0,52070.06768128243,22.834608173188844,26.546795700428312,-3.241552800281198,-45520.0
94721,ANL_027,12,13,18,Bass-only,ANL_026,0.9999999999936859,25.549386930463516,226049.36220304552,255901.26408801947,131.11341204176307,71.52406987635472,-101.44563427592358,226049.36220304552
94721,ANL_027,12,13,18,Analog-only,ANL_026,0.9999999999936859,7.952288427873416,70358.23333326586,71314.85493507296,37.29176711848774,45.857666810686396,-6.956253270358177,-70358.23333326586
94721,ANL_027,12,13,18,Analog + Bass (Static),ANL_026,0.9999999999936859,24.30042968960164,214999.1562437364,244969.19154227572,124.9448148921054,69.22084271475906,-92.87966497897682,214999.1562437364
94721,ANL_027,12,13,18,Analog + Bass (Adaptive),ANL_026,0.9999999999936859,24.30042968960164,214999.1562437364,244969.19154227572,124.9448148921054,69.22084271475906,-92.87966497897682,214999.1562437364
94721,ANL_027,18,19,24,Naive,ANL_026,0.9999999999936859,4.048372299856316,42484.333333333336,46794.02391687782,15.491508326749296,17.057491950294953,-4.690998930577264,-42484.333333333336
94721,ANL_027,18,19,24,Bass-only,ANL_026,0.9999999999936859,11.950223819840541,125407.75762843368,158153.27613280466,50.02328386551249,36.15635059692341,-64.00759570774203,112564.23637541635
94721,ANL_027,18,19,24,Analog-only,ANL_026,0.9999999999936859,14.141230336893774,148400.5666665992,148599.09071076647,55.91655597114785,77.68863873061758,-56.39050185851336,-148400.5666665992
94721,ANL_027,18,19,24,Analog + Bass (Static),ANL_026,0.9999999999936859,10.536282448622197,110569.60735980286,141607.24315153764,44.11911493823632,32.91329010937214,-51.116909499686734,93409.92991271347
94721,ANL_027,18,19,24,Analog + Bass (Adaptive),ANL_026,0.9999999999936859,10.536282448622197,110569.60735980286,141607.24315153764,44.11911493823632,32.91329010937214,-51.116909499686734,93409.92991271347
94721,ANL_028,6,7,12,Naive,ANL_021,0.9999999991386677,6.203861442362294,3641.6666666666665,3929.766490094121,30.950969097961117,37.30353346093598,-6.0796600664926075,-3641.6666666666665
94721,ANL_028,6,7,12,Bass-only,ANL_021,0.9999999991386677,38.60412661550792,22660.622323303152,24099.991442470044,213.1396251030344,97.12526953007504,-265.2641471629224,22660.622323303152
94721,ANL_028,6,7,12,Analog-only,ANL_021,0.9999999991386677,1.253321984288531,735.7000047773678,814.7821466370602,6.798376702453944,7.097760869511103,0.6956579765172437,-735.7000047773678
94721,ANL_028,6,7,12,Analog + Bass (Static),ANL_021,0.9999999991386677,38.81398003545924,22783.806280814573,24224.134351112003,214.27437197278329,97.3958244518293,-268.0143507112674,22783.806280814573
94721,ANL_028,6,7,12,Analog + Bass (Adaptive),ANL_021,0.9999999991386677,38.81398003545924,22783.806280814573,24224.134351112003,214.27437197278329,97.3958244518293,-268.0143507112674,22783.806280814573
94721,ANL_028,9,10,15,Naive,ANL_021,0.9999999991386677,4.044060666445256,3044.1666666666665,3352.06923655623,21.185316372357267,24.167938027283476,-4.7054272774314025,-3044.1666666666665
94721,ANL_028,9,10,15,Bass-only,ANL_021,0.9999999991386677,37.340611995314184,28108.145679472753,30004.24550131308,213.57534875550348,97.53645396716274,-456.11727493066775,28108.145679472753
94721,ANL_028,9,10,15,Analog-only,ANL_021,0.9999999991386677,4.284556632052299,3225.2000047773677,3259.1212419990284,23.74434367207546,27.101899888789433,-4.393407654733529,-3225.2000047773677
94721,ANL_028,9,10,15,Analog + Bass (Static),ANL_021,0.9999999991386677,37.254705900559344,28043.479866646045,29938.761132917294,213.09174623324466,97.42100828620259,-454.12413229608063,28043.479866646045
94721,ANL_028,9,10,15,Analog + Bass (Adaptive),ANL_021,0.9999999991386677,37.254705900559344,28043.479866646045,29938.761132917294,213.09174623324466,97.42100828620259,-454.12413229608063,28043.479866646045
94721,ANL_028,12,13,18,Naive,ANL_021,0.9999999991386677,4.187204240015142,3351.6666666666665,4001.833621395739,18.542417591028794,21.11236391953307,-2.349647073117574,-3351.6666666666665
94721,ANL_028,12,13,18,Bass-only,ANL_021,0.9999999991386677,33.55884812192305,26862.33251941204,29477.117254237422,170.0976636323005,84.87173015854123,-180.7402042653848,26862.33251941204
94721,ANL_028,12,13,18,Analog-only,ANL_021,0.9999999991386677,7.89014197076105,6315.700004777368,6339.488612507616,37.57828346040282,46.322582676817355,-7.4060011679795785,-6315.700004777368
94721,ANL_028,12,13,18,Analog + Bass (Static),ANL_021,0.9999999991386677,33.48966439513546,26806.954090833435,29421.425252972975,169.75597124046,84.77057960420055,-180.05411856746377,26806.954090833435
94721,ANL_028,12,13,18,Analog + Bass (Adaptive),ANL_021,0.9999999991386677,33.48966439513546,26806.954090833435,29421.425252972975,169.75597124046,84.77057960420055,-180.05411856746377,26806.954090833435
94721,ANL_028,18,19,24,Naive,ANL_021,0.9999999991386677,3.19072708113804,3028.0,3775.5250848943733,11.860253382860591,13.038409714648177,-1.5115791448298155,-2929.0
94721,ANL_028,18,19,24,Bass-only,ANL_021,0.9999999991386677,13.997751089250675,13283.865783698891,17214.75999504806,60.956992674589685,40.3851881152224,-51.2148569401937,13064.48728821238
94721,ANL_028,18,19,24,Analog-only,ANL_021,0.9999999991386677,13.931541979041834,13221.0333381107,13292.433032877383,55.66109790164807,77.33824050589149,-30.131576224735596,-13221.0333381107
94721,ANL_028,18,19,24,Analog + Bass (Static),ANL_021,0.9999999991386677,14.246829228068165,13520.240937436689,17495.189243256504,62.01283600920172,40.88063542369551,-52.92987790854842,13369.619804927352
94721,ANL_028,18,19,24,Analog + Bass (Adaptive),ANL_021,0.9999999991386677,14.246829228068165,13520.240937436689,17495.189243256504,62.01283600920172,40.88063542369551,-52.92987790854842,13369.619804927352
94721,ANL_029,6,7,12,Naive,ANL_033,0.9999999999962564,3.368925544419698,29042.833333333332,36382.41035399753,21.849424590096366,26.051273013737347,-1.7565543177491265,-29042.833333333332
94721,ANL_029,6,7,12,Bass-only,ANL_033,0.9999999999962564,25.117619886065125,216533.97751379022,233763.1875122235,204.05199381509297,92.69690271107687,-112.79832241224122,216533.97751379022
94721,ANL_029,6,7,12,Analog-only,ANL_033,0.9999999999962564,3.596994091825464,31008.96666680896,32392.59734736826,25.668535759036548,29.549418977048266,-1.1851193556691508,-31008.96666680896
94721,ANL_029,6,7,12,Analog + Bass (Static),ANL_033,0.9999999999962564,24.677964721040766,212743.7982671482,229970.68743825395,200.6100874423633,91.82610189241038,-109.13581899777334,212743.7982671482
94721,ANL_029,6,7,12,Analog + Bass (Adaptive),ANL_033,0.9999999999962564,24.677964721040766,212743.7982671482,229970.68743825395,200.6100874423633,91.82610189241038,-109.13581899777334,212743.7982671482
94721,ANL_029,9,10,15,Naive,ANL_033,0.9999999999962564,5.1779486878412495,44098.0,51845.90272785947,25.79239124572526,30.735645633310494,-2.6159910042135897,-44098.0
94721,ANL_029,9,10,15,Bass-only,ANL_033,0.9999999999962564,29.951674297991577,255083.43415884525,280181.3679023653,177.851826513026,85.92443741718581,-104.60317180971795,255083.43415884525
94721,ANL_029,9,10,15,Analog-only,ANL_033,0.9999999999962564,8.347576273524997,71092.13333347563,72655.11860440458,44.6887481689038,57.59163509254343,-6.101186063834568,-71092.13333347563
94721,ANL_029,9,10,15,Analog + Bass (Static),ANL_033,0.9999999999962564,29.304214070715467,249569.3391332483,274670.4137876089,174.14617948052125,84.85928474278217,-100.48975953281632,249569.3391332483
94721,ANL_029,9,10,15,Analog + Bass (Adaptive),ANL_033,0.9999999999962564,29.304214070715467,249569.3391332483,274670.4137876089,174.14617948052125,84.85928474278217,-100.48975953281632,249569.3391332483
94721,ANL_029,12,13,18,Naive,ANL_033,0.9999999999962564,6.129528206304601,58298.5,67398.23299241606,25.78779534951518,30.847885751409983,-2.9714068624846255,-58298.5
94721,ANL_029,12,13,18,Bass-only,ANL_033,0.9999999999962564,25.073671969605783,238477.97352764514,274732.86289541284,129.01658529754317,69.08333526639069,-64.98854982253923,238477.97352764514
94721,ANL_029,12,13,18,Analog-only,ANL_033,0.9999999999962564,12.804276028638641,121782.63333347563,123647.25785125465,58.11127320595768,81.94850648533779,-12.36645804213367,-121782.63333347563
94721,ANL_029,12,13,18,Analog + Bass (Static),ANL_033,0.9999999999962564,24.222167896019407,230379.24087430388,266790.5892900585,124.87223427462621,67.52275380772443,-61.2283625549253,230379.24087430388
94721,ANL_029,12,13,18,Analog + Bass (Adaptive),ANL_033,0.9999999999962564,24.222167896019407,230379.24087430388,266790.5892900585,124.87223427462621,67.52275380772443,-61.2283625549253,230379.24087430388
94721,ANL_029,18,19,24,Naive,ANL_033,0.9999999999962564,5.725354989794401,68695.16666666667,78021.00492709212,20.49024404235482,23.408904195822526,-3.4489468199428694,-68695.16666666667
94721,ANL_029,18,19,24,Bass-only,ANL_033,0.9999999999962564,11.422343610735128,137049.98195955742,167789.63438475036,46.66041228115312,35.57032594286084,-19.57616293535987,96659.52989817485
94721,ANL_029,18,19,24,Analog-only,ANL_033,0.9999999999962564,19.296745647720133,231530.3000001423,232865.0246538377,72.70805823871318,114.28200248705718,-38.63169648964427,-231530.3000001423
94721,ANL_029,18,19,24,Analog + Bass (Static),ANL_033,0.9999999999962564,10.755082865407713,129043.91278269456,156078.03398134172,43.661395593096145,34.42616427958702,-16.804004960440736,81083.49268770008
94721,ANL_029,18,19,24,Analog + Bass (Adaptive),ANL_033,0.9999999999962564,10.755082865407713,129043.91278269456,156078.03398134172,43.661395593096145,34.42616427958702,-16.804004960440736,81083.49268770008
94721,ANL_030,6,7,12,Naive,ANL_029,0.9999999999946201,5.773612916034944,42650.833333333336,49944.3772694518,34.606560146475545,43.85832660383049,-2.693567819470515,-42650.833333333336
94721,ANL_030,6,7,12,Bass-only,ANL_029,0.9999999999946201,18.376570380248218,135751.40071296963,155027.99938111176,144.08370465904488,73.12104132054915,-34.58714581522707,135751.40071296963
94721,ANL_030,6,7,12,Analog-only,ANL_029,0.9999999999946201,2.9103945563593188,21499.666666737558,25034.52160390586,17.616845998175688,19.64525181688269,0.07199254282745327,-21499.666666737558
94721,ANL_030,6,7,12,Analog + Bass (Static),ANL_029,0.9999999999946201,17.954494675841335,132633.44306937512,152002.8816077985,141.01303086711826,72.0646405276598,-33.21184652559216,132633.44306937512
94721,ANL_030,6,7,12,Analog + Bass (Adaptive),ANL_029,0.9999999999946201,17.954494675841335,132633.44306937512,152002.8816077985,141.01303086711826,72.0646405276598,-33.21184652559216,132633.44306937512
94721,ANL_030,9,10,15,Naive,ANL_029,0.9999999999946201,7.593055988443138,63949.666666666664,71652.94573846912,36.536701610754115,46.1863279326443,-3.9150100585592638,-63949.666666666664
94721,ANL_030,9,10,15,Bass-only,ANL_029,0.9999999999946201,20.214220306410898,170246.69019813088,199806.6837684764,121.52993574371163,65.48318887902388,-37.218737406000876,170246.69019813088
94721,ANL_030,9,10,15,Analog-only,ANL_029,0.9999999999946201,8.696083233159195,73239.50000007088,75621.67864382865,44.16475924260797,56.77191110808442,-4.4745564609295885,-73239.50000007088
94721,ANL_030,9,10,15,Analog + Bass (Static),ANL_029,0.9999999999946201,18.96435117260346,159720.13611956293,189676.91807290545,114.54967563116645,62.71807976855257,-33.44175562673481,159720.13611956293
94721,ANL_030,9,10,15,Analog + Bass (Adaptive),ANL_029,0.9999999999946201,18.96435117260346,159720.13611956293,189676.91807290545,114.54967563116645,62.71807976855257,-33.44175562673481,159720.13611956293
94721,ANL_030,12,13,18,Naive,ANL_029,0.9999999999946201,6.392779661296576,70452.5,78496.35592284949,29.678766210263657,35.87931848032079,-4.142775148323699,-70452.5
94721,ANL_030,12,13,18,Bass-only,ANL_029,0.9999999999946201,15.188347999103804,167385.260262487,208207.93764747132,85.61810691199395,51.204338503602266,-35.18204503668513,167385.260262487
94721,ANL_030,12,13,18,Analog-only,ANL_029,0.9999999999946201,12.122016272508985,133592.33333340424,135371.40809498585,59.526722756113784,84.78853631336789,-14.295104121583952,-133592.33333340424
94721,ANL_030,12,13,18,Analog + Bass (Static),ANL_029,0.9999999999946201,13.338273706089023,146996.26423345946,188606.30750983075,75.89498160860715,46.43799471209222,-28.69005283049384,146326.51914398035
94721,ANL_030,12,13,18,Analog + Bass (Adaptive),ANL_029,0.9999999999946201,13.338273706089023,146996.26423345946,188606.30750983075,75.89498160860715,46.43799471209222,-28.69005283049384,146326.51914398035
94721,ANL_030,18,19,24,Naive,ANL_029,0.9999999999946201,6.4955947762284305,94152.5,99455.94362916007,26.093477781994245,30.37532635687612,-8.633392019578839,-94152.5
94721,ANL_030,18,19,24,Bass-only,ANL_029,0.9999999999946201,8.006066728852064,116046.52439940558,142045.98053120344,34.99528430990186,29.511821716150603,-18.650592389183316,55096.724122755106
94721,ANL_030,18,19,24,Analog-only,ANL_029,0.9999999999946201,18.051501820803665,261653.33333340427,262337.88915576803,74.41683391763165,118.5688851356225,-66.02545775274686,-261653.33333340427
94721,ANL_030,18,19,24,Analog + Bass (Static),ANL_029,0.9999999999946201,7.2538295545778535,105142.97930603752,123333.91154117217,31.054671444677663,28.769898415154177,-13.814355422842846,18319.016711056003
94721,ANL_030,18,19,24,Analog + Bass (Adaptive),ANL_029,0.9999999999946201,7.2538295545778535,105142.97930603752,123333.91154117217,31.054671444677663,28.769898415154177,-13.814355422842846,18319.016711056003
94721,ANL_031,6,7,12,Naive,ANL_034,0.9999999999286127,1.8456007071358609,5150.333333333333,6348.1340565555165,9.545320147484372,10.227927334607434,-1.0413089078167226,-4534.0
94721,ANL_031,6,7,12,Bass-only,ANL_034,0.9999999999286127,56.30908471680784,157136.13181072395,163552.58787086708,316.7473731035147,118.5901585524474,-1353.9753439685992,157136.13181072395
94721,ANL_031,6,7,12,Analog-only,ANL_034,0.9999999999286127,3.7414773405650403,10440.966666580802,10667.745879595108,20.437959442422667,22.87241990118797,-4.764503076066003,-10440.966666580802
94721,ANL_031,6,7,12,Analog + Bass (Static),ANL_034,0.9999999999286127,56.56448467313422,157848.85092884835,164276.502464409,318.17335576398114,118.80861436992434,-1365.9966422228624,157848.85092884835
94721,ANL_031,6,7,12,Analog + Bass (Adaptive),ANL_034,0.9999999999286127,56.56448467313422,157848.85092884835,164276.502464409,318.17335576398114,118.80861436992434,-1365.9966422228624,157848.85092884835
94721,ANL_031,9,10,15,Naive,ANL_034,0.9999999999286127,1.9470568033518787,5905.666666666667,6835.38426132723,9.84689597412447,10.414993864522854,-0.8711758170401089,-4664.0
94721,ANL_031,9,10,15,Bass-only,ANL_034,0.9999999999286127,57.66087192441526,174892.63215574203,183439.41635765578,312.79320588118344,117.28953726579047,-1346.640480070407,174892.63215574203
94721,ANL_031,9,10,15,Analog-only,ANL_034,0.9999999999286127,5.665762758402901,17184.9666665808,17220.162763952892,29.771737429647267,34.99819351375815,-10.875809759932295,-17184.9666665808
94721,ANL_031,9,10,15,Analog + Bass (Static),ANL_034,0.9999999999286127,58.06808428382433,176127.75814337467,184697.8260665083,314.9833406423704,117.6311707642183,-1365.1937534114168,176127.75814337467
94721,ANL_031,9,10,15,Analog + Bass (Adaptive),ANL_034,0.9999999999286127,58.06808428382433,176127.75814337467,184697.8260665083,314.9833406423704,117.6311707642183,-1365.1937534114168,176127.75814337467
94721,ANL_031,12,13,18,Naive,ANL_034,0.9999999999286127,2.2085027658717076,7307.333333333333,8548.532798088805,10.791684733757197,11.624004753089343,-2.713227981429115,-7307.333333333333
94721,ANL_031,12,13,18,Bass-only,ANL_034,0.9999999999286127,47.77550919307126,158076.1302355474,167473.6449113215,248.78941253913584,106.21860424195688,-1424.152683107136,158076.1302355474
94721,ANL_031,12,13,18,Analog-only,ANL_034,0.9999999999286127,7.4074706011390115,24509.299999914132,24551.622795294938,37.70155007322153,46.53577788562329,-29.628720593499835,-24509.299999914132
94721,ANL_031,12,13,18,Analog + Bass (Static),ANL_034,0.9999999999286127,48.44810676372711,160301.57216114653,169743.1208617117,252.26546277818863,106.91788533207078,-1463.0395714920467,160301.57216114653
94721,ANL_031,12,13,18,Analog + Bass (Adaptive),ANL_034,0.9999999999286127,48.44810676372711,160301.57216114653,169743.1208617117,252.26546277818863,106.91788533207078,-1463.0395714920467,160301.57216114653
94721,ANL_031,18,19,24,Naive,ANL_034,0.9999999999286127,2.3602915283227692,7359.666666666667,8366.40922578697,9.22123719252608,9.788561671776012,-3.421192363151654,-7359.666666666667
94721,ANL_031,18,19,24,Bass-only,ANL_034,0.9999999999286127,28.206597966749467,87951.49088361504,98127.33598739626,115.5725811002689,68.45114512933557,-607.1927257680957,87951.49088361504
94721,ANL_031,18,19,24,Analog-only,ANL_034,0.9999999999286127,11.904500578501489,37119.63333324747,37214.30667740892,47.77280550108498,62.91890073677941,-86.47441946775393,-37119.63333324747
94721,ANL_031,18,19,24,Analog + Bass (Static),ANL_034,0.9999999999286127,29.27216960062716,91274.06859941437,101466.86070477925,119.89289362852575,70.16690566371425,-649.2938580857477,91274.06859941437
94721,ANL_031,18,19,24,Analog + Bass (Adaptive),ANL_034,0.9999999999286127,29.27216960062716,91274.06859941437,101466.86070477925,119.89289362852575,70.16690566371425,-649.2938580857477,91274.06859941437
94721,ANL_032,6,7,12,Naive,ANL_030,0.9999999999735127,5.388702598747472,21855.5,24933.286863815876,21.008571851447762,24.18757419364086,-3.3169671186703455,-21855.5
94721,ANL_032,6,7,12,Bass-only,ANL_030,0.9999999999735127,63.454342093591976,257358.12066319035,270202.81752638106,277.05030602864383,110.61648513770241,-505.990031051368,257358.12066319035
94721,ANL_032,6,7,12,Analog-only,ANL_030,0.9999999999735127,2.707488863717044,10981.033333463587,11851.785389389312,10.891503515285759,11.599536505215719,0.024589939253725213,-10981.033333463587
94721,ANL_032,6,7,12,Analog + Bass (Static),ANL_030,0.9999999999735127,63.48072758961378,257465.13495795557,270311.20443655783,277.1637862324813,110.63700850851828,-506.39685215537685,257465.13495795557
94721,ANL_032,6,7,12,Analog + Bass (Adaptive),ANL_030,0.9999999999735127,63.48072758961378,257465.13495795557,270311.20443655783,277.1637862324813,110.63700850851828,-506.39685215537685,257465.13495795557
94721,ANL_032,9,10,15,Naive,ANL_030,0.9999999999735127,5.247034857782604,25972.166666666668,29738.013638551358,20.22297672693648,23.11918160710589,-3.215282450439239,-25972.166666666668
94721,ANL_032,9,10,15,Bass-only,ANL_030,0.9999999999735127,57.7149637934119,285681.8564069147,303547.62863234576,248.29971490852122,104.68735012542957,-438.1940589191525,285681.8564069147
94721,ANL_032,9,10,15,Analog-only,ANL_030,0.9999999999735127,6.95324629412465,34417.70000013025,35085.60322015675,28.100065799901724,32.77189876438071,-4.867602205555708,-34417.70000013025
94721,ANL_032,9,10,15,Analog + Bass (Static),ANL_030,0.9999999999735127,57.66772562781613,285448.0333919864,303310.4343447685,248.09977607602227,104.64649735551008,-437.50794833345867,285448.0333919864
94721,ANL_032,9,10,15,Analog + Bass (Adaptive),ANL_030,0.9999999999735127,57.66772562781613,285448.0333919864,303310.4343447685,248.09977607602227,104.64649735551008,-437.50794833345867,285448.0333919864
94721,ANL_032,12,13,18,Naive,ANL_030,0.9999999999735127,5.728769871288405,30980.666666666668,34483.49094856842,20.34454953037749,23.072703182412425,-4.185617929164024,-30980.666666666668
94721,ANL_032,12,13,18,Bass-only,ANL_030,0.9999999999735127,48.333074503296274,261380.87299796232,282760.32179571124,187.19955910161036,90.68368617322783,-347.67033503760234,261380.87299796232
94721,ANL_032,12,13,18,Analog-only,ANL_030,0.9999999999735127,10.968046800165293,59314.20000013025,59808.92990038142,40.446248100748974,50.752644929210376,-14.599480256733147,-59314.20000013025
94721,ANL_032,12,13,18,Analog + Bass (Static),ANL_030,0.9999999999735127,48.22497112748154,260796.25976913585,282168.7790712223,186.7879597285971,90.57215743875628,-346.21300428761447,260796.25976913585
94721,ANL_032,12,13,18,Analog + Bass (Adaptive),ANL_030,0.9999999999735127,48.22497112748154,260796.25976913585,282168.7790712223,186.7879597285971,90.57215743875628,-346.21300428761447,260796.25976913585
94721,ANL_032,18,19,24,Naive,ANL_030,0.9999999999735127,3.0187972755873886,21222.5,24353.695335615907,10.516056404987188,11.234422822684753,-1.4532829427349205,-18744.166666666668
94721,ANL_032,18,19,24,Bass-only,ANL_030,0.9999999999735127,19.57517159309704,137615.7592608361,167868.81109673108,75.32750322360972,48.57516365637142,-115.56225242973558,137615.7592608361
94721,ANL_032,18,19,24,Analog-only,ANL_030,0.9999999999735127,15.234837505875678,107102.70000013024,107318.87517832674,55.192616235516375,76.24730533547034,-46.63982155828627,-107102.70000013024
94721,ANL_032,18,19,24,Analog + Bass (Static),ANL_030,0.9999999999735127,19.130192299805028,134487.50247848814,164871.8169098745,73.67521769078117,47.70447330201734,-111.43738842724937,134487.50247848814
94721,ANL_032,18,19,24,Analog + Bass (Adaptive),ANL_030,0.9999999999735127,19.130192299805028,134487.50247848814,164871.8169098745,73.67521769078117,47.70447330201734,-111.43738842724937,134487.50247848814
94721,ANL_033,6,7,12,Naive,ANL_029,0.9999999999962564,5.01984126984127,27830.0,32620.125776377175,18.205367569792376,20.680757972332785,-2.674744399395073,-27830.0
94721,ANL_033,6,7,12,Bass-only,ANL_029,0.9999999999962564,72.41181370035734,401451.09515478107,420312.1825100821,294.0596018321705,113.83225628997697,-609.0983214027336,401451.09515478107
94721,ANL_033,6,7,12,Analog-only,ANL_029,0.9999999999962564,11.605357142872666,64340.100000086066,64547.359720578665,45.158309407996725,58.48494391457262,-13.388411134971168,-64340.100000086066
94721,ANL_033,6,7,12,Analog + Bass (Static),ANL_029,0.9999999999962564,74.01496003184405,410338.9384165434,429323.6509815385,300.4853230787326,114.90305240312668,-635.5397102090475,410338.9384165434
94721,ANL_033,6,7,12,Analog + Bass (Adaptive),ANL_029,0.9999999999962564,74.01496003184405,410338.9384165434,429323.6509815385,300.4853230787326,114.90305240312668,-635.5397102090475,410338.9384165434
94721,ANL_033,9,10,15,Naive,ANL_029,0.9999999999962564,5.273352547234173,31562.333333333332,34616.746188321435,18.254524462980328,20.41029803937731,-4.928216099552613,-31562.333333333332
94721,ANL_033,9,10,15,Bass-only,ANL_029,0.9999999999962564,74.51162846861104,445970.72429175425,469179.35257683415,274.93223987315434,111.16624340218482,-1088.003616749849,445970.72429175425
94721,ANL_033,9,10,15,Analog-only,ANL_029,0.9999999999962564,14.741979588725513,88234.43333341938,88394.52895269336,52.99889887913384,72.41333924085028,-37.65470030841721,-88234.43333341938
94721,ANL_033,9,10,15,Analog + Bass (Static),ANL_029,0.9999999999962564,78.03604348839272,467065.22928890254,490654.99436278356,287.82461703737573,113.44631579546578,-1189.978678488985,467065.22928890254
94721,ANL_033,9,10,15,Analog + Bass (Adaptive),ANL_029,0.9999999999962564,78.03604348839272,467065.22928890254,490654.99436278356,287.82461703737573,113.44631579546578,-1189.978678488985,467065.22928890254
94721,ANL_033,12,13,18,Naive,ANL_029,0.9999999999962564,3.893546650098374,28484.833333333332,32331.76220839192,14.333224062475228,15.732381643505,-2.5601465844660027,-27417.5
94721,ANL_033,12,13,18,Bass-only,ANL_029,0.9999999999962564,57.11163544463271,417823.5329460743,446114.29583829147,228.87743876627823,101.07349737562701,-676.799757144965,417823.5329460743
94721,ANL_033,12,13,18,Analog-only,ANL_029,0.9999999999962564,15.193819198520616,111156.60000008605,111271.515039291,58.686548830158195,83.26721447187491,-41.167429785874376,-111156.60000008605
94721,ANL_033,12,13,18,Analog + Bass (Static),ANL_029,0.9999999999962564,61.71442448609961,451497.11913807876,480383.6447277662,247.08489041117093,104.9604222571885,-784.9330527093176,451497.11913807876
94721,ANL_033,12,13,18,Analog + Bass (Adaptive),ANL_029,0.9999999999962564,61.71442448609961,451497.11913807876,480383.6447277662,247.08489041117093,104.9604222571885,-784.9330527093176,451497.11913807876
94721,ANL_033,18,19,24,Naive,ANL_029,0.9999999999962564,3.1728016140200084,26056.166666666668,29941.95897343169,10.547564764624303,11.244226234469911,-1.2318820676438151,-22244.833333333332
94721,ANL_033,18,19,24,Bass-only,ANL_029,0.9999999999962564,27.659214086117395,227147.22815075584,260973.425339756,99.77554077010193,60.89470029299419,-168.55218565906162,227147.22815075584
94721,ANL_033,18,19,24,Analog-only,ANL_029,0.9999999999962564,19.326365351107583,158714.93333341938,159399.6121087308,66.78593027052365,100.60910403252589,-62.25361361381313,-158714.93333341938
94721,ANL_033,18,19,24,Analog + Bass (Static),ANL_029,0.9999999999962564,33.5230452499763,275303.07925583475,308935.9924596617,120.4591046686392,69.50753086965294,-236.6007668553909,275303.07925583475
94721,ANL_033,18,19,24,Analog + Bass (Adaptive),ANL_029,0.9999999999962564,33.5230452499763,275303.07925583475,308935.9924596617,120.4591046686392,69.50753086965294,-236.6007668553909,275303.07925583475
94721,ANL_034,6,7,12,Naive,ANL_031,0.9999999999286127,3.161702655745843,8492.333333333334,9696.492389862773,18.139083967949222,20.463368415375808,-3.292801467133601,-8492.333333333334
94721,ANL_034,6,7,12,Bass-only,ANL_031,0.9999999999286127,48.80926784053282,131101.69341967115,136888.9057503242,307.1652321100268,116.39521454362927,-854.5551022613615,131101.69341967115
94721,ANL_034,6,7,12,Analog-only,ANL_031,0.9999999999286127,5.696128071461761,15299.79999994629,15432.931071742223,34.28718419843469,41.415587790338,-9.874475392611524,-15299.79999994629
94721,ANL_034,6,7,12,Analog + Bass (Static),ANL_031,0.9999999999286127,48.80746723750733,131096.8569999447,136883.99813875716,307.1540204814175,116.39342063992346,-854.4937582564755,131096.8569999447
94721,ANL_034,6,7,12,Analog + Bass (Adaptive),ANL_031,0.9999999999286127,48.80746723750733,131096.8569999447,136883.99813875716,307.1540204814175,116.39342063992346,-854.4937582564755,131096.8569999447
94721,ANL_034,9,10,15,Naive,ANL_031,0.9999999999286127,3.7240741691920487,9063.0,9374.568132275037,17.635044249498364,19.443183206295004,-14.29839501450532,-9063.0
94721,ANL_034,9,10,15,Bass-only,ANL_031,0.9999999999286127,59.36201149935434,144464.8752351162,151216.57906841682,288.8270529306474,114.53519122638214,-3979.541432684719,144464.8752351162
94721,ANL_034,9,10,15,Analog-only,ANL_031,0.9999999999286127,8.881182050074663,21613.466666612952,21648.58779684402,42.627205163644206,54.29671870536249,-80.58352639291766,-21613.466666612952
94721,ANL_034,9,10,15,Analog + Bass (Static),ANL_031,0.9999999999286127,59.69712458969831,145280.41482960456,152047.979686623,290.4505799974428,114.8116809148081,-4023.432418269391,145280.41482960456
94721,ANL_034,9,10,15,Analog + Bass (Adaptive),ANL_031,0.9999999999286127,59.69712458969831,145280.41482960456,152047.979686623,290.4505799974428,114.8116809148081,-4023.432418269391,145280.41482960456
94721,ANL_034,12,13,18,Naive,ANL_031,0.9999999999286127,1.6482092993615813,4310.666666666667,5410.879133745273,7.478511144969074,7.920840190999699,-1.7373086980535488,-4310.666666666667
94721,ANL_034,12,13,18,Bass-only,ANL_031,0.9999999999286127,52.130032119930945,136338.99036893577,144169.956913621,251.1054666535044,107.05593270316574,-1942.290147932973,136338.99036893577
94721,ANL_034,12,13,18,Analog-only,ANL_031,0.9999999999286127,10.002866511386417,26161.13333327962,26197.405903328203,47.322993371837356,62.08574810632673,-63.16595905270239,-26161.13333327962
94721,ANL_034,12,13,18,Analog + Bass (Static),ANL_031,0.9999999999286127,52.44008749960251,137149.8979341877,144997.35758879,252.5903659357524,107.35231957760907,-1964.6594886367236,137149.8979341877
94721,ANL_034,12,13,18,Analog + Bass (Adaptive),ANL_031,0.9999999999286127,52.44008749960251,137149.8979341877,144997.35758879,252.5903659357524,107.35231957760907,-1964.6594886367236,137149.8979341877
94721,ANL_034,18,19,24,Naive,ANL_031,0.9999999999286127,2.276116091982889,5331.333333333333,6864.210102650803,7.540883396145824,8.024943484371738,-1.5204189505840553,-5331.333333333333
94721,ANL_034,18,19,24,Bass-only,ANL_031,0.9999999999286127,31.72511340578451,74309.5465120549,83585.01307802305,113.80994792261596,67.2701048469876,-372.72179800617977,74309.5465120549
94721,ANL_034,18,19,24,Analog-only,ANL_031,0.9999999999286127,16.292488510487125,38161.799999946285,38218.26992067186,56.69487076206673,79.1931340780815,-77.13284653697147,-38161.799999946285
94721,ANL_034,18,19,24,Analog + Bass (Static),ANL_031,0.9999999999286127,32.84579819650143,76934.51990508767,86213.62311553356,117.7704442872912,68.8605490254673,-396.5972696627716,76934.51990508767
94721,ANL_034,18,19,24,Analog + Bass (Adaptive),ANL_031,0.9999999999286127,32.84579819650143,76934.51990508767,86213.62311553356,117.7704442872912,68.8605490254673,-396.5972696627716,76934.51990508767
94721,ANL_035,6,7,12,Naive,ANL_031,0.9999999997880152,4.899344873964163,7528.333333333333,8354.827007983667,20.415124875139647,23.21038300419378,-4.317389451003261,-7528.333333333333
94721,ANL_035,6,7,12,Bass-only,ANL_031,0.9999999997880152,57.74565165724641,88731.96833652483,93091.61905457628,261.6018197009983,108.4967372896463,-659.1531698599349,88731.96833652483
94721,ANL_035,6,7,12,Analog-only,ANL_031,0.9999999997880152,2.7332639153267273,4199.933332291049,4303.0046143545605,11.816791963622125,12.58373111374488,-0.4104807692863244,-4199.933332291049
94721,ANL_035,6,7,12,Analog + Bass (Static),ANL_031,0.9999999997880152,57.675781680774335,88624.60613067784,92982.85258300333,261.2890773265154,108.43661833805893,-657.6114503075513,88624.60613067784
94721,ANL_035,6,7,12,Analog + Bass (Adaptive),ANL_031,0.9999999997880152,57.675781680774335,88624.60613067784,92982.85258300333,261.2890773265154,108.43661833805893,-657.6114503075513,88624.60613067784
94721,ANL_035,9,10,15,Naive,ANL_031,0.9999999997880152,3.178141228693947,6145.333333333333,7361.015328517301,13.866323183478734,15.353065710577555,-2.3000270736238533,-6145.333333333333
94721,ANL_035,9,10,15,Bass-only,ANL_031,0.9999999997880152,53.686318595166,103809.20779357785,109749.36358977665,259.2802949788809,107.55607114215609,-732.5776307556213,103809.20779357785
94721,ANL_035,9,10,15,Analog-only,ANL_031,0.9999999997880152,5.483448617126407,10602.933332291048,10672.50709523202,25.36277220446857,29.06665583567929,-5.937052209109721,-10602.933332291048
94721,ANL_035,9,10,15,Analog + Bass (Static),ANL_031,0.9999999997880152,53.24591315604425,102957.62882635607,108883.9889702796,257.1791762372035,107.14567973971852,-721.0547086337232,102957.62882635607
94721,ANL_035,9,10,15,Analog + Bass (Adaptive),ANL_031,0.9999999997880152,53.24591315604425,102957.62882635607,108883.9889702796,257.1791762372035,107.14567973971852,-721.0547086337232,102957.62882635607
94721,ANL_035,12,13,18,Naive,ANL_031,0.9999999997880152,4.290569020021075,8143.5,9529.799464486823,15.747459693476577,17.510783060370247,-2.7067460367035516,-8143.5
94721,ANL_035,12,13,18,Bass-only,ANL_031,0.9999999997880152,50.550460540987075,95944.77410679347,103158.65843924326,203.79525194482974,95.14652717726092,-433.34685303639725,95944.77410679347
94721,ANL_035,12,13,18,Analog-only,ANL_031,0.9999999997880152,9.488988408302276,18010.09999895772,18151.016297966078,36.56918725543527,44.79730837919077,-12.447055631956445,-18010.09999895772
94721,ANL_035,12,13,18,Analog + Bass (Static),ANL_031,0.9999999997880152,49.987385570345346,94876.05781251547,102074.75909232603,201.5585834677792,94.58566655621773,-424.26734453149714,94876.05781251547
94721,ANL_035,12,13,18,Analog + Bass (Adaptive),ANL_031,0.9999999997880152,49.987385570345346,94876.05781251547,102074.75909232603,201.5585834677792,94.58566655621773,-424.26734453149714,94876.05781251547
94721,ANL_035,18,19,24,Naive,ANL_031,0.9999999997880152,2.9143245331273144,6435.0,7896.739495935437,9.562969894568392,10.289427910433092,-1.9766428929924986,-6435.0
94721,ANL_035,18,19,24,Bass-only,ANL_031,0.9999999997880152,23.026120548630125,50843.02864905465,60275.076884422175,83.14125314726515,53.00380234932408,-172.4229856806784,50843.02864905465
94721,ANL_035,18,19,24,Analog-only,ANL_031,0.9999999997880152,14.927410288043296,32960.59999895772,33036.9716103696,51.432830198981826,69.30637079348206,-51.09926219628597,-32960.59999895772
94721,ANL_035,18,19,24,Analog + Bass (Static),ANL_031,0.9999999997880152,22.416098507023307,49496.06409753729,58964.34399658123,80.99629923612123,51.93124347155857,-164.96253321800756,49496.06409753729
94721,ANL_035,18,19,24,Analog + Bass (Adaptive),ANL_031,0.9999999997880152,22.416098507023307,49496.06409753729,58964.34399658123,80.99629923612123,51.93124347155857,-164.96253321800756,49496.06409753729
94721,ANL_036,6,7,12,Naive,ANL_023,0.9999999999958296,2.1381375253321324,30385.5,35875.84880993526,13.012654498259419,14.258765757286614,-1.8765409319904487,-28976.5
94721,ANL_036,6,7,12,Bass-only,ANL_023,0.9999999999958296,46.28801686147195,657808.2652217502,685717.1736397865,308.27026277822154,116.97628067621795,-1049.8875352477273,657808.2652217502
94721,ANL_036,6,7,12,Analog-only,ANL_023,0.9999999999958296,8.036884053879414,114213.76666649112,114968.96680649437,51.5613127566778,69.53929073104287,-28.541153207139512,-114213.76666649112
94721,ANL_036,6,7,12,Analog + Bass (Static),ANL_023,0.9999999999958296,46.334932586608346,658474.9939748086,686394.0451714183,308.5799244279661,117.02548026084447,-1051.9632217053836,658474.9939748086
94721,ANL_036,6,7,12,Analog + Bass (Adaptive),ANL_023,0.9999999999958296,46.334932586608346,658474.9939748086,686394.0451714183,308.5799244279661,117.02548026084447,-1051.9632217053836,658474.9939748086
94721,ANL_036,9,10,15,Naive,ANL_023,0.9999999999958296,3.132129191987396,46386.833333333336,47370.88371387358,18.603475082878067,20.575508965838406,-23.321962567396646,-46386.833333333336
94721,ANL_036,9,10,15,Bass-only,ANL_023,0.9999999999958296,49.30770193829367,730247.0657061292,762972.0340963502,298.3654320669098,116.40174203058477,-6308.470029208209,730247.0657061292
94721,ANL_036,9,10,15,Analog-only,ANL_023,0.9999999999958296,9.502910195801785,140738.09999982445,140786.31298440899,56.88788138889517,79.59643646077095,-213.83078399067693,-140738.09999982445
94721,ANL_036,9,10,15,Analog + Bass (Static),ANL_023,0.9999999999958296,49.49357952724633,732999.9127985182,765779.7993320113,299.48673434509965,116.58544761510808,-6354.993641284758,732999.9127985182
94721,ANL_036,9,10,15,Analog + Bass (Adaptive),ANL_023,0.9999999999958296,49.49357952724633,732999.9127985182,765779.7993320113,299.48673434509965,116.58544761510808,-6354.993641284758,732999.9127985182
94721,ANL_036,12,13,18,Naive,ANL_023,0.9999999999958296,2.126777155682868,31183.0,38485.348168707875,10.729349081675606,11.650753768283991,-1.911339081638049,-31183.0
94721,ANL_036,12,13,18,Bass-only,ANL_023,0.9999999999958296,46.387491478680545,680137.617105094,721344.0525139712,255.41322714569117,107.08392020676416,-1021.7909141471906,680137.617105094
94721,ANL_036,12,13,18,Analog-only,ANL_023,0.9999999999958296,11.481122829631158,168337.2666664911,168982.69850717686,61.1384949503073,88.10646366647119,-55.12888730343151,-168337.2666664911
94721,ANL_036,12,13,18,Analog + Bass (Static),ANL_023,0.9999999999958296,46.59361152647631,683159.7679840617,724424.7504704553,256.53736994836794,107.30528228637853,-1030.545788554971,683159.7679840617
94721,ANL_036,12,13,18,Analog + Bass (Adaptive),ANL_023,0.9999999999958296,46.59361152647631,683159.7679840617,724424.7504704553,256.53736994836794,107.30528228637853,-1030.545788554971,683159.7679840617
94721,ANL_036,18,19,24,Naive,ANL_023,0.9999999999958296,2.364039725168886,36168.0,40079.754369673145,10.31005467248929,10.990864947915517,-4.385815461009942,-36168.0
94721,ANL_036,18,19,24,Bass-only,ANL_023,0.9999999999958296,23.67537965363814,362215.20399857545,408550.8240310579,108.56123438417671,65.27102145521616,-558.6204131079236,362215.20399857545
94721,ANL_036,18,19,24,Analog-only,ANL_023,0.9999999999958296,15.437782485592699,236186.26666649108,236326.27103521567,68.88193932586933,105.1108712086988,-186.2515282360821,-236186.26666649108
94721,ANL_036,18,19,24,Analog + Bass (Static),ANL_023,0.9999999999958296,24.264579141318443,371229.50559576997,417565.5326152387,111.22635680687321,66.3817627032795,-583.5890181220609,371229.50559576997
94721,ANL_036,18,19,24,Analog + Bass (Adaptive),ANL_023,0.9999999999958296,24.264579141318443,371229.50559576997,417565.5326152387,111.22635680687321,66.3817627032795,-583.5890181220609,371229.50559576997
